variable,nasa_precipitation_mm_day,nasa_temperature_c,nasa_temperature_max_c,nasa_temperature_min_c,nasa_relative_humidity_pct,nasa_wind_speed_ms,nasa_surface_solar_radiation_mj_m2_day
nasa_precipitation_mm_day,1.0,-0.5705858072057333,-0.5561704690370411,-0.18021912170403087,0.6460043428001427,0.04196537737151243,-0.40063137992571857
nasa_temperature_c,-0.5705858072057333,1.0,0.9577814319268193,0.646347140616655,-0.9309502790020093,-0.5364206312918186,0.348559963023417
nasa_temperature_max_c,-0.5561704690370411,0.9577814319268193,1.0,0.5133483044105897,-0.9439087409187797,-0.5338701232360777,0.21041915275891332
nasa_temperature_min_c,-0.18021912170403087,0.646347140616655,0.5133483044105897,1.0,-0.43530353736240524,-0.5895907743220747,0.22638359118682735
nasa_relative_humidity_pct,0.6460043428001427,-0.9309502790020093,-0.9439087409187797,-0.43530353736240524,1.0,0.45573444728168816,-0.30590817319536956
nasa_wind_speed_ms,0.04196537737151243,-0.5364206312918186,-0.5338701232360777,-0.5895907743220747,0.45573444728168816,1.0,0.06377889738910489
nasa_surface_solar_radiation_mj_m2_day,-0.40063137992571857,0.348559963023417,0.21041915275891332,0.22638359118682735,-0.30590817319536956,0.06377889738910489,1.0
