variable,count,mean,std,min,25%,50%,75%,max
weather_stress_index,53.0,0.7982386883946883,0.3556531896813111,0.2101775867261487,0.5557389215740742,0.7366166611467907,0.9953917136254499,1.804931499404628
weather_stress_z,53.0,4.0009924094982055e-16,1.0095695960312836,-1.6692908318499926,-0.6883683282754841,-0.17492244399954496,0.5596454799601777,2.8576334587343313
core_market_transmission_shock,52.0,0.058722664153468156,0.061955227652940224,0.0015238998496467397,0.021292517895611617,0.03252380298801856,0.07233205405254044,0.25394133617534387
market_transmission_shock_z,53.0,-4.3989968900242054e-17,1.0095695960312836,-0.9399121720180413,-0.6078681040530575,-0.42371649179978044,0.2317094315226078,3.2028256524651395
colombia_cocoa_price_cop_kg_log_return_rolling_volatility,47.0,0.08133082844343323,0.057000452175646074,0.0245709214144598,0.03035005515698915,0.0401215234565281,0.141194946336513,0.1730581798954382
domestic_volatility_z,53.0,-4.3989968900242054e-17,1.0095695960312836,-1.221908250008495,-0.7555275076177805,-0.5584399278284767,1.0190200568294157,1.7100213931951014
world_cocoa_price_usd_mt_log_return_rolling_volatility,47.0,0.08450867144799183,0.060077447311533784,0.0190688418758361,0.0322527323950188,0.0401267324112621,0.14265505179252191,0.17918181326326
world_volatility_z,53.0,-7.96008961051999e-17,1.0095695960312836,-1.2078618577515323,-0.7499878013682603,-0.6209078336649803,0.9263024734347712,1.6800765844306613
farmer_exposure_index,53.0,0.7583193265133805,1.691084014849135,-1.7202335727581972,-0.6001566564438698,0.6383945613561758,1.8906600741103183,4.941254390183968
livelihood_risk_score,53.0,0.7583193265133806,2.429188313995751,-2.543727330812123,-1.4934843100932538,0.2725444179237251,2.8856243778430093,6.0835846605669355
