FECHA DE OCURRENCIA,ESTADO DEL EVENTO,FECHA DE CONCLUSION,TIPO DE EVENTO,CAUSA PROBABLE,CONOCIDO/ATENDIDO,AUTORIDAD AMBIENTAL,MUNICIPIO,AREA DE INCIDENCIA,BARRIO/VEREDA/CORREGIMIENTO,FAMILIAS AFECTADAS / DAMNIFICADAS,VIVIENDAS DESTRUIDAS,VIVIENDAS AVERIADAS,ACUEDUCTOS DESTRUIDOS,VIAS AFECTADAS,PUENTES OBSTRUIDOS/AFECTADOS,ESTABLECIMIENTOS EDUCATIVOS AFECTADOS,AFECTACION HECTAREAS,EPICENTRO SISMO,MAGNITUD RICHTER,LOCALIZACION LAT/LONG/PROFU,HERIDOS,DESAPARECIDOS,FALLECIDOS,FECHA DE REPORTE,ALERTAS,ALBERGUES,OBSERVACIONES,source_file,event_id,occurrence_date,event_status_es,conclusion_date,event_type_es,probable_cause_es,known_or_handled_by_es,environmental_authority_es,municipality_es,impact_area_es,locality_es,affected_families,destroyed_houses,damaged_houses,destroyed_aqueducts,affected_roads,affected_bridges,affected_educational_establishments,affected_hectares,earthquake_epicenter_es,richter_magnitude,earthquake_location_depth_es,injuries,missing_persons,deaths,report_date,alerts_es,shelters_es,observations_es,month,human_impact_total,housing_impact_total,infrastructure_impact_total,impact_recorded_flag,event_status_en,event_type_en,probable_cause_en,known_or_handled_by_en,environmental_authority_en,municipality_en,impact_area_en,locality_en,alerts_en,shelters_en,earthquake_detected,earthquake_detection_sources,hazard_domain_key,hazard_domain_en,impact_profile_en
2021 Oct 04 12:00:00 AM,ATENDIDO,2021-10-04T00:00:00.000,GRANIZADA,FUERTES LLUVIAS,CMGRD DE SUCRE,CAS,SUCRE,URBANO,TODO EL CASCO URBANO,4,0.0,4.0,0,0.0,0.0,0.0,0.0,,,,0.0,0.0,0.0,2021-10-04T00:00:00.000,,,"El CMGRD reporta fuertes tormentas acompañadas de granizo, se realizan los EDAN ya que esto causó afectaciones en cultivos y algunas estructuras municipales",REPORTE_DE_EVENTOS_POR_DESASTRES_NATURALES_Y_ANTRÓPICOS_(Histórico)_20260415.csv,EVT00342,2021-10-04,ATENDIDO,2021-10-04,GRANIZADA,FUERTES LLUVIAS,CMGRD DE SUCRE,CAS,SUCRE,URBANO,TODO EL CASCO URBANO,4.0,0.0,4.0,0,0.0,0.0,0.0,0.0,,,,0.0,0.0,0.0,2021-10-04,,,"El CMGRD reporta fuertes tormentas acompañadas de granizo, se realizan los EDAN ya que esto causó afectaciones en cultivos y algunas estructuras municipales",2021-10-01,0.0,4.0,0.0,True,Responded to,Hailstorm,Heavy rainfall,Municipal Disaster Risk Management Council of Sucre,CAS Environmental Authority,Sucre,Urban,Todo the Casco Urbano,Not reported,Not reported,False,,hydrometeorological,Hydrometeorological,Housing damage recorded
2021 Aug 01 12:00:00 AM,ATENDIDO,2021-08-01T00:00:00.000,TORMENTAS ELECTRICAS,FUERTES LLUVIAS,CMGRD LEBRIJA,CAS,LEBRIJA,URBANO,TODA LA JURISDICCION,4,0.0,4.0,0,0.0,0.0,0.0,0.0,,,,0.0,0.0,0.0,2021-08-01T00:00:00.000,,,"El comandante de bomberos reporta cierre de vías por caída de árboles a causa de las tormentas eléctricas, se reportan algunas viviendas afectadas, se adelantan los EDAN",REPORTE_DE_EVENTOS_POR_DESASTRES_NATURALES_Y_ANTRÓPICOS_(Histórico)_20260415.csv,EVT00377,2021-08-01,ATENDIDO,2021-08-01,TORMENTAS ELECTRICAS,FUERTES LLUVIAS,CMGRD LEBRIJA,CAS,LEBRIJA,URBANO,TODA LA JURISDICCION,4.0,0.0,4.0,0,0.0,0.0,0.0,0.0,,,,0.0,0.0,0.0,2021-08-01,,,"El comandante de bomberos reporta cierre de vías por caída de árboles a causa de las tormentas eléctricas, se reportan algunas viviendas afectadas, se adelantan los EDAN",2021-08-01,0.0,4.0,0.0,True,Responded to,Thunderstorms,Heavy rainfall,Municipal Disaster Risk Management Council Lebrija,CAS Environmental Authority,Lebrija,Urban,Entire jurisdiction,Not reported,Not reported,False,,hydrometeorological,Hydrometeorological,Housing damage recorded
2021 Aug 05 12:00:00 AM,ATENDIDO,2021-08-05T00:00:00.000,GRANIZADA,FUERTES LLUVIAS,CMGRD OIBA,CAS,OIBA,URBANO Y RURAL,TODA LA JURISDICCION,1,0.0,1.0,0,1.0,0.0,0.0,0.0,,,,0.0,0.0,0.0,2021-08-05T00:00:00.000,,,"El CMGR durante las últimas horas se presentaron fuertes lluvias y granizada en el municipio de Oiba causando pérdidas de cultivos, algunas de algunas viviendas inundadas, se adelantan los EDAN",REPORTE_DE_EVENTOS_POR_DESASTRES_NATURALES_Y_ANTRÓPICOS_(Histórico)_20260415.csv,EVT00378,2021-08-05,ATENDIDO,2021-08-05,GRANIZADA,FUERTES LLUVIAS,CMGRD OIBA,CAS,OIBA,URBANO Y RURAL,TODA LA JURISDICCION,1.0,0.0,1.0,0,1.0,0.0,0.0,0.0,,,,0.0,0.0,0.0,2021-08-05,,,"El CMGR durante las últimas horas se presentaron fuertes lluvias y granizada en el municipio de Oiba causando pérdidas de cultivos, algunas de algunas viviendas inundadas, se adelantan los EDAN",2021-08-01,0.0,1.0,1.0,True,Responded to,Hailstorm,Heavy rainfall,Municipal Disaster Risk Management Council Oiba,CAS Environmental Authority,Oiba,Urban and rural,Entire jurisdiction,Not reported,Not reported,False,,hydrometeorological,Hydrometeorological,Housing damage recorded
2021 Aug 05 12:00:00 AM,ATENDIDO,2021-08-05T00:00:00.000,TORMENTAS ELECTRICAS,FUERTES LLUVIAS,CMGRD EL SOCORRO,CAS,EL SOCORRO,URBANO,EL SOCORRO CENTRO,4,0.0,4.0,0,0.0,0.0,0.0,0.0,,,,0.0,0.0,0.0,2021-08-05T00:00:00.000,,,"El CMGRD informa fuertes lluvias y colapso del alcantarillado causando afectaciones en algunas viviendas, atienden organismos de socorro y se realizan los EDAN",REPORTE_DE_EVENTOS_POR_DESASTRES_NATURALES_Y_ANTRÓPICOS_(Histórico)_20260415.csv,EVT00379,2021-08-05,ATENDIDO,2021-08-05,TORMENTAS ELECTRICAS,FUERTES LLUVIAS,CMGRD EL SOCORRO,CAS,EL SOCORRO,URBANO,EL SOCORRO CENTRO,4.0,0.0,4.0,0,0.0,0.0,0.0,0.0,,,,0.0,0.0,0.0,2021-08-05,,,"El CMGRD informa fuertes lluvias y colapso del alcantarillado causando afectaciones en algunas viviendas, atienden organismos de socorro y se realizan los EDAN",2021-08-01,0.0,4.0,0.0,True,Responded to,Thunderstorms,Heavy rainfall,Municipal Disaster Risk Management Council the Socorro,CAS Environmental Authority,El Socorro,Urban,The Socorro Centro,Not reported,Not reported,False,,hydrometeorological,Hydrometeorological,Housing damage recorded
2021 Aug 11 12:00:00 AM,ATENDIDO,2021-08-11T00:00:00.000,DESLIZAMIENTOS,DESLIZAMIENTOS,BOMBEROS OFICIALES DE BUCARAMANGA,CDMB,BUCARAMANGA,URBANO,BARRIO ESTORAQUES,15,0.0,10.0,0,0.0,0.0,0.0,0.0,,,,0.0,0.0,0.0,2021-08-11T00:00:00.000,,,"La Directora de bomberos reporta deslizamientos en el barrio Estoraques, causa afectación a 10 viviendas de un asentamiento humano, atiende el CMGRD",REPORTE_DE_EVENTOS_POR_DESASTRES_NATURALES_Y_ANTRÓPICOS_(Histórico)_20260415.csv,EVT00380,2021-08-11,ATENDIDO,2021-08-11,DESLIZAMIENTOS,DESLIZAMIENTOS,BOMBEROS OFICIALES DE BUCARAMANGA,CDMB,BUCARAMANGA,URBANO,BARRIO ESTORAQUES,15.0,0.0,10.0,0,0.0,0.0,0.0,0.0,,,,0.0,0.0,0.0,2021-08-11,,,"La Directora de bomberos reporta deslizamientos en el barrio Estoraques, causa afectación a 10 viviendas de un asentamiento humano, atiende el CMGRD",2021-08-01,0.0,10.0,0.0,True,Responded to,Landslides,Landslides,Fire Department Oficiales of Bucaramanga,CDMB Environmental Authority,Bucaramanga,Urban,Neighborhood Estoraques,Not reported,Not reported,False,,geophysical,Geophysical,Housing damage recorded
2021 Aug 14 12:00:00 AM,ATENDIDO,2021-08-14T00:00:00.000,INUNDACIONES,FUERTES LLUVIAS,CMGRD SAN GIL,CAS,SAN GIL,URBANO,CALLE 8 Y SECTOR PASEO DEL MANGO,4,0.0,4.0,0,0.0,0.0,0.0,0.0,,,,0.0,0.0,0.0,2021-08-14T00:00:00.000,,,"el CMGRD informa: Fuertes lluvias causaron colapso del alcantarillado e inundaciones menores en la calle 8 Y en el sector Paseo del Mango por aumento del caudal de la quebrada Las Animas, atendido por bomberos y defensa civil 4 viviendas afectadas",REPORTE_DE_EVENTOS_POR_DESASTRES_NATURALES_Y_ANTRÓPICOS_(Histórico)_20260415.csv,EVT00381,2021-08-14,ATENDIDO,2021-08-14,INUNDACIONES,FUERTES LLUVIAS,CMGRD SAN GIL,CAS,SAN GIL,URBANO,CALLE 8 Y SECTOR PASEO DEL MANGO,4.0,0.0,4.0,0,0.0,0.0,0.0,0.0,,,,0.0,0.0,0.0,2021-08-14,,,"el CMGRD informa: Fuertes lluvias causaron colapso del alcantarillado e inundaciones menores en la calle 8 Y en el sector Paseo del Mango por aumento del caudal de la quebrada Las Animas, atendido por bomberos y defensa civil 4 viviendas afectadas",2021-08-01,0.0,4.0,0.0,True,Responded to,Floods,Heavy rainfall,Municipal Disaster Risk Management Council San Gil,CAS Environmental Authority,San Gil,Urban,Calle 8 and Sector Paseo of the Mango,Not reported,Not reported,False,,hydrometeorological,Hydrometeorological,Housing damage recorded
2021 Aug 14 12:00:00 AM,ATENDIDO,2021-08-14T00:00:00.000,CRECIENTE SUBITA,FUERTES LLUVIAS,CMGRD CEPITA,CAS,CEPITA,URBANO,QUEBRADA PERCHIQUEZ,0,0.0,0.0,0,0.0,0.0,0.0,0.0,,,,0.0,0.0,0.0,2021-08-14T00:00:00.000,,,"LA CMGRD informa. Creciente súbita de la quebrada Perchiquez, se activa el plan de contingencias, monitoreo y alistamiento  de la policía nacional y la defensa civil",REPORTE_DE_EVENTOS_POR_DESASTRES_NATURALES_Y_ANTRÓPICOS_(Histórico)_20260415.csv,EVT00382,2021-08-14,ATENDIDO,2021-08-14,CRECIENTE SUBITA,FUERTES LLUVIAS,CMGRD CEPITA,CAS,CEPITA,URBANO,QUEBRADA PERCHIQUEZ,0.0,0.0,0.0,0,0.0,0.0,0.0,0.0,,,,0.0,0.0,0.0,2021-08-14,,,"LA CMGRD informa. Creciente súbita de la quebrada Perchiquez, se activa el plan de contingencias, monitoreo y alistamiento de la policía nacional y la defensa civil",2021-08-01,0.0,0.0,0.0,False,Responded to,Flash flood,Heavy rainfall,Municipal Disaster Risk Management Council Cepita,CAS Environmental Authority,Cepita,Urban,Quebrada Perchiquez,Not reported,Not reported,False,,hydrometeorological,Hydrometeorological,No quantified impact recorded
2021 Aug 14 12:00:00 AM,ATENDIDO,2021-08-14T00:00:00.000,CIERRE DE VIA,DESLIZAMIENTOS,CMGRD SANTA BARBARA,CAS,SANTA BARBARA,RURAL,VIA NACIONAL LOS CUROS - MALAGA,0,0.0,0.0,0,1.0,0.0,0.0,0.0,,,,0.0,0.0,0.0,2021-08-14T00:00:00.000,,,"el CMGRD reporta: Cierre de la vía Los Curos – Málaga entre los km 71 al 110 sector la Seba y sector la Judía, total 8 Deslizamientos, el INVIAS trabaja en dos frentes para rehabilitar la transitabilidad",REPORTE_DE_EVENTOS_POR_DESASTRES_NATURALES_Y_ANTRÓPICOS_(Histórico)_20260415.csv,EVT00383,2021-08-14,ATENDIDO,2021-08-14,CIERRE DE VIA,DESLIZAMIENTOS,CMGRD SANTA BARBARA,CAS,SANTA BARBARA,RURAL,VIA NACIONAL LOS CUROS - MALAGA,0.0,0.0,0.0,0,1.0,0.0,0.0,0.0,,,,0.0,0.0,0.0,2021-08-14,,,"el CMGRD reporta: Cierre de la vía Los Curos – Málaga entre los km 71 al 110 sector la Seba y sector la Judía, total 8 Deslizamientos, el INVIAS trabaja en dos frentes para rehabilitar la transitabilidad",2021-08-01,0.0,0.0,1.0,True,Responded to,Road closure,Landslides,Municipal Disaster Risk Management Council Santa Barbara,CAS Environmental Authority,Santa Barbara,Rural,Road Nacional Los Curos - Malaga,Not reported,Not reported,False,,infrastructure_service,Infrastructure and service disruption,Infrastructure damage recorded
2021 Aug 14 12:00:00 AM,ATENDIDO,2021-08-14T00:00:00.000,DESLIZAMIENTOS,FUERTES LLUVIAS,BOMBEROS DE FLORIDABLANCA,CDMB,FLORIDABLANCA,URBANO,BARRIO ALARES,2,0.0,2.0,0,1.0,0.0,0.0,0.0,,,,0.0,0.0,0.0,2021-08-14T00:00:00.000,,,"Caída de un muro en vivienda del barrio Alares, caída de rocas en el barrio Bellavista, caída de árboles en la vía al corregimiento Acapulco, atención oportuna del cuerpo de Bomberos Voluntarios",REPORTE_DE_EVENTOS_POR_DESASTRES_NATURALES_Y_ANTRÓPICOS_(Histórico)_20260415.csv,EVT00384,2021-08-14,ATENDIDO,2021-08-14,DESLIZAMIENTOS,FUERTES LLUVIAS,BOMBEROS DE FLORIDABLANCA,CDMB,FLORIDABLANCA,URBANO,BARRIO ALARES,2.0,0.0,2.0,0,1.0,0.0,0.0,0.0,,,,0.0,0.0,0.0,2021-08-14,,,"Caída de un muro en vivienda del barrio Alares, caída de rocas en el barrio Bellavista, caída de árboles en la vía al corregimiento Acapulco, atención oportuna del cuerpo de Bomberos Voluntarios",2021-08-01,0.0,2.0,1.0,True,Responded to,Landslides,Heavy rainfall,Fire Department of Floridablanca,CDMB Environmental Authority,Floridablanca,Urban,Neighborhood Alares,Not reported,Not reported,False,,geophysical,Geophysical,Housing damage recorded
2021 Aug 16 12:00:00 AM,ATENDIDO,2021-08-16T00:00:00.000,CIERRE DE VIA,DESLIZAMIENTOS,BOMBEROS DE COROMORO,CAS,COROMORO,RURAL,VIA HACIA CHARALA SECTOR EL INTRA,0,0.0,0.0,0,1.0,0.0,0.0,0.0,,,,0.0,0.0,0.0,2021-08-16T00:00:00.000,,,"El comandante de bomberos reporta deslizamientos de cobertura superior en la vía que comunica con el municipio de Charalá en el sector el Intra, el municipio se encuentra incomunicado",REPORTE_DE_EVENTOS_POR_DESASTRES_NATURALES_Y_ANTRÓPICOS_(Histórico)_20260415.csv,EVT00385,2021-08-16,ATENDIDO,2021-08-16,CIERRE DE VIA,DESLIZAMIENTOS,BOMBEROS DE COROMORO,CAS,COROMORO,RURAL,VIA HACIA CHARALA SECTOR EL INTRA,0.0,0.0,0.0,0,1.0,0.0,0.0,0.0,,,,0.0,0.0,0.0,2021-08-16,,,"El comandante de bomberos reporta deslizamientos de cobertura superior en la vía que comunica con el municipio de Charalá en el sector el Intra, el municipio se encuentra incomunicado",2021-08-01,0.0,0.0,1.0,True,Responded to,Road closure,Landslides,Fire Department of Coromoro,CAS Environmental Authority,Coromoro,Rural,Road Hacia Charala Sector the Intra,Not reported,Not reported,False,,infrastructure_service,Infrastructure and service disruption,Infrastructure damage recorded
2021 Aug 17 12:00:00 AM,ATENDIDO,2021-08-17T00:00:00.000,CIERRE DE VIA,DESLIZAMIENTOS,CMGRD DE FLORIDABLANCA,CDMB,FLORIDABLANCA,RURAL,VEREDA LA HORMIGA,0,0.0,0.0,0,1.0,0.0,0.0,0.0,,,,0.0,0.0,0.0,2021-08-17T00:00:00.000,,,"El CMGRD reporta cierre de la vía hacia el colegio ecológico  y la vereda la Hormiga por deslizamientos a causa de las lluvias de las últimas horas, se adelantan apoyos con maquinaria amarilla",REPORTE_DE_EVENTOS_POR_DESASTRES_NATURALES_Y_ANTRÓPICOS_(Histórico)_20260415.csv,EVT00386,2021-08-17,ATENDIDO,2021-08-17,CIERRE DE VIA,DESLIZAMIENTOS,CMGRD DE FLORIDABLANCA,CDMB,FLORIDABLANCA,RURAL,VEREDA LA HORMIGA,0.0,0.0,0.0,0,1.0,0.0,0.0,0.0,,,,0.0,0.0,0.0,2021-08-17,,,"El CMGRD reporta cierre de la vía hacia el colegio ecológico y la vereda la Hormiga por deslizamientos a causa de las lluvias de las últimas horas, se adelantan apoyos con maquinaria amarilla",2021-08-01,0.0,0.0,1.0,True,Responded to,Road closure,Landslides,Municipal Disaster Risk Management Council of Floridablanca,CDMB Environmental Authority,Floridablanca,Rural,Rural Hamlet the Hormiga,Not reported,Not reported,False,,infrastructure_service,Infrastructure and service disruption,Infrastructure damage recorded
2021 Aug 17 12:00:00 AM,ATENDIDO,2021-08-17T00:00:00.000,INUNDACIONES,FUERTES LLUVIAS,CMGRD PUERTO PARRA,CAS,PUERTO PARRA,RURAL,CORREGIMIENTOS CAMPO CAPOTE Y LAS MONTOYAS,50,0.0,50.0,0,0.0,0.0,0.0,0.0,,,,0.0,0.0,0.0,2021-08-17T00:00:00.000,,,"Corregimiento las Montoyas y Campo capote evento: inundaciones por las fuertes lluvias y colapso del alcantarillado, afectación:  un aproximado de 50 familias afectadas y damnificadas responsables: reporta que se realizan los EDAN para caracterizar el número total de damnificados",REPORTE_DE_EVENTOS_POR_DESASTRES_NATURALES_Y_ANTRÓPICOS_(Histórico)_20260415.csv,EVT00387,2021-08-17,ATENDIDO,2021-08-17,INUNDACIONES,FUERTES LLUVIAS,CMGRD PUERTO PARRA,CAS,PUERTO PARRA,RURAL,CORREGIMIENTOS CAMPO CAPOTE Y LAS MONTOYAS,50.0,0.0,50.0,0,0.0,0.0,0.0,0.0,,,,0.0,0.0,0.0,2021-08-17,,,"Corregimiento las Montoyas y Campo capote evento: inundaciones por las fuertes lluvias y colapso del alcantarillado, afectación: un aproximado de 50 familias afectadas y damnificadas responsables: reporta que se realizan los EDAN para caracterizar el número total de damnificados",2021-08-01,0.0,50.0,0.0,True,Responded to,Floods,Heavy rainfall,Municipal Disaster Risk Management Council Puerto Parra,CAS Environmental Authority,Puerto Parra,Rural,Corregimientos Campo Capote and Las Montoyas,Not reported,Not reported,False,,hydrometeorological,Hydrometeorological,Housing damage recorded
2021 Aug 18 12:00:00 AM,ATENDIDO,2021-08-18T00:00:00.000,CRECIENTE SUBITA,FUERTES LLUVIAS,DEFENSA CIVIL DE CIMITARRA,CAS,CIMITARRA,RURAL,VEREDA BOCAS DE LA CORCOVADA,6,0.0,6.0,0,0.0,1.0,0.0,0.0,,,,0.0,0.0,0.0,2021-08-18T00:00:00.000,,,"EL líder distinguido de la defensa civil reporta creciente de la quebrada la Corcovada en la vereda Bocas de la Corcovada, causa afectaciones a 6 familias y perdida de cultivos de yuca, plátano y pastizales, se reporta al CMGRD para la elaboración de los EDAN",REPORTE_DE_EVENTOS_POR_DESASTRES_NATURALES_Y_ANTRÓPICOS_(Histórico)_20260415.csv,EVT00388,2021-08-18,ATENDIDO,2021-08-18,CRECIENTE SUBITA,FUERTES LLUVIAS,DEFENSA CIVIL DE CIMITARRA,CAS,CIMITARRA,RURAL,VEREDA BOCAS DE LA CORCOVADA,6.0,0.0,6.0,0,0.0,1.0,0.0,0.0,,,,0.0,0.0,0.0,2021-08-18,,,"EL líder distinguido de la defensa civil reporta creciente de la quebrada la Corcovada en la vereda Bocas de la Corcovada, causa afectaciones a 6 familias y perdida de cultivos de yuca, plátano y pastizales, se reporta al CMGRD para la elaboración de los EDAN",2021-08-01,0.0,6.0,1.0,True,Responded to,Flash flood,Heavy rainfall,Civil Defense of Cimitarra,CAS Environmental Authority,Cimitarra,Rural,Rural Hamlet Bocas of the Corcovada,Not reported,Not reported,False,,hydrometeorological,Hydrometeorological,Housing damage recorded
2021 Aug 21 12:00:00 AM,ATENDIDO,2021-08-21T00:00:00.000,CRECIENTE SUBITA,FUERTES LLUVIAS,CMGRD DE MOGOTES,CAS,MOGOTES,RURAL,CRECIENTE DEL RIO MOGOTICOS,0,0.0,0.0,0,1.0,0.0,0.0,,,,,0.0,0.0,0.0,2021-08-21T00:00:00.000,,,"EL CMGRD informa creciente súbita del rio Mogoticos, el cual se desbordó en al algunas zonas inundables afecta pastizales, los organismos de socorro retiran ramas y arboles caídos en la vía principal",REPORTE_DE_EVENTOS_POR_DESASTRES_NATURALES_Y_ANTRÓPICOS_(Histórico)_20260415.csv,EVT00389,2021-08-21,ATENDIDO,2021-08-21,CRECIENTE SUBITA,FUERTES LLUVIAS,CMGRD DE MOGOTES,CAS,MOGOTES,RURAL,CRECIENTE DEL RIO MOGOTICOS,0.0,0.0,0.0,0,1.0,0.0,0.0,,,,,0.0,0.0,0.0,2021-08-21,,,"EL CMGRD informa creciente súbita del rio Mogoticos, el cual se desbordó en al algunas zonas inundables afecta pastizales, los organismos de socorro retiran ramas y arboles caídos en la vía principal",2021-08-01,0.0,0.0,1.0,True,Responded to,Flash flood,Heavy rainfall,Municipal Disaster Risk Management Council of Mogotes,CAS Environmental Authority,Mogotes,Rural,Creciente of the Rio Mogoticos,Not reported,Not reported,False,,hydrometeorological,Hydrometeorological,Infrastructure damage recorded
2021 Aug 21 12:00:00 AM,ATENDIDO,2021-08-21T00:00:00.000,GRANIZADA,FUERTES LLUVIAS,BOMBEROS DE ARATOCA,CAS,ARATOCA,URBANO,AREA URBANA Y RURAL,2,0.0,2.0,0,0.0,0.0,0.0,0.0,,,,0.0,0.0,0.0,2021-08-21T00:00:00.000,,,"El comandante de bomberos reporta afectaciones en algunos cultivos, una vivienda afectada por caída de árbol, se realizan los EDAN",REPORTE_DE_EVENTOS_POR_DESASTRES_NATURALES_Y_ANTRÓPICOS_(Histórico)_20260415.csv,EVT00390,2021-08-21,ATENDIDO,2021-08-21,GRANIZADA,FUERTES LLUVIAS,BOMBEROS DE ARATOCA,CAS,ARATOCA,URBANO,AREA URBANA Y RURAL,2.0,0.0,2.0,0,0.0,0.0,0.0,0.0,,,,0.0,0.0,0.0,2021-08-21,,,"El comandante de bomberos reporta afectaciones en algunos cultivos, una vivienda afectada por caída de árbol, se realizan los EDAN",2021-08-01,0.0,2.0,0.0,True,Responded to,Hailstorm,Heavy rainfall,Fire Department of Aratoca,CAS Environmental Authority,Aratoca,Urban,Area Urbana and Rural,Not reported,Not reported,False,,hydrometeorological,Hydrometeorological,Housing damage recorded
2021 Aug 23 12:00:00 AM,ATENDIDO,2021-08-23T00:00:00.000,AVENIDA TORRENCIAL,FUERTES LLUVIAS,CMGRD SAN VICENTE,CAS,SAN VICENTE,RURAL,QUEBRADA LA PARAMERA,0,0.0,0.0,1,1.0,0.0,0.0,0.0,,,,0.0,0.0,0.0,2021-08-23T00:00:00.000,,,"El CMGRD reporta avenida torrencial de la quebrada la Paramera, el desbordamiento en la vereda la Pradera causa afectaciones al acueducto de 11 veredas y daños en la via",REPORTE_DE_EVENTOS_POR_DESASTRES_NATURALES_Y_ANTRÓPICOS_(Histórico)_20260415.csv,EVT00391,2021-08-23,ATENDIDO,2021-08-23,AVENIDA TORRENCIAL,FUERTES LLUVIAS,CMGRD SAN VICENTE,CAS,SAN VICENTE,RURAL,QUEBRADA LA PARAMERA,0.0,0.0,0.0,1,1.0,0.0,0.0,0.0,,,,0.0,0.0,0.0,2021-08-23,,,"El CMGRD reporta avenida torrencial de la quebrada la Paramera, el desbordamiento en la vereda la Pradera causa afectaciones al acueducto de 11 veredas y daños en la via",2021-08-01,0.0,0.0,2.0,True,Responded to,Torrential flash flood,Heavy rainfall,Municipal Disaster Risk Management Council San Vicente,CAS Environmental Authority,San Vicente,Rural,Quebrada the Paramera,Not reported,Not reported,False,,hydrometeorological,Hydrometeorological,Infrastructure damage recorded
2021 Aug 23 12:00:00 AM,ATENDIDO,2021-08-23T00:00:00.000,DESLIZAMIENTOS,FUERTES LLUVIAS,CMGRD BARRANCABERMEJA,CAS,BARRANCABERMEJA,URBANO,BARRIO VILLANUEVA,3,0.0,3.0,0,0.0,0.0,0.0,0.0,,,,0.0,0.0,0.0,2021-08-23T00:00:00.000,,,"El CMGRD reporta fuertes lluvias durante la noche del 22-08-2021 causa deslizamientos y caída de muros en el barrio Villanueva, tres viviendas afectadas, caso atendido por Bomberos, se mantiene monitoreada la zona",REPORTE_DE_EVENTOS_POR_DESASTRES_NATURALES_Y_ANTRÓPICOS_(Histórico)_20260415.csv,EVT00392,2021-08-23,ATENDIDO,2021-08-23,DESLIZAMIENTOS,FUERTES LLUVIAS,CMGRD BARRANCABERMEJA,CAS,BARRANCABERMEJA,URBANO,BARRIO VILLANUEVA,3.0,0.0,3.0,0,0.0,0.0,0.0,0.0,,,,0.0,0.0,0.0,2021-08-23,,,"El CMGRD reporta fuertes lluvias durante la noche del 22-08-2021 causa deslizamientos y caída de muros en el barrio Villanueva, tres viviendas afectadas, caso atendido por Bomberos, se mantiene monitoreada la zona",2021-08-01,0.0,3.0,0.0,True,Responded to,Landslides,Heavy rainfall,Municipal Disaster Risk Management Council Barrancabermeja,CAS Environmental Authority,Barrancabermeja,Urban,Neighborhood Villanueva,Not reported,Not reported,False,,geophysical,Geophysical,Housing damage recorded
2021 Aug 30 12:00:00 AM,ATENDIDO,2021-08-30T00:00:00.000,CRECIENTE SUBITA,FUERTES LLUVIAS,CMGRD PIEDECUESTA,CAS,PIEDECUESTA,RURAL,VIA NACIONAL A BOGOTA,0,0.0,0.0,0,4.0,0.0,0.0,0.0,,,,0.0,0.0,0.0,2021-08-30T00:00:00.000,,,"El CMGRD reporta creciente súbita de los ríos UMPALA Y MANCO, causa desbordamiento en el km 64 + 800 sector balnearios La Vega y las Maravillas, se realiza cierre preventivo en el Peaje Pescadero por una hora, atendido por policía de carreteras y concesionaria vial, se presentan afectaciones en vías rurales, se realizan las visitas técnicas y EDAN",REPORTE_DE_EVENTOS_POR_DESASTRES_NATURALES_Y_ANTRÓPICOS_(Histórico)_20260415.csv,EVT00393,2021-08-30,ATENDIDO,2021-08-30,CRECIENTE SUBITA,FUERTES LLUVIAS,CMGRD PIEDECUESTA,CAS,PIEDECUESTA,RURAL,VIA NACIONAL A BOGOTA,0.0,0.0,0.0,0,4.0,0.0,0.0,0.0,,,,0.0,0.0,0.0,2021-08-30,,,"El CMGRD reporta creciente súbita de los ríos UMPALA Y MANCO, causa desbordamiento en el km 64 + 800 sector balnearios La Vega y las Maravillas, se realiza cierre preventivo en el Peaje Pescadero por una hora, atendido por policía de carreteras y concesionaria vial, se presentan afectaciones en vías rurales, se realizan las visitas técnicas y EDAN",2021-08-01,0.0,0.0,4.0,True,Responded to,Flash flood,Heavy rainfall,Municipal Disaster Risk Management Council Piedecuesta,CAS Environmental Authority,Piedecuesta,Rural,Road Nacional A Bogota,Not reported,Not reported,False,,hydrometeorological,Hydrometeorological,Infrastructure damage recorded
2021 Aug 30 12:00:00 AM,ATENDIDO,2021-08-30T00:00:00.000,CIERRE DE VIA,DESLIZAMIENTOS,CMGRD SANTA BARBARA,CAS,SANTA BARBARA,RURAL,VIA NACIONAL LOS CUROS - MALAGA,10,0.0,10.0,5,5.0,0.0,1.0,0.0,,,,0.0,0.0,0.0,2021-08-30T00:00:00.000,,,Policía de Santa Barbara informa que se presentaron deslizamientos en la vía Los Curos – Malaga entre los km 108 y 121 atendido por maquinaria amailla de los contratistas del INVIAS,REPORTE_DE_EVENTOS_POR_DESASTRES_NATURALES_Y_ANTRÓPICOS_(Histórico)_20260415.csv,EVT00394,2021-08-30,ATENDIDO,2021-08-30,CIERRE DE VIA,DESLIZAMIENTOS,CMGRD SANTA BARBARA,CAS,SANTA BARBARA,RURAL,VIA NACIONAL LOS CUROS - MALAGA,10.0,0.0,10.0,5,5.0,0.0,1.0,0.0,,,,0.0,0.0,0.0,2021-08-30,,,Policía de Santa Barbara informa que se presentaron deslizamientos en la vía Los Curos – Malaga entre los km 108 y 121 atendido por maquinaria amailla de los contratistas del INVIAS,2021-08-01,0.0,10.0,11.0,True,Responded to,Road closure,Landslides,Municipal Disaster Risk Management Council Santa Barbara,CAS Environmental Authority,Santa Barbara,Rural,Road Nacional Los Curos - Malaga,Not reported,Not reported,False,,infrastructure_service,Infrastructure and service disruption,Housing damage recorded
2021 Aug 30 12:00:00 AM,ATENDIDO,2021-08-30T00:00:00.000,CIERRE DE VIA,DESLIZAMIENTOS,CMGRD MATANZA,CDMB,MATANZA,RURAL,SECTOR EL PUENTE,0,0.0,0.0,0,1.0,0.0,0.0,0.0,,,,0.0,0.0,0.0,2021-08-30T00:00:00.000,,,"El CMGRD informa del cierre de la vía hacia la provincia de Soto Norte en el sector el Tanque, causado por deslizamientos, atiende maquinaria del municipio",REPORTE_DE_EVENTOS_POR_DESASTRES_NATURALES_Y_ANTRÓPICOS_(Histórico)_20260415.csv,EVT00395,2021-08-30,ATENDIDO,2021-08-30,CIERRE DE VIA,DESLIZAMIENTOS,CMGRD MATANZA,CDMB,MATANZA,RURAL,SECTOR EL PUENTE,0.0,0.0,0.0,0,1.0,0.0,0.0,0.0,,,,0.0,0.0,0.0,2021-08-30,,,"El CMGRD informa del cierre de la vía hacia la provincia de Soto Norte en el sector el Tanque, causado por deslizamientos, atiende maquinaria del municipio",2021-08-01,0.0,0.0,1.0,True,Responded to,Road closure,Landslides,Municipal Disaster Risk Management Council Matanza,CDMB Environmental Authority,Matanza,Rural,Sector the Puente,Not reported,Not reported,False,,infrastructure_service,Infrastructure and service disruption,Infrastructure damage recorded
2021 Aug 30 12:00:00 AM,ATENDIDO,2021-08-30T00:00:00.000,CRECIENTE SUBITA,FUERTES LLUVIAS,BOMBEROS DE BARICHARA,CAS,BARICHARA,RURAL,QUEBRADA BARICHARA,0,0.0,0.0,0,1.0,0.0,0.0,0.0,,,,0.0,0.0,0.0,2021-08-30T00:00:00.000,,,"El comandante de bomberos informa a cerca de la creciente súbita de la quebrada Barichara en el sector Puente Grande, causa afectación a un motociclista que fue rescatado por sus unidades",REPORTE_DE_EVENTOS_POR_DESASTRES_NATURALES_Y_ANTRÓPICOS_(Histórico)_20260415.csv,EVT00396,2021-08-30,ATENDIDO,2021-08-30,CRECIENTE SUBITA,FUERTES LLUVIAS,BOMBEROS DE BARICHARA,CAS,BARICHARA,RURAL,QUEBRADA BARICHARA,0.0,0.0,0.0,0,1.0,0.0,0.0,0.0,,,,0.0,0.0,0.0,2021-08-30,,,"El comandante de bomberos informa a cerca de la creciente súbita de la quebrada Barichara en el sector Puente Grande, causa afectación a un motociclista que fue rescatado por sus unidades",2021-08-01,0.0,0.0,1.0,True,Responded to,Flash flood,Heavy rainfall,Fire Department of Barichara,CAS Environmental Authority,Barichara,Rural,Quebrada Barichara,Not reported,Not reported,False,,hydrometeorological,Hydrometeorological,Infrastructure damage recorded
2021 Aug 31 12:00:00 AM,ATENDIDO,2021-08-31T00:00:00.000,INUNDACIONES,FUERTES LLUVIAS,CMGRD PUERTO PARRA,CAS,PUERTO PARRA,URBANO,CENTRO,50,0.0,50.0,0,0.0,0.0,0.0,0.0,,,,0.0,0.0,0.0,2021-08-31T00:00:00.000,,,"El CMGRD reporta colapso del alcantarillado en el casco urbano a causa de las fuertes lluvias, en el sector frente e la biblioteca municipal, algunas viviendas presentan inundaciones menores, atendido por la policía nacional y el CMGRD",REPORTE_DE_EVENTOS_POR_DESASTRES_NATURALES_Y_ANTRÓPICOS_(Histórico)_20260415.csv,EVT00397,2021-08-31,ATENDIDO,2021-08-31,INUNDACIONES,FUERTES LLUVIAS,CMGRD PUERTO PARRA,CAS,PUERTO PARRA,URBANO,CENTRO,50.0,0.0,50.0,0,0.0,0.0,0.0,0.0,,,,0.0,0.0,0.0,2021-08-31,,,"El CMGRD reporta colapso del alcantarillado en el casco urbano a causa de las fuertes lluvias, en el sector frente e la biblioteca municipal, algunas viviendas presentan inundaciones menores, atendido por la policía nacional y el CMGRD",2021-08-01,0.0,50.0,0.0,True,Responded to,Floods,Heavy rainfall,Municipal Disaster Risk Management Council Puerto Parra,CAS Environmental Authority,Puerto Parra,Urban,Centro,Not reported,Not reported,False,,hydrometeorological,Hydrometeorological,Housing damage recorded
2021 Aug 31 12:00:00 AM,ATENDIDO,2021-08-31T00:00:00.000,TORMENTAS ELECTRICAS,FUERTES LLUVIAS,CMGRD BARRANCABERMEJA,CAS,BARRANCABERMEJA,URB,BARRIO ALTOS DEL CAMPESTRE,15,0.0,15.0,0,0.0,0.0,0.0,0.0,,,,0.0,0.0,0.0,2021-08-31T00:00:00.000,,,"EL CMGRD reporta tormentas eléctricas que causan caída de árboles y ramas, dos viviendas afectadas por caída de un árbol en el barrio Altos del Campestre, atendido por bomberos.",REPORTE_DE_EVENTOS_POR_DESASTRES_NATURALES_Y_ANTRÓPICOS_(Histórico)_20260415.csv,EVT00398,2021-08-31,ATENDIDO,2021-08-31,TORMENTAS ELECTRICAS,FUERTES LLUVIAS,CMGRD BARRANCABERMEJA,CAS,BARRANCABERMEJA,URB,BARRIO ALTOS DEL CAMPESTRE,15.0,0.0,15.0,0,0.0,0.0,0.0,0.0,,,,0.0,0.0,0.0,2021-08-31,,,"EL CMGRD reporta tormentas eléctricas que causan caída de árboles y ramas, dos viviendas afectadas por caída de un árbol en el barrio Altos del Campestre, atendido por bomberos.",2021-08-01,0.0,15.0,0.0,True,Responded to,Thunderstorms,Heavy rainfall,Municipal Disaster Risk Management Council Barrancabermeja,CAS Environmental Authority,Barrancabermeja,Urban,Neighborhood Altos of the Campestre,Not reported,Not reported,False,,hydrometeorological,Hydrometeorological,Housing damage recorded
2021 Sep 06 12:00:00 AM,ATENDIDO,2021-09-06T00:00:00.000,INUNDACIONES,FUERTES LLUVIAS,CMGRD PUERTO WILCHES,CAS,PUERTO WILCHES,URBANO,BARRIO BELLA VISTA Y 3 ASENTAMIENTOS,393,0.0,393.0,0,0.0,0.0,0.0,0.0,,,,0.0,0.0,0.0,2021-09-06T00:00:00.000,,,"El CMGRD informa aumento del nivel de la Cienaga Yariri que causa afectaciones en cerca de 400 viviendas del barrio Bella Vista y los asentamientos La Unión, Jacinto Prado y Terraplen. Atienden la emergencia bomberos voluntarios y defensa civil. Se adelantan os EDAN",REPORTE_DE_EVENTOS_POR_DESASTRES_NATURALES_Y_ANTRÓPICOS_(Histórico)_20260415.csv,EVT00399,2021-09-06,ATENDIDO,2021-09-06,INUNDACIONES,FUERTES LLUVIAS,CMGRD PUERTO WILCHES,CAS,PUERTO WILCHES,URBANO,BARRIO BELLA VISTA Y 3 ASENTAMIENTOS,393.0,0.0,393.0,0,0.0,0.0,0.0,0.0,,,,0.0,0.0,0.0,2021-09-06,,,"El CMGRD informa aumento del nivel de la Cienaga Yariri que causa afectaciones en cerca de 400 viviendas del barrio Bella Vista y los asentamientos La Unión, Jacinto Prado y Terraplen. Atienden la emergencia bomberos voluntarios y defensa civil. Se adelantan os EDAN",2021-09-01,0.0,393.0,0.0,True,Responded to,Floods,Heavy rainfall,Municipal Disaster Risk Management Council Puerto Wilches,CAS Environmental Authority,Puerto Wilches,Urban,Neighborhood Bella Vista and 3 Asentamientos,Not reported,Not reported,False,,hydrometeorological,Hydrometeorological,Housing damage recorded
2021 Sep 09 12:00:00 AM,ATENDIDO,2021-09-09T00:00:00.000,MOVIMIENTO EN MASA,DESLIZAMIENTOS,CMGRD CAPITANEJO,CAS,CAPITANEJO,RURAL,VEREDA PLATANAL,6,2.0,4.0,0,0.0,0.0,0.0,0.0,,,,0.0,0.0,0.0,2021-09-06T00:00:00.000,,,"El CMGRD reporta un fenómeno de movimiento en masa en la vereda Platanal que causa amenaza 6 viviendas, se realizan las visitas técnicas y los monitoreos y los EDAN y se reubican dos familias y se paga subsidio de arriendo por parte de la alcaldiaç",REPORTE_DE_EVENTOS_POR_DESASTRES_NATURALES_Y_ANTRÓPICOS_(Histórico)_20260415.csv,EVT00400,2021-09-09,ATENDIDO,2021-09-09,MOVIMIENTO EN MASA,DESLIZAMIENTOS,CMGRD CAPITANEJO,CAS,CAPITANEJO,RURAL,VEREDA PLATANAL,6.0,2.0,4.0,0,0.0,0.0,0.0,0.0,,,,0.0,0.0,0.0,2021-09-06,,,"El CMGRD reporta un fenómeno de movimiento en masa en la vereda Platanal que causa amenaza 6 viviendas, se realizan las visitas técnicas y los monitoreos y los EDAN y se reubican dos familias y se paga subsidio de arriendo por parte de la alcaldiaç",2021-09-01,0.0,6.0,0.0,True,Responded to,Mass movement,Landslides,Municipal Disaster Risk Management Council Capitanejo,CAS Environmental Authority,Capitanejo,Rural,Rural Hamlet Platanal,Not reported,Not reported,False,,geophysical,Geophysical,Housing damage recorded
2021 Sep 13 12:00:00 AM,ATENDIDO,2021-09-13T00:00:00.000,DERRAME DE CRUDO,ATENTADO TERRORISTA,CMGRD BARRANCABERMEJA,CAS,BARRANCABERMEJA,RURAL,CORREGIMIENTO EL CENTRO SECTOR LA CARRILERA,0,0.0,0.0,0,0.0,0.0,0.0,2.0,,,,0.0,0.0,0.0,2021-09-13T00:00:00.000,,,"El CMGRD reporta emergencia ambiental causada por atentado terrorista a las tuberías de Ecopetrol en el sector la carrilera, cerca de la deshidratadora Lizama, dos hectárea de vegetación afectada por el incendio forestal y derrame de hidrocarburos. Atendido por bomberos de Ecopetrol, policía y ejército nacional",REPORTE_DE_EVENTOS_POR_DESASTRES_NATURALES_Y_ANTRÓPICOS_(Histórico)_20260415.csv,EVT00401,2021-09-13,ATENDIDO,2021-09-13,DERRAME DE CRUDO,ATENTADO TERRORISTA,CMGRD BARRANCABERMEJA,CAS,BARRANCABERMEJA,RURAL,CORREGIMIENTO EL CENTRO SECTOR LA CARRILERA,0.0,0.0,0.0,0,0.0,0.0,0.0,2.0,,,,0.0,0.0,0.0,2021-09-13,,,"El CMGRD reporta emergencia ambiental causada por atentado terrorista a las tuberías de Ecopetrol en el sector la carrilera, cerca de la deshidratadora Lizama, dos hectárea de vegetación afectada por el incendio forestal y derrame de hidrocarburos. Atendido por bomberos de Ecopetrol, policía y ejército nacional",2021-09-01,0.0,0.0,0.0,True,Responded to,Oil spill,Terrorist attack,Municipal Disaster Risk Management Council Barrancabermeja,CAS Environmental Authority,Barrancabermeja,Rural,Township the Centro Sector the Carrilera,Not reported,Not reported,False,,technological_anthropogenic,Technological and anthropogenic,Agricultural or land impact recorded
2021 Sep 15 12:00:00 AM,ATENDIDO,2021-09-15T00:00:00.000,CIERRE DE VIA,DESLIZAMIENTOS,BOMBEROS DE MOLAGAVITA,CAS,MOLAGAVITA,RURAL,VIA PRINCIPAL KM 2 AL MUNICIPIO,0,0.0,0.0,0,1.0,0.0,0.0,0.0,,,,0.0,0.0,0.0,2021-09-15T00:00:00.000,,,"El comandante de bomberos reporta cierre de la via principal en el sector Pantano Grande por fuertes lluvias que causaron el colapso de la alcantarilla, durante 2 horas permaneció el cierre mientras calmaron las lluvias, atiende el municipio con maquinaria amarilla",REPORTE_DE_EVENTOS_POR_DESASTRES_NATURALES_Y_ANTRÓPICOS_(Histórico)_20260415.csv,EVT00402,2021-09-15,ATENDIDO,2021-09-15,CIERRE DE VIA,DESLIZAMIENTOS,BOMBEROS DE MOLAGAVITA,CAS,MOLAGAVITA,RURAL,VIA PRINCIPAL KM 2 AL MUNICIPIO,0.0,0.0,0.0,0,1.0,0.0,0.0,0.0,,,,0.0,0.0,0.0,2021-09-15,,,"El comandante de bomberos reporta cierre de la via principal en el sector Pantano Grande por fuertes lluvias que causaron el colapso de la alcantarilla, durante 2 horas permaneció el cierre mientras calmaron las lluvias, atiende el municipio con maquinaria amarilla",2021-09-01,0.0,0.0,1.0,True,Responded to,Road closure,Landslides,Fire Department of Molagavita,CAS Environmental Authority,Molagavita,Rural,Road Principal Km 2 Al Municipio,Not reported,Not reported,False,,infrastructure_service,Infrastructure and service disruption,Infrastructure damage recorded
2021 Sep 21 12:00:00 AM,ATENDIDO,2021-09-21T00:00:00.000,INUNDACIONES,FUERTES LLUVIAS,CMGRD MOGOTES,CAS,MOGOTES,RURAL,"veredas, Santa barbara, guaure, Arrayanes",30,0.0,30.0,0,1.0,0.0,0.0,0.0,,,,0.0,0.0,0.0,2021-09-21T00:00:00.000,,,"La CMGRD reporta fuertes lluvias afectando 5 veredas, desbordamiento de 2 ríos, más de 10 deslizamientos, perdida de cultivos y animales, mas de 30 familias damnificadas, se adelantan los EDAN",REPORTE_DE_EVENTOS_POR_DESASTRES_NATURALES_Y_ANTRÓPICOS_(Histórico)_20260415.csv,EVT00403,2021-09-21,ATENDIDO,2021-09-21,INUNDACIONES,FUERTES LLUVIAS,CMGRD MOGOTES,CAS,MOGOTES,RURAL,"veredas, Santa barbara, guaure, Arrayanes",30.0,0.0,30.0,0,1.0,0.0,0.0,0.0,,,,0.0,0.0,0.0,2021-09-21,,,"La CMGRD reporta fuertes lluvias afectando 5 veredas, desbordamiento de 2 ríos, más de 10 deslizamientos, perdida de cultivos y animales, mas de 30 familias damnificadas, se adelantan los EDAN",2021-09-01,0.0,30.0,1.0,True,Responded to,Floods,Heavy rainfall,Municipal Disaster Risk Management Council Mogotes,CAS Environmental Authority,Mogotes,Rural,"Veredas, Santa Barbara, Guaure, Arrayanes",Not reported,Not reported,False,,hydrometeorological,Hydrometeorological,Housing damage recorded
2021 Sep 22 12:00:00 AM,ATENDIDO,2021-09-22T00:00:00.000,CRECIENTE SUBITA,FUERTES LLUVIAS,CMGRD SIMACOTA,CAS,SIMACOTA,RURAL,SECTOR EL PUENTE/QUEBRADA SANTA ROSA,1,0.0,0.0,0,1.0,0.0,0.0,0.0,,,,0.0,0.0,0.0,2021-09-22T00:00:00.000,,,"Fuertes lluvias en la parte alta de la serranía de los Yariguies desde las 4:00 p.m. causa creciente súbita de la quebrada Santa Rosa y el puente no tiene la capacidad hidráulica por saturación del material de arrastre, causa el desbordamiento por la vía que conduce hacia Chima cierre temporal de la via entre Chima y Simacota, un establecimiento comercial afectado, una familia evacuada",REPORTE_DE_EVENTOS_POR_DESASTRES_NATURALES_Y_ANTRÓPICOS_(Histórico)_20260415.csv,EVT00404,2021-09-22,ATENDIDO,2021-09-22,CRECIENTE SUBITA,FUERTES LLUVIAS,CMGRD SIMACOTA,CAS,SIMACOTA,RURAL,SECTOR EL PUENTE/QUEBRADA SANTA ROSA,1.0,0.0,0.0,0,1.0,0.0,0.0,0.0,,,,0.0,0.0,0.0,2021-09-22,,,"Fuertes lluvias en la parte alta de la serranía de los Yariguies desde las 4:00 p.m. causa creciente súbita de la quebrada Santa Rosa y el puente no tiene la capacidad hidráulica por saturación del material de arrastre, causa el desbordamiento por la vía que conduce hacia Chima cierre temporal de la via entre Chima y Simacota, un establecimiento comercial afectado, una familia evacuada",2021-09-01,0.0,0.0,1.0,True,Responded to,Flash flood,Heavy rainfall,Municipal Disaster Risk Management Council Simacota,CAS Environmental Authority,Simacota,Rural,Sector the Puente Quebrada Santa Rosa,Not reported,Not reported,False,,hydrometeorological,Hydrometeorological,Infrastructure damage recorded
2021 Sep 27 12:00:00 AM,ATENDIDO,2021-09-27T00:00:00.000,DERRAME DE CRUDO,ACCIDENTE VEHICULAR,CMGRD DE OIBA,CAS,OIBA,RURAL,PUENTE SOBRE EL RIO OIBITA/VIA NACIONAL,0,0.0,0.0,0,1.0,0.0,0.0,0.0,,,,0.0,0.0,0.0,2021-09-27T00:00:00.000,,,"El comandante de bomberos reporta accidente de tractomula cisterna cargada con crudo de petróleo, este sucedió cerca al puente del río Oibita en la via nacional, se controla el derrame mediante diques construidos con maquinaria amarilla del municipio, se rescata el conductor y se traslada a centro asistencial, a la espera que llegue la empresa contratada para contingencias",REPORTE_DE_EVENTOS_POR_DESASTRES_NATURALES_Y_ANTRÓPICOS_(Histórico)_20260415.csv,EVT00405,2021-09-27,ATENDIDO,2021-09-27,DERRAME DE CRUDO,ACCIDENTE VEHICULAR,CMGRD DE OIBA,CAS,OIBA,RURAL,PUENTE SOBRE EL RIO OIBITA/VIA NACIONAL,0.0,0.0,0.0,0,1.0,0.0,0.0,0.0,,,,0.0,0.0,0.0,2021-09-27,,,"El comandante de bomberos reporta accidente de tractomula cisterna cargada con crudo de petróleo, este sucedió cerca al puente del río Oibita en la via nacional, se controla el derrame mediante diques construidos con maquinaria amarilla del municipio, se rescata el conductor y se traslada a centro asistencial, a la espera que llegue la empresa contratada para contingencias",2021-09-01,0.0,0.0,1.0,True,Responded to,Oil spill,Vehicle accident,Municipal Disaster Risk Management Council of Oiba,CAS Environmental Authority,Oiba,Rural,Puente Sobre the Rio Oibita Road Nacional,Not reported,Not reported,False,,technological_anthropogenic,Technological and anthropogenic,Infrastructure damage recorded
2021 Sep 29 12:00:00 AM,ATENDIDO,2021-09-29T00:00:00.000,DESLIZAMIENTOS,FUERTES LLUVIAS,CMGRD DE VELEZ,CAS,VELEZ,URBANO,BARRIO LOS CEREZOS Y RICAURTE,6,0.0,6.0,0,0.0,0.0,0.0,0.0,,,,0.0,0.0,0.0,2021-09-29T00:00:00.000,,,"El CMGRD reporta fuertes lluvias que genera deslizamientos y represamiento de cañadas en los barrios Los Cerezos y el Ricaurte, se presentan afectaciones en la via nacional Troncal del Carare",REPORTE_DE_EVENTOS_POR_DESASTRES_NATURALES_Y_ANTRÓPICOS_(Histórico)_20260415.csv,EVT00406,2021-09-29,ATENDIDO,2021-09-29,DESLIZAMIENTOS,FUERTES LLUVIAS,CMGRD DE VELEZ,CAS,VELEZ,URBANO,BARRIO LOS CEREZOS Y RICAURTE,6.0,0.0,6.0,0,0.0,0.0,0.0,0.0,,,,0.0,0.0,0.0,2021-09-29,,,"El CMGRD reporta fuertes lluvias que genera deslizamientos y represamiento de cañadas en los barrios Los Cerezos y el Ricaurte, se presentan afectaciones en la via nacional Troncal del Carare",2021-09-01,0.0,6.0,0.0,True,Responded to,Landslides,Heavy rainfall,Municipal Disaster Risk Management Council of Velez,CAS Environmental Authority,Velez,Urban,Neighborhood Los Cerezos and Ricaurte,Not reported,Not reported,False,,geophysical,Geophysical,Housing damage recorded
2021 Sep 29 12:00:00 AM,ATENDIDO,2021-09-29T00:00:00.000,INUNDACIONES,FUERTES LLUVIAS,CMGRD BUCARAMANGA,CDMB,BUCARAMANGA,URBANO,SECTOR EL PALENQUE VIA NACIONAL,0,0.0,0.0,0,1.0,0.0,0.0,0.0,,,,0.0,0.0,0.0,2021-09-29T00:00:00.000,,,"Las fuertes lluvias de las últimas horas causa colapso del alcantarillado en especial sobre la vía entre el sector el Palenque y Café Madrid, caída de árboles cerca al terminal de transportes, atienden organismos de socorro del CMGRD",REPORTE_DE_EVENTOS_POR_DESASTRES_NATURALES_Y_ANTRÓPICOS_(Histórico)_20260415.csv,EVT00407,2021-09-29,ATENDIDO,2021-09-29,INUNDACIONES,FUERTES LLUVIAS,CMGRD BUCARAMANGA,CDMB,BUCARAMANGA,URBANO,SECTOR EL PALENQUE VIA NACIONAL,0.0,0.0,0.0,0,1.0,0.0,0.0,0.0,,,,0.0,0.0,0.0,2021-09-29,,,"Las fuertes lluvias de las últimas horas causa colapso del alcantarillado en especial sobre la vía entre el sector el Palenque y Café Madrid, caída de árboles cerca al terminal de transportes, atienden organismos de socorro del CMGRD",2021-09-01,0.0,0.0,1.0,True,Responded to,Floods,Heavy rainfall,Municipal Disaster Risk Management Council Bucaramanga,CDMB Environmental Authority,Bucaramanga,Urban,Sector the Palenque Road Nacional,Not reported,Not reported,False,,hydrometeorological,Hydrometeorological,Infrastructure damage recorded
2021 Oct 07 12:00:00 AM,ATENDIDO,2021-10-07T00:00:00.000,CIERRE DE VIA,DESLIZAMIENTOS,CMGRD GAMBITA,CAS,GAMBITA,RURAL,VIA AL CORREGIMIENTO VADO REAL,10,0.0,10.0,0,1.0,0.0,0.0,0.0,,,,0.0,0.0,0.0,2021-10-07T00:00:00.000,,,"El CMGRD reporta cierre de la via entre Gambita y el corregimiento de Vado Real, por deslizamientos en el km 4+500 a causa de la temporada de lluvias, se atiende con maquinaria del municipio. Ademas las lluvias causan daños en el alcantarillado del corregimiento Vado real e inundaciones en algunas viviendas y establecimientos comerciales",REPORTE_DE_EVENTOS_POR_DESASTRES_NATURALES_Y_ANTRÓPICOS_(Histórico)_20260415.csv,EVT00408,2021-10-07,ATENDIDO,2021-10-07,CIERRE DE VIA,DESLIZAMIENTOS,CMGRD GAMBITA,CAS,GAMBITA,RURAL,VIA AL CORREGIMIENTO VADO REAL,10.0,0.0,10.0,0,1.0,0.0,0.0,0.0,,,,0.0,0.0,0.0,2021-10-07,,,"El CMGRD reporta cierre de la via entre Gambita y el corregimiento de Vado Real, por deslizamientos en el km 4+500 a causa de la temporada de lluvias, se atiende con maquinaria del municipio. Ademas las lluvias causan daños en el alcantarillado del corregimiento Vado real e inundaciones en algunas viviendas y establecimientos comerciales",2021-10-01,0.0,10.0,1.0,True,Responded to,Road closure,Landslides,Municipal Disaster Risk Management Council Gambita,CAS Environmental Authority,Gambita,Rural,Road Al Township Vado Real,Not reported,Not reported,False,,infrastructure_service,Infrastructure and service disruption,Housing damage recorded
2021 Oct 09 12:00:00 AM,ATENDIDO,2021-10-09T00:00:00.000,DESLIZAMIENTOS,FUERTES LLUVIAS,CMGRD DE SUAITA,CAS,SUAITA,RURAL,VIA AL CORREGIMIENTO VADO REAL,4,0.0,4.0,0,1.0,0.0,0.0,0.0,,,,0.0,0.0,0.0,2021-10-09T00:00:00.000,,,El CMGRD reporta fuertes lluvias en el corregimiento Vado real que causa colapso del alcantarillado y deslizamientos en el km 4 hacia el municipio.,REPORTE_DE_EVENTOS_POR_DESASTRES_NATURALES_Y_ANTRÓPICOS_(Histórico)_20260415.csv,EVT00409,2021-10-09,ATENDIDO,2021-10-09,DESLIZAMIENTOS,FUERTES LLUVIAS,CMGRD DE SUAITA,CAS,SUAITA,RURAL,VIA AL CORREGIMIENTO VADO REAL,4.0,0.0,4.0,0,1.0,0.0,0.0,0.0,,,,0.0,0.0,0.0,2021-10-09,,,El CMGRD reporta fuertes lluvias en el corregimiento Vado real que causa colapso del alcantarillado y deslizamientos en el km 4 hacia el municipio.,2021-10-01,0.0,4.0,1.0,True,Responded to,Landslides,Heavy rainfall,Municipal Disaster Risk Management Council of Suaita,CAS Environmental Authority,Suaita,Rural,Road Al Township Vado Real,Not reported,Not reported,False,,geophysical,Geophysical,Housing damage recorded
2021 Oct 09 12:00:00 AM,ATENDIDO,2021-10-09T00:00:00.000,CRECIENTE SUBITA,FUERTES LLUVIAS,CMGRD DE PIEDECUESTA,CDMB,PIEDECUESTA,RURAL,BARRIO LA COLINA,0,0.0,0.0,0,0.0,0.0,0.0,0.0,,,,0.0,0.0,0.0,2021-10-09T00:00:00.000,,,"El comandante del cuerpo de bomberos reporta creciente súbita del rio de Oro a la altura del barrio la Colina, gracias a las alertas tempranas se logró la evacuación de 300 personas apx. Que se encontraban en paseos de olla, y 9 rescatadas, quienes no alcanzaron a salir a tiempo, gracias a la respuesta oportuna y apoyo de la defensa civil no hay reporte de lesionados o desaparecidos.",REPORTE_DE_EVENTOS_POR_DESASTRES_NATURALES_Y_ANTRÓPICOS_(Histórico)_20260415.csv,EVT00410,2021-10-09,ATENDIDO,2021-10-09,CRECIENTE SUBITA,FUERTES LLUVIAS,CMGRD DE PIEDECUESTA,CDMB,PIEDECUESTA,RURAL,BARRIO LA COLINA,0.0,0.0,0.0,0,0.0,0.0,0.0,0.0,,,,0.0,0.0,0.0,2021-10-09,,,"El comandante del cuerpo de bomberos reporta creciente súbita del rio de Oro a la altura del barrio la Colina, gracias a las alertas tempranas se logró la evacuación de 300 personas apx. Que se encontraban en paseos de olla, y 9 rescatadas, quienes no alcanzaron a salir a tiempo, gracias a la respuesta oportuna y apoyo de la defensa civil no hay reporte de lesionados o desaparecidos.",2021-10-01,0.0,0.0,0.0,False,Responded to,Flash flood,Heavy rainfall,Municipal Disaster Risk Management Council of Piedecuesta,CDMB Environmental Authority,Piedecuesta,Rural,Neighborhood the Colina,Not reported,Not reported,False,,hydrometeorological,Hydrometeorological,No quantified impact recorded
2021 Oct 13 12:00:00 AM,ATENDIDO,2021-10-13T00:00:00.000,INCENDIO ESTRUCTURAL,INDETERMINADO,CMGRD FLORIDABLANCA,CDMB,FLORIDABLANCA,URBANO,ASENTAMIENTO ASOMIFLOR,2,0.0,2.0,0,0.0,0.0,0.0,0.0,,,,0.0,0.0,0.0,13/102021,,,"El CMGRD reporta la atención de un incendio estructural en el asentamiento Asomiflor, dos viviendas afectadas y una persona con quemaduras de 2° grado, atienden bomberos de Florida, policía nacional y defensa civil",REPORTE_DE_EVENTOS_POR_DESASTRES_NATURALES_Y_ANTRÓPICOS_(Histórico)_20260415.csv,EVT00411,2021-10-13,ATENDIDO,2021-10-13,INCENDIO ESTRUCTURAL,INDETERMINADO,CMGRD FLORIDABLANCA,CDMB,FLORIDABLANCA,URBANO,ASENTAMIENTO ASOMIFLOR,2.0,0.0,2.0,0,0.0,0.0,0.0,0.0,,,,0.0,0.0,0.0,,,,"El CMGRD reporta la atención de un incendio estructural en el asentamiento Asomiflor, dos viviendas afectadas y una persona con quemaduras de 2° grado, atienden bomberos de Florida, policía nacional y defensa civil",2021-10-01,0.0,2.0,0.0,True,Responded to,Structural fire,Undetermined,Municipal Disaster Risk Management Council Floridablanca,CDMB Environmental Authority,Floridablanca,Urban,Asentamiento Asomiflor,Not reported,Not reported,False,,technological_anthropogenic,Technological and anthropogenic,Housing damage recorded
2021 Oct 14 12:00:00 AM,ATENDIDO,2021-10-14T00:00:00.000,GRANIZADA,FUERTES LLUVIAS,CMGRD DE CERRITO,CAS,CERRITO,URBANO Y RURAL,TODA LA JURISDICCION,0,0.0,0.0,0,0.0,0.0,0.0,0.0,,,,0.0,0.0,0.0,2021-10-14T00:00:00.000,,,"El comandante de bomberos reporta fuerte granizada en el casco urbano y veredas Servitá y Ovejeras, causa afectación a cultivos de durazno y uchuva, colapso del alcantarillado",REPORTE_DE_EVENTOS_POR_DESASTRES_NATURALES_Y_ANTRÓPICOS_(Histórico)_20260415.csv,EVT00412,2021-10-14,ATENDIDO,2021-10-14,GRANIZADA,FUERTES LLUVIAS,CMGRD DE CERRITO,CAS,CERRITO,URBANO Y RURAL,TODA LA JURISDICCION,0.0,0.0,0.0,0,0.0,0.0,0.0,0.0,,,,0.0,0.0,0.0,2021-10-14,,,"El comandante de bomberos reporta fuerte granizada en el casco urbano y veredas Servitá y Ovejeras, causa afectación a cultivos de durazno y uchuva, colapso del alcantarillado",2021-10-01,0.0,0.0,0.0,False,Responded to,Hailstorm,Heavy rainfall,Municipal Disaster Risk Management Council of Cerrito,CAS Environmental Authority,Cerrito,Urban and rural,Entire jurisdiction,Not reported,Not reported,False,,hydrometeorological,Hydrometeorological,No quantified impact recorded
2021 Oct 14 12:00:00 AM,ATENDIDO,2021-10-14T00:00:00.000,GRANIZADA,FUERTES LLUVIAS,CMGRD DE SAN JOSE DE MIRANDA,CAS,SAN JOSE DE MIRANDA,URBANA,TODA LA JURISDICCION,0,0.0,0.0,0,0.0,0.0,0.0,0.0,,,,0.0,0.0,0.0,2021-10-14T00:00:00.000,,,"El CMGRD reporta granizada cerca al casco urbano del municipio, se realizan los EDAN para determinar si hay perdidas de cultivos y otras afectaciones",REPORTE_DE_EVENTOS_POR_DESASTRES_NATURALES_Y_ANTRÓPICOS_(Histórico)_20260415.csv,EVT00413,2021-10-14,ATENDIDO,2021-10-14,GRANIZADA,FUERTES LLUVIAS,CMGRD DE SAN JOSE DE MIRANDA,CAS,SAN JOSE DE MIRANDA,URBANA,TODA LA JURISDICCION,0.0,0.0,0.0,0,0.0,0.0,0.0,0.0,,,,0.0,0.0,0.0,2021-10-14,,,"El CMGRD reporta granizada cerca al casco urbano del municipio, se realizan los EDAN para determinar si hay perdidas de cultivos y otras afectaciones",2021-10-01,0.0,0.0,0.0,False,Responded to,Hailstorm,Heavy rainfall,Municipal Disaster Risk Management Council of San Jose of Miranda,CAS Environmental Authority,San Jose De Miranda,Urban,Entire jurisdiction,Not reported,Not reported,False,,hydrometeorological,Hydrometeorological,No quantified impact recorded
2021 Oct 14 12:00:00 AM,ATENDIDO,2021-10-14T00:00:00.000,INUNDACIONES,FUERTES LLUVIAS,CMGRD VILLANUEVA,CAS,VILLANUEVA,URBANO,SECTOR EL CENTRO,4,0.0,4.0,0,0.0,0.0,0.0,0.0,,,,0.0,0.0,0.0,2021-10-14T00:00:00.000,,,"las fuertes lluvias de las últimas horas causan colapso del alcantarillado por rebose y se presentan inundaciones en algunas viviendas, bomberos del municipio junto a la policía retiran el material de arrastre en las zonas afectadas.",REPORTE_DE_EVENTOS_POR_DESASTRES_NATURALES_Y_ANTRÓPICOS_(Histórico)_20260415.csv,EVT00414,2021-10-14,ATENDIDO,2021-10-14,INUNDACIONES,FUERTES LLUVIAS,CMGRD VILLANUEVA,CAS,VILLANUEVA,URBANO,SECTOR EL CENTRO,4.0,0.0,4.0,0,0.0,0.0,0.0,0.0,,,,0.0,0.0,0.0,2021-10-14,,,"las fuertes lluvias de las últimas horas causan colapso del alcantarillado por rebose y se presentan inundaciones en algunas viviendas, bomberos del municipio junto a la policía retiran el material de arrastre en las zonas afectadas.",2021-10-01,0.0,4.0,0.0,True,Responded to,Floods,Heavy rainfall,Municipal Disaster Risk Management Council Villanueva,CAS Environmental Authority,Villanueva,Urban,Sector the Centro,Not reported,Not reported,False,,hydrometeorological,Hydrometeorological,Housing damage recorded
2021 Oct 16 12:00:00 AM,ATENDIDO,2021-10-16T00:00:00.000,CRECIENTE SUBITA,FUERTES LLUVIAS,CMGRD FLORIAN,CAS,FLORIAN,RURAL,"VEREDAS OTRO MUNDO, EL CARMEN",15,0.0,15.0,0,3.0,0.0,0.0,0.0,,,,0.0,0.0,0.0,2021-10-16T00:00:00.000,,,"Las fuertes lluvias han afectado tres veredas (Otro Mundo, El Carmen Mopora) por creciente de la quebrada la Quaz, afectación de un  puente colgante que comunica a Florian y del municipio de Otanche Boyacá. Afectaciones en viviendas, apx. 15 familias afectadas, se adelantan los EDAN, deslizamientos dejan las tres veredas incomunicadas",REPORTE_DE_EVENTOS_POR_DESASTRES_NATURALES_Y_ANTRÓPICOS_(Histórico)_20260415.csv,EVT00415,2021-10-16,ATENDIDO,2021-10-16,CRECIENTE SUBITA,FUERTES LLUVIAS,CMGRD FLORIAN,CAS,FLORIAN,RURAL,"VEREDAS OTRO MUNDO, EL CARMEN",15.0,0.0,15.0,0,3.0,0.0,0.0,0.0,,,,0.0,0.0,0.0,2021-10-16,,,"Las fuertes lluvias han afectado tres veredas (Otro Mundo, El Carmen Mopora) por creciente de la quebrada la Quaz, afectación de un puente colgante que comunica a Florian y del municipio de Otanche Boyacá. Afectaciones en viviendas, apx. 15 familias afectadas, se adelantan los EDAN, deslizamientos dejan las tres veredas incomunicadas",2021-10-01,0.0,15.0,3.0,True,Responded to,Flash flood,Heavy rainfall,Municipal Disaster Risk Management Council Florian,CAS Environmental Authority,Florian,Rural,Veredas Otro Mundo the Carmen,Not reported,Not reported,False,,hydrometeorological,Hydrometeorological,Housing damage recorded
2021 Oct 20 12:00:00 AM,ATENDIDO,2021-10-20T00:00:00.000,VENDAVAL,FUERTES LLUVIAS,CMGRD OIBA,CAS,OIBA,URBANO,BARRIO EL CENTRO Y VIA NACIONAL,2,0.0,2.0,0,0.0,0.0,1.0,0.0,,,,0.0,0.0,0.0,2021-10-20T00:00:00.000,,,"el CMGRD reporta fuertes lluvias y vendaval que causa afectaciones en la cubierta dela Normal Superior, algunas viviendas afectadas por caida de techos, y la via nacional por la caida de vallas del INVIAS, atienden bomberos del municipio, policia nacional y funcionarios del INVIAS",REPORTE_DE_EVENTOS_POR_DESASTRES_NATURALES_Y_ANTRÓPICOS_(Histórico)_20260415.csv,EVT00416,2021-10-20,ATENDIDO,2021-10-20,VENDAVAL,FUERTES LLUVIAS,CMGRD OIBA,CAS,OIBA,URBANO,BARRIO EL CENTRO Y VIA NACIONAL,2.0,0.0,2.0,0,0.0,0.0,1.0,0.0,,,,0.0,0.0,0.0,2021-10-20,,,"el CMGRD reporta fuertes lluvias y vendaval que causa afectaciones en la cubierta dela Normal Superior, algunas viviendas afectadas por caida de techos, y la via nacional por la caida de vallas del INVIAS, atienden bomberos del municipio, policia nacional y funcionarios del INVIAS",2021-10-01,0.0,2.0,1.0,True,Responded to,Windstorm,Heavy rainfall,Municipal Disaster Risk Management Council Oiba,CAS Environmental Authority,Oiba,Urban,Neighborhood the Centro and Road Nacional,Not reported,Not reported,False,,hydrometeorological,Hydrometeorological,Housing damage recorded
2021 Oct 24 12:00:00 AM,ATENDIDO,2021-10-24T00:00:00.000,CIERRE DE VIA,DESLIZAMIENTOS,CMGRD LANDAZURI,CAS,LANDAZURI,RURAL,VIA TRONCAL DEL CARARE,0,0.0,0.0,0,1.0,0.0,0.0,0.0,,,,0.0,0.0,0.0,2021-10-24T00:00:00.000,,,Policía de carreteras informa a cerca del cierre de la vía troncal del Carare en el km 10 entre Landazuri y Cimitarra por deslizamientos a causa de las lluvias de las últimas horas,REPORTE_DE_EVENTOS_POR_DESASTRES_NATURALES_Y_ANTRÓPICOS_(Histórico)_20260415.csv,EVT00417,2021-10-24,ATENDIDO,2021-10-24,CIERRE DE VIA,DESLIZAMIENTOS,CMGRD LANDAZURI,CAS,LANDAZURI,RURAL,VIA TRONCAL DEL CARARE,0.0,0.0,0.0,0,1.0,0.0,0.0,0.0,,,,0.0,0.0,0.0,2021-10-24,,,Policía de carreteras informa a cerca del cierre de la vía troncal del Carare en el km 10 entre Landazuri y Cimitarra por deslizamientos a causa de las lluvias de las últimas horas,2021-10-01,0.0,0.0,1.0,True,Responded to,Road closure,Landslides,Municipal Disaster Risk Management Council Landazuri,CAS Environmental Authority,Landazuri,Rural,Road Troncal of the Carare,Not reported,Not reported,False,,infrastructure_service,Infrastructure and service disruption,Infrastructure damage recorded
2021 Oct 28 12:00:00 AM,ATENDIDO,28/10/20211,TORMENTAS ELECTRICAS,FUERTES LLUVIAS,CMGRD DE OIBA,CAS,OIBA,URBANO,TODA LA JURISDICCION,4,0.0,4.0,0,0.0,0.0,0.0,0.0,,,,0.0,0.0,0.0,2021-10-28T00:00:00.000,,,"El comandante de bomberos reporta tormentas eléctricas que afectan cubiertas de viviendas, colapso del alcantarillado e inundación en algunas viviendas, se adelantan los EDAN",REPORTE_DE_EVENTOS_POR_DESASTRES_NATURALES_Y_ANTRÓPICOS_(Histórico)_20260415.csv,EVT00418,2021-10-28,ATENDIDO,,TORMENTAS ELECTRICAS,FUERTES LLUVIAS,CMGRD DE OIBA,CAS,OIBA,URBANO,TODA LA JURISDICCION,4.0,0.0,4.0,0,0.0,0.0,0.0,0.0,,,,0.0,0.0,0.0,2021-10-28,,,"El comandante de bomberos reporta tormentas eléctricas que afectan cubiertas de viviendas, colapso del alcantarillado e inundación en algunas viviendas, se adelantan los EDAN",2021-10-01,0.0,4.0,0.0,True,Responded to,Thunderstorms,Heavy rainfall,Municipal Disaster Risk Management Council of Oiba,CAS Environmental Authority,Oiba,Urban,Entire jurisdiction,Not reported,Not reported,False,,hydrometeorological,Hydrometeorological,Housing damage recorded
2021 Oct 28 12:00:00 AM,ATENDIDO,28/10/20211,INUNDACIONES,FUERTES LLUVIAS,CMGRD DE CONFINES,CAS,CONFINES,URBANO,TODA LA JURISDICCION,4,0.0,4.0,0,,0.0,0.0,0.0,,,,0.0,0.0,0.0,2021-10-28T00:00:00.000,,,"El comandante de bomberos reporta fuertes lluvias y vendaval, colapso del alcantarillado, algunas viviendas con inundaciones, 4 viviendas afectadas por inundaciones menores",REPORTE_DE_EVENTOS_POR_DESASTRES_NATURALES_Y_ANTRÓPICOS_(Histórico)_20260415.csv,EVT00419,2021-10-28,ATENDIDO,,INUNDACIONES,FUERTES LLUVIAS,CMGRD DE CONFINES,CAS,CONFINES,URBANO,TODA LA JURISDICCION,4.0,0.0,4.0,0,,0.0,0.0,0.0,,,,0.0,0.0,0.0,2021-10-28,,,"El comandante de bomberos reporta fuertes lluvias y vendaval, colapso del alcantarillado, algunas viviendas con inundaciones, 4 viviendas afectadas por inundaciones menores",2021-10-01,0.0,4.0,0.0,True,Responded to,Floods,Heavy rainfall,Municipal Disaster Risk Management Council of Confines,CAS Environmental Authority,Confines,Urban,Entire jurisdiction,Not reported,Not reported,False,,hydrometeorological,Hydrometeorological,Housing damage recorded
2021 Oct 28 12:00:00 AM,ATENDIDO,28/10/20211,INUNDACIONES,FUERTES LLUVIAS,CMGRD DE SUAITA,CAS,SUAITA,URBANO Y RURAL,TODA LA JURISDICCION,6,0.0,6.0,0,1.0,0.0,0.0,0.0,,,,0.0,0.0,0.0,2021-10-28T00:00:00.000,,,"El CMGRD reporta cierre de la vía Suaita- vado Real por deslizamientos, colapso del alcantarillado, inundaciones en algunas viviendas, se adelantan los EDAN.",REPORTE_DE_EVENTOS_POR_DESASTRES_NATURALES_Y_ANTRÓPICOS_(Histórico)_20260415.csv,EVT00420,2021-10-28,ATENDIDO,,INUNDACIONES,FUERTES LLUVIAS,CMGRD DE SUAITA,CAS,SUAITA,URBANO Y RURAL,TODA LA JURISDICCION,6.0,0.0,6.0,0,1.0,0.0,0.0,0.0,,,,0.0,0.0,0.0,2021-10-28,,,"El CMGRD reporta cierre de la vía Suaita- vado Real por deslizamientos, colapso del alcantarillado, inundaciones en algunas viviendas, se adelantan los EDAN.",2021-10-01,0.0,6.0,1.0,True,Responded to,Floods,Heavy rainfall,Municipal Disaster Risk Management Council of Suaita,CAS Environmental Authority,Suaita,Urban and rural,Entire jurisdiction,Not reported,Not reported,False,,hydrometeorological,Hydrometeorological,Housing damage recorded
2021 Oct 30 12:00:00 AM,ATENDIDO,2021-10-30T00:00:00.000,EROSION,DESLIZAMIENTOS,CMGRD PUERTO WILCHES,CAS,PUERTO WILCHES,RURAL,SECTOR VUELTA PERICO,0,0.0,0.0,0,0.0,0.0,0.0,0.0,,,,0.0,0.0,0.0,2021-10-30T00:00:00.000,,,"El CMGRD inminente riesgo de inundaciones en el casco urbano y amplias áreas de cultivos por el aumento de caudal del rio Magdalena que causa rompimiento del dique de protección, se gestiona maquinaria por el municipio y se construyen jarillones con sacos de polipropileno, apoya ejército nacional, bomberos voluntarios, defensa civil y comunidad",REPORTE_DE_EVENTOS_POR_DESASTRES_NATURALES_Y_ANTRÓPICOS_(Histórico)_20260415.csv,EVT00421,2021-10-30,ATENDIDO,2021-10-30,EROSION,DESLIZAMIENTOS,CMGRD PUERTO WILCHES,CAS,PUERTO WILCHES,RURAL,SECTOR VUELTA PERICO,0.0,0.0,0.0,0,0.0,0.0,0.0,0.0,,,,0.0,0.0,0.0,2021-10-30,,,"El CMGRD inminente riesgo de inundaciones en el casco urbano y amplias áreas de cultivos por el aumento de caudal del rio Magdalena que causa rompimiento del dique de protección, se gestiona maquinaria por el municipio y se construyen jarillones con sacos de polipropileno, apoya ejército nacional, bomberos voluntarios, defensa civil y comunidad",2021-10-01,0.0,0.0,0.0,False,Responded to,Erosion,Landslides,Municipal Disaster Risk Management Council Puerto Wilches,CAS Environmental Authority,Puerto Wilches,Rural,Sector Vuelta Perico,Not reported,Not reported,False,,geophysical,Geophysical,No quantified impact recorded
2021 Nov 02 12:00:00 AM,ATENDIDO,2021-11-02T00:00:00.000,INUNDACIONES,FUERTES LLUVIAS,CMGRD DE BETULIA,CAS,BETULIA,RURAL,CENTRO POBLADO CASA DE BARRO,20,0.0,20.0,0,0.0,,0.0,0.0,,,,0.0,0.0,0.0,2021-11-02T00:00:00.000,,,"El CMGRD reporta inundaciones en 20 viviendas y afectaciones en cultivos de citricos del centro poblado Casa de Barro en la vereda la Putana a causa del aumento del caudal del rio Sogamoso, se presume que es causa de la apertura de las compuertas del embalse de ISAGEN",REPORTE_DE_EVENTOS_POR_DESASTRES_NATURALES_Y_ANTRÓPICOS_(Histórico)_20260415.csv,EVT00422,2021-11-02,ATENDIDO,2021-11-02,INUNDACIONES,FUERTES LLUVIAS,CMGRD DE BETULIA,CAS,BETULIA,RURAL,CENTRO POBLADO CASA DE BARRO,20.0,0.0,20.0,0,0.0,,0.0,0.0,,,,0.0,0.0,0.0,2021-11-02,,,"El CMGRD reporta inundaciones en 20 viviendas y afectaciones en cultivos de citricos del centro poblado Casa de Barro en la vereda la Putana a causa del aumento del caudal del rio Sogamoso, se presume que es causa de la apertura de las compuertas del embalse de ISAGEN",2021-11-01,0.0,20.0,0.0,True,Responded to,Floods,Heavy rainfall,Municipal Disaster Risk Management Council of Betulia,CAS Environmental Authority,Betulia,Rural,Centro Poblado Casa of Barro,Not reported,Not reported,False,,hydrometeorological,Hydrometeorological,Housing damage recorded
2021 Nov 02 12:00:00 AM,ATENDIDO,2021-11-02T00:00:00.000,INUNDACIONES,FUERTES LLUVIAS,CMGRD BARRANCABERMEJA,CAS,BARRANCABERMEJA,URBANO,ASENTAMIENTO LA PAZ,12,0.0,12.0,0,0.0,0.0,1.0,0.0,,,,0.0,0.0,0.0,2021-11-02T00:00:00.000,,,El CMGRD reporta inundaciones en algunas viviendas y el colegio del corregimiento San Rafael y en el asentamiento humano La Paz de Lebrija a causa de las lluvias de las últimas horas y colapso del alcantarillado. Se adelantan los EDAN.,REPORTE_DE_EVENTOS_POR_DESASTRES_NATURALES_Y_ANTRÓPICOS_(Histórico)_20260415.csv,EVT00423,2021-11-02,ATENDIDO,2021-11-02,INUNDACIONES,FUERTES LLUVIAS,CMGRD BARRANCABERMEJA,CAS,BARRANCABERMEJA,URBANO,ASENTAMIENTO LA PAZ,12.0,0.0,12.0,0,0.0,0.0,1.0,0.0,,,,0.0,0.0,0.0,2021-11-02,,,El CMGRD reporta inundaciones en algunas viviendas y el colegio del corregimiento San Rafael y en el asentamiento humano La Paz de Lebrija a causa de las lluvias de las últimas horas y colapso del alcantarillado. Se adelantan los EDAN.,2021-11-01,0.0,12.0,1.0,True,Responded to,Floods,Heavy rainfall,Municipal Disaster Risk Management Council Barrancabermeja,CAS Environmental Authority,Barrancabermeja,Urban,Asentamiento the Paz,Not reported,Not reported,False,,hydrometeorological,Hydrometeorological,Housing damage recorded
2021 Nov 02 12:00:00 AM,ATENDIDO,2021-11-02T00:00:00.000,AVENIDA TORRENCIAL,CRECIENTE SUBITA,CMGRD DE ONZAGA,CAS,ONZAGA,RURAL,QUEBRADA SANTA CLARA,0,0.0,0.0,0,1.0,1.0,0.0,0.0,,,,0.0,0.0,0.0,2021-11-02T00:00:00.000,,,El comandante de bomberos reporta cierre de la via San Joaquin – Onzaga en el puente de la quebrada Santa Clara por desbordamiento y saturación de material de arrastre a causa de las lluvias de las últimas horas,REPORTE_DE_EVENTOS_POR_DESASTRES_NATURALES_Y_ANTRÓPICOS_(Histórico)_20260415.csv,EVT00424,2021-11-02,ATENDIDO,2021-11-02,AVENIDA TORRENCIAL,CRECIENTE SUBITA,CMGRD DE ONZAGA,CAS,ONZAGA,RURAL,QUEBRADA SANTA CLARA,0.0,0.0,0.0,0,1.0,1.0,0.0,0.0,,,,0.0,0.0,0.0,2021-11-02,,,El comandante de bomberos reporta cierre de la via San Joaquin – Onzaga en el puente de la quebrada Santa Clara por desbordamiento y saturación de material de arrastre a causa de las lluvias de las últimas horas,2021-11-01,0.0,0.0,2.0,True,Responded to,Torrential flash flood,Flash flood,Municipal Disaster Risk Management Council of Onzaga,CAS Environmental Authority,Onzaga,Rural,Quebrada Santa Clara,Not reported,Not reported,False,,hydrometeorological,Hydrometeorological,Infrastructure damage recorded
2021 Nov 02 12:00:00 AM,ATENDIDO,2021-11-02T00:00:00.000,CRECIENTE SUBITA,FUERTES LLUVIAS,CMGRD DE PUERTO WILCHES,CAS,PUERTO WILCHES,URBANO,BARRIO BELLAVISTA,26,0.0,26.0,0,0.0,0.0,0.0,0.0,,,,0.0,0.0,0.0,2021-11-02T00:00:00.000,,,"Las lluvias de las últimas horas han ocasionado el aumento del caudal de  la ciénaga Yarirí, es el reporte del CMGRD organismos de socorro realizan el CENSO y EDAN",REPORTE_DE_EVENTOS_POR_DESASTRES_NATURALES_Y_ANTRÓPICOS_(Histórico)_20260415.csv,EVT00425,2021-11-02,ATENDIDO,2021-11-02,CRECIENTE SUBITA,FUERTES LLUVIAS,CMGRD DE PUERTO WILCHES,CAS,PUERTO WILCHES,URBANO,BARRIO BELLAVISTA,26.0,0.0,26.0,0,0.0,0.0,0.0,0.0,,,,0.0,0.0,0.0,2021-11-02,,,"Las lluvias de las últimas horas han ocasionado el aumento del caudal de la ciénaga Yarirí, es el reporte del CMGRD organismos de socorro realizan el CENSO y EDAN",2021-11-01,0.0,26.0,0.0,True,Responded to,Flash flood,Heavy rainfall,Municipal Disaster Risk Management Council of Puerto Wilches,CAS Environmental Authority,Puerto Wilches,Urban,Neighborhood Bellavista,Not reported,Not reported,False,,hydrometeorological,Hydrometeorological,Housing damage recorded
2021 Nov 03 12:00:00 AM,ATENDIDO,2021-11-03T00:00:00.000,INUNDACIONES,FUERTES LLUVIAS,CMGRD DE MALAGA,CAS,MALAGA,URBANO,QUEBRADAS EL MOLINO Y TAJAMAR,0,0.0,0.0,0,0.0,0.0,1.0,0.0,,,,0.0,0.0,0.0,2021-11-03T00:00:00.000,,,"El CMGRD reporta creciente súbita de las quebradas el Molino y Tajamar, su desbordamiento causan inundaciones en el colegio Politécnico, coliseo cubierto y algunas viviendas del sector, se adelantan los EDAN",REPORTE_DE_EVENTOS_POR_DESASTRES_NATURALES_Y_ANTRÓPICOS_(Histórico)_20260415.csv,EVT00426,2021-11-03,ATENDIDO,2021-11-03,INUNDACIONES,FUERTES LLUVIAS,CMGRD DE MALAGA,CAS,MALAGA,URBANO,QUEBRADAS EL MOLINO Y TAJAMAR,0.0,0.0,0.0,0,0.0,0.0,1.0,0.0,,,,0.0,0.0,0.0,2021-11-03,,,"El CMGRD reporta creciente súbita de las quebradas el Molino y Tajamar, su desbordamiento causan inundaciones en el colegio Politécnico, coliseo cubierto y algunas viviendas del sector, se adelantan los EDAN",2021-11-01,0.0,0.0,1.0,True,Responded to,Floods,Heavy rainfall,Municipal Disaster Risk Management Council of Malaga,CAS Environmental Authority,Malaga,Urban,Quebradas the Molino and Tajamar,Not reported,Not reported,False,,hydrometeorological,Hydrometeorological,Infrastructure damage recorded
2021 Nov 06 12:00:00 AM,ATENDIDO,2021-11-06T00:00:00.000,DESLIZAMIENTOS,INDETERMINADO,CMGRD SAN VICENTE DE CHUCURI,CAS,SAN VICENTE,RURAL,SECTOR EL TABLAZO,0,0.0,0.0,0,1.0,0.0,0.0,0.0,,,,0.0,0.0,0.0,2021-11-06T00:00:00.000,,,El CMGRD informa que la via que conduce de Bucaramanga hacia San Vicente de Chucurí fue cerrada por un deslizamiento que se presenta en el sector el Tablazo. Se presenta cierre total 45 mil habitantes incomunicados,REPORTE_DE_EVENTOS_POR_DESASTRES_NATURALES_Y_ANTRÓPICOS_(Histórico)_20260415.csv,EVT00427,2021-11-06,ATENDIDO,2021-11-06,DESLIZAMIENTOS,INDETERMINADO,CMGRD SAN VICENTE DE CHUCURI,CAS,SAN VICENTE,RURAL,SECTOR EL TABLAZO,0.0,0.0,0.0,0,1.0,0.0,0.0,0.0,,,,0.0,0.0,0.0,2021-11-06,,,El CMGRD informa que la via que conduce de Bucaramanga hacia San Vicente de Chucurí fue cerrada por un deslizamiento que se presenta en el sector el Tablazo. Se presenta cierre total 45 mil habitantes incomunicados,2021-11-01,0.0,0.0,1.0,True,Responded to,Landslides,Undetermined,Municipal Disaster Risk Management Council San Vicente of Chucuri,CAS Environmental Authority,San Vicente,Rural,Sector the Tablazo,Not reported,Not reported,False,,geophysical,Geophysical,Infrastructure damage recorded
2021 Nov 09 12:00:00 AM,ATENDIDO,2021-11-09T00:00:00.000,INUNDACIONES,CRECIENTE SUBITA,BOMBEROS DE CIMITARRA,CAS,CIMITARRA,URBANO,BARRIO EL GUAYABITO,4,0.0,4.0,0,0.0,0.0,0.0,0.0,,,,0.0,0.0,0.0,2021-11-09T00:00:00.000,,,"El comandante de bomberos reporta fuertes lluvias que causa creciente súbita de la quebrada Agua Fria, causando colapso del alcantarillado en el barrio el Guayabito, varias edificaciones afectadas entre ellas el Hospital San Juan de Dios",REPORTE_DE_EVENTOS_POR_DESASTRES_NATURALES_Y_ANTRÓPICOS_(Histórico)_20260415.csv,EVT00428,2021-11-09,ATENDIDO,2021-11-09,INUNDACIONES,CRECIENTE SUBITA,BOMBEROS DE CIMITARRA,CAS,CIMITARRA,URBANO,BARRIO EL GUAYABITO,4.0,0.0,4.0,0,0.0,0.0,0.0,0.0,,,,0.0,0.0,0.0,2021-11-09,,,"El comandante de bomberos reporta fuertes lluvias que causa creciente súbita de la quebrada Agua Fria, causando colapso del alcantarillado en el barrio el Guayabito, varias edificaciones afectadas entre ellas el Hospital San Juan de Dios",2021-11-01,0.0,4.0,0.0,True,Responded to,Floods,Flash flood,Fire Department of Cimitarra,CAS Environmental Authority,Cimitarra,Urban,Neighborhood the Guayabito,Not reported,Not reported,False,,hydrometeorological,Hydrometeorological,Housing damage recorded
2021 Nov 10 12:00:00 AM,ATENDIDO,2021-11-10T00:00:00.000,INUNDACIONES,CRECIENTE SUBITA,CMGRD CIMITARRA,CAS,CIMITARRA,RURAL,PUERTO ARAUJO,300,0.0,300.0,0,0.0,0.0,0.0,0.0,,,,0.0,0.0,0.0,2021-11-10T00:00:00.000,,,"El comandante de bomberos reporta fuertes lluvias que causa creciente súbita de la quebrada Agua Fria, causando colapso del alcantarillado en el barrio el Guayabito, varias edificaciones afectadas entre ellas el Hospital San Juan de Dios",REPORTE_DE_EVENTOS_POR_DESASTRES_NATURALES_Y_ANTRÓPICOS_(Histórico)_20260415.csv,EVT00429,2021-11-10,ATENDIDO,2021-11-10,INUNDACIONES,CRECIENTE SUBITA,CMGRD CIMITARRA,CAS,CIMITARRA,RURAL,PUERTO ARAUJO,300.0,0.0,300.0,0,0.0,0.0,0.0,0.0,,,,0.0,0.0,0.0,2021-11-10,,,"El comandante de bomberos reporta fuertes lluvias que causa creciente súbita de la quebrada Agua Fria, causando colapso del alcantarillado en el barrio el Guayabito, varias edificaciones afectadas entre ellas el Hospital San Juan de Dios",2021-11-01,0.0,300.0,0.0,True,Responded to,Floods,Flash flood,Municipal Disaster Risk Management Council Cimitarra,CAS Environmental Authority,Cimitarra,Rural,Puerto Araujo,Not reported,Not reported,False,,hydrometeorological,Hydrometeorological,Housing damage recorded
2021 Nov 23 12:00:00 AM,ATENDIDO,2021-11-23T00:00:00.000,INUNDACIONES,FUERTES LLUVIAS,BOMBEROS DE SAN GIL,CAS,SAN GIL,URBANO,BARRIO GALAN,3,0.0,3.0,0,0.0,0.0,0.0,0.0,,,,0.0,0.0,0.0,2021-11-23T00:00:00.000,,,El comandante de bomberos reporta la atención de 3 viviendas afectadas por las inundaciones causadas por las lluvias de las últimas horas en el barrio Galán. ( no requieren evacuación),REPORTE_DE_EVENTOS_POR_DESASTRES_NATURALES_Y_ANTRÓPICOS_(Histórico)_20260415.csv,EVT00430,2021-11-23,ATENDIDO,2021-11-23,INUNDACIONES,FUERTES LLUVIAS,BOMBEROS DE SAN GIL,CAS,SAN GIL,URBANO,BARRIO GALAN,3.0,0.0,3.0,0,0.0,0.0,0.0,0.0,,,,0.0,0.0,0.0,2021-11-23,,,El comandante de bomberos reporta la atención de 3 viviendas afectadas por las inundaciones causadas por las lluvias de las últimas horas en el barrio Galán. ( no requieren evacuación),2021-11-01,0.0,3.0,0.0,True,Responded to,Floods,Heavy rainfall,Fire Department of San Gil,CAS Environmental Authority,San Gil,Urban,Neighborhood Galan,Not reported,Not reported,False,,hydrometeorological,Hydrometeorological,Housing damage recorded
2021 Nov 24 12:00:00 AM,ATENDIDO,2021-11-24T00:00:00.000,INUNDACIONES,CRECIENTE SUBITA,CMGRD CIMITARRA,CAS,CIMITARRA,RURAL,CORREGIMIENTO LA INDIA,10,0.0,10.0,0,1.0,0.0,0.0,0.0,,,,0.0,0.0,0.0,2021-11-24T00:00:00.000,,,"EL CMGRD reporta crecientes súbitas en el rio Carare que causa inundaciones en el corregimiento de la India, vías afectadas y colapso del alcantarillado, se adelantas las visitas técnicas y EDAN por funcionarios de la alcaldía",REPORTE_DE_EVENTOS_POR_DESASTRES_NATURALES_Y_ANTRÓPICOS_(Histórico)_20260415.csv,EVT00431,2021-11-24,ATENDIDO,2021-11-24,INUNDACIONES,CRECIENTE SUBITA,CMGRD CIMITARRA,CAS,CIMITARRA,RURAL,CORREGIMIENTO LA INDIA,10.0,0.0,10.0,0,1.0,0.0,0.0,0.0,,,,0.0,0.0,0.0,2021-11-24,,,"EL CMGRD reporta crecientes súbitas en el rio Carare que causa inundaciones en el corregimiento de la India, vías afectadas y colapso del alcantarillado, se adelantas las visitas técnicas y EDAN por funcionarios de la alcaldía",2021-11-01,0.0,10.0,1.0,True,Responded to,Floods,Flash flood,Municipal Disaster Risk Management Council Cimitarra,CAS Environmental Authority,Cimitarra,Rural,Township the India,Not reported,Not reported,False,,hydrometeorological,Hydrometeorological,Housing damage recorded
2021 Nov 24 12:00:00 AM,ATENDIDO,2021-11-24T00:00:00.000,DESLIZAMIENTOS,CRECIENTE SUBITA,CMGRD EL CARMEN DE CHUCURI,CAS,EL CARMEN DE CHUCURI,RURAL,VEREDA SANTO DOMINGO DEL RAMO,0,0.0,0.0,0,1.0,0.0,0.0,0.0,,,,0.0,0.0,0.0,2021-11-24T00:00:00.000,,,"El CMGRD reporta creciente súbita de la quebrada Agua Blanca dejando incomunicado el corregimiento Santo Domingo del Ramo donde además se han presentado deslizamientos, se adelantan los EDAN",REPORTE_DE_EVENTOS_POR_DESASTRES_NATURALES_Y_ANTRÓPICOS_(Histórico)_20260415.csv,EVT00432,2021-11-24,ATENDIDO,2021-11-24,DESLIZAMIENTOS,CRECIENTE SUBITA,CMGRD EL CARMEN DE CHUCURI,CAS,EL CARMEN DE CHUCURI,RURAL,VEREDA SANTO DOMINGO DEL RAMO,0.0,0.0,0.0,0,1.0,0.0,0.0,0.0,,,,0.0,0.0,0.0,2021-11-24,,,"El CMGRD reporta creciente súbita de la quebrada Agua Blanca dejando incomunicado el corregimiento Santo Domingo del Ramo donde además se han presentado deslizamientos, se adelantan los EDAN",2021-11-01,0.0,0.0,1.0,True,Responded to,Landslides,Flash flood,Municipal Disaster Risk Management Council the Carmen of Chucuri,CAS Environmental Authority,El Carmen De Chucuri,Rural,Rural Hamlet Santo Domingo of the Ramo,Not reported,Not reported,False,,geophysical,Geophysical,Infrastructure damage recorded
2021 Nov 26 12:00:00 AM,ATENDIDO,2021-11-26T00:00:00.000,INUNDACIONES Y DESLIZAMIENTOS,FUERTES LLUVIAS,CMGRD CIMITARRA,CAS,CIMITARRA,RURAL,VEREDA LAS JOTAS,14,10.0,14.0,0,0.0,0.0,0.0,0.0,,,,0.0,0.0,0.0,2021-11-26T00:00:00.000,,,"EL CMGRD reporta crecientes súbitas en el rio Carare que causa inundaciones en el corregimiento de la India, vías afectadas y colapso del alcantarillado, se adelantas las visitas técnicas y EDAN por funcionarios de la alcaldía. se presenta movimiento en masa en la vereda las Jotas, 10 viviendas han sido destruidas y 14 familias caracterizadas como damnificadas en formatos EDAN",REPORTE_DE_EVENTOS_POR_DESASTRES_NATURALES_Y_ANTRÓPICOS_(Histórico)_20260415.csv,EVT00433,2021-11-26,ATENDIDO,2021-11-26,INUNDACIONES Y DESLIZAMIENTOS,FUERTES LLUVIAS,CMGRD CIMITARRA,CAS,CIMITARRA,RURAL,VEREDA LAS JOTAS,14.0,10.0,14.0,0,0.0,0.0,0.0,0.0,,,,0.0,0.0,0.0,2021-11-26,,,"EL CMGRD reporta crecientes súbitas en el rio Carare que causa inundaciones en el corregimiento de la India, vías afectadas y colapso del alcantarillado, se adelantas las visitas técnicas y EDAN por funcionarios de la alcaldía. se presenta movimiento en masa en la vereda las Jotas, 10 viviendas han sido destruidas y 14 familias caracterizadas como damnificadas en formatos EDAN",2021-11-01,0.0,24.0,0.0,True,Responded to,Floods and landslides,Heavy rainfall,Municipal Disaster Risk Management Council Cimitarra,CAS Environmental Authority,Cimitarra,Rural,Rural Hamlet Las Jotas,Not reported,Not reported,False,,hydrometeorological,Hydrometeorological,Housing damage recorded
2021 Nov 26 12:00:00 AM,ATENDIDO,2021-11-26T00:00:00.000,INUNDACIONES,CRECIENTE SUBITA,CMGRD RIONEGRO,CDMB,RIONEGRO,RURAL,"CORREGIMIENTO LA TIGRA, CUESTA RICA, BAJO RIONEGRO, HONDURAS",30,0.0,30.0,0,4.0,0.0,0.0,0.0,,,,0.0,0.0,0.0,2021-11-26T00:00:00.000,,,"El CMGRD informa que las lluvias de las últimas horas causaron desbordamiento de quebradas y ríos como el Rio Cacira, Rio Lebrija, Rio Negro y quebradas Silgará, Salamaga, la Tigra, causando perdida de cultivos de yuca, platano, aguacate, cítricos, daños en puentes colgantes y afectación en vías de cerca de  4 corregimientos como la Tigra, bajo Rionegro, Galapagos, Cuesta Rica y Honduras, se adelantan los censos de familias afectadas y damnificadas en formatos EDAN.",REPORTE_DE_EVENTOS_POR_DESASTRES_NATURALES_Y_ANTRÓPICOS_(Histórico)_20260415.csv,EVT00434,2021-11-26,ATENDIDO,2021-11-26,INUNDACIONES,CRECIENTE SUBITA,CMGRD RIONEGRO,CDMB,RIONEGRO,RURAL,"CORREGIMIENTO LA TIGRA, CUESTA RICA, BAJO RIONEGRO, HONDURAS",30.0,0.0,30.0,0,4.0,0.0,0.0,0.0,,,,0.0,0.0,0.0,2021-11-26,,,"El CMGRD informa que las lluvias de las últimas horas causaron desbordamiento de quebradas y ríos como el Rio Cacira, Rio Lebrija, Rio Negro y quebradas Silgará, Salamaga, la Tigra, causando perdida de cultivos de yuca, platano, aguacate, cítricos, daños en puentes colgantes y afectación en vías de cerca de 4 corregimientos como la Tigra, bajo Rionegro, Galapagos, Cuesta Rica y Honduras, se adelantan los censos de familias afectadas y damnificadas en formatos EDAN.",2021-11-01,0.0,30.0,4.0,True,Responded to,Floods,Flash flood,Municipal Disaster Risk Management Council Rionegro,CDMB Environmental Authority,Rionegro,Rural,Township the Tigra Cuesta Rica Bajo Rionegro Honduras,Not reported,Not reported,False,,hydrometeorological,Hydrometeorological,Housing damage recorded
2021 Dec 11 12:00:00 AM,ATENDIDO,2021-12-11T00:00:00.000,INCENDIO FORESTAL,INDETERMINADO,BOMBEROS DE RIONEGRO,CDMB,RIONEGRO,RURAL,VEREDA LAS SARDINAS,0,0.0,0.0,0,0.0,0.0,0.0,2.0,,,,0.0,0.0,0.0,2021-12-11T00:00:00.000,,,"El comandante de bomberos reporta atención y liquidación de un incendio forestal en la vereda la Sardinas, finca la Tigra, causas desconocidas, afectación de 1 y ½ hectateas de vegetación nativa.",REPORTE_DE_EVENTOS_POR_DESASTRES_NATURALES_Y_ANTRÓPICOS_(Histórico)_20260415.csv,EVT00435,2021-12-11,ATENDIDO,2021-12-11,INCENDIO FORESTAL,INDETERMINADO,BOMBEROS DE RIONEGRO,CDMB,RIONEGRO,RURAL,VEREDA LAS SARDINAS,0.0,0.0,0.0,0,0.0,0.0,0.0,2.0,,,,0.0,0.0,0.0,2021-12-11,,,"El comandante de bomberos reporta atención y liquidación de un incendio forestal en la vereda la Sardinas, finca la Tigra, causas desconocidas, afectación de 1 y ½ hectateas de vegetación nativa.",2021-12-01,0.0,0.0,0.0,True,Responded to,Forest fire,Undetermined,Fire Department of Rionegro,CDMB Environmental Authority,Rionegro,Rural,Rural Hamlet Las Sardinas,Not reported,Not reported,False,,other,Other or unclassified,Agricultural or land impact recorded
2021 Dec 16 12:00:00 AM,ATENDIDO,2021-12-16T00:00:00.000,INCENDIO FORESTAL,INDETERMINADO,CMGRD DE SAN ANDRES,CAS,SAN ANDRES,RURAL,VEREDA CARABALI,0,0.0,0.0,0,0.0,0.0,0.0,20.0,,,,0.0,0.0,0.0,2021-12-16T00:00:00.000,,,"El CMGRD reporta la atención de un incendio forestal en la vereda Carabalí, sector la cabrera, atendido por bomberos del municipio con apoyo de la policía nacional, defensa civil de Guaca y comunidad, estado liquidado, afectación de 20 hectáreas de pastizales y bosque nativo",REPORTE_DE_EVENTOS_POR_DESASTRES_NATURALES_Y_ANTRÓPICOS_(Histórico)_20260415.csv,EVT00436,2021-12-16,ATENDIDO,2021-12-16,INCENDIO FORESTAL,INDETERMINADO,CMGRD DE SAN ANDRES,CAS,SAN ANDRES,RURAL,VEREDA CARABALI,0.0,0.0,0.0,0,0.0,0.0,0.0,20.0,,,,0.0,0.0,0.0,2021-12-16,,,"El CMGRD reporta la atención de un incendio forestal en la vereda Carabalí, sector la cabrera, atendido por bomberos del municipio con apoyo de la policía nacional, defensa civil de Guaca y comunidad, estado liquidado, afectación de 20 hectáreas de pastizales y bosque nativo",2021-12-01,0.0,0.0,0.0,True,Responded to,Forest fire,Undetermined,Municipal Disaster Risk Management Council of San Andres,CAS Environmental Authority,San Andres,Rural,Rural Hamlet Carabali,Not reported,Not reported,False,,other,Other or unclassified,Agricultural or land impact recorded
2022 Jan 06 12:00:00 AM,ATENDIDO,2022-01-06T00:00:00.000,INCENDIO FORESTAL,INDETERMINADO,BOMBEROS DE CONCEPCION,CAS,CONCEPCION,RURAL,VEREDA JUNIN,0,0.0,0.0,0,0.0,0.0,0.0,7.0,,,,0.0,0.0,0.0,2022-01-07T00:00:00.000,,,"El comandante de bomberos reporta la atención y liquidación de un incendio forestal en la vereda Junín afectando unas 7 hectáreas apx. De pastizales y bosque nativo, se recibió apoyo de bomberos del Cerrito, estado liquidado",REPORTE_DE_EVENTOS_POR_DESASTRES_NATURALES_Y_ANTRÓPICOS_(Histórico)_20260415.csv,EVT00438,2022-01-06,ATENDIDO,2022-01-06,INCENDIO FORESTAL,INDETERMINADO,BOMBEROS DE CONCEPCION,CAS,CONCEPCION,RURAL,VEREDA JUNIN,0.0,0.0,0.0,0,0.0,0.0,0.0,7.0,,,,0.0,0.0,0.0,2022-01-07,,,"El comandante de bomberos reporta la atención y liquidación de un incendio forestal en la vereda Junín afectando unas 7 hectáreas apx. De pastizales y bosque nativo, se recibió apoyo de bomberos del Cerrito, estado liquidado",2022-01-01,0.0,0.0,0.0,True,Responded to,Forest fire,Undetermined,Fire Department of Concepcion,CAS Environmental Authority,Concepcion,Rural,Rural Hamlet Junin,Not reported,Not reported,False,,other,Other or unclassified,Agricultural or land impact recorded
2022 Jan 10 12:00:00 AM,ATENDIDO,2022-01-10T00:00:00.000,INCENDIO FORESTAL,INDETERMINADO,CMGRD DE PIEDECUESTA,CDMB,PIEDECUESTA,RURAL,VEREDA GUATIGUARA SECTOR PICO DEL GUILA,0,0.0,0.0,0,0.0,0.0,0.0,35.0,,,,0.0,0.0,0.0,2022-01-10T00:00:00.000,,,"El CMGRD reporta la atención de un incendio forestal en el sector de Guatiguará, cerro Pico del Aguila, atendido por bomberos de Pieecuesta, apoyados por bomberos de Floridablanca, PONALSAR y ejercito de Colombia, batallón de ingenieros Caldas",REPORTE_DE_EVENTOS_POR_DESASTRES_NATURALES_Y_ANTRÓPICOS_(Histórico)_20260415.csv,EVT00439,2022-01-10,ATENDIDO,2022-01-10,INCENDIO FORESTAL,INDETERMINADO,CMGRD DE PIEDECUESTA,CDMB,PIEDECUESTA,RURAL,VEREDA GUATIGUARA SECTOR PICO DEL GUILA,0.0,0.0,0.0,0,0.0,0.0,0.0,35.0,,,,0.0,0.0,0.0,2022-01-10,,,"El CMGRD reporta la atención de un incendio forestal en el sector de Guatiguará, cerro Pico del Aguila, atendido por bomberos de Pieecuesta, apoyados por bomberos de Floridablanca, PONALSAR y ejercito de Colombia, batallón de ingenieros Caldas",2022-01-01,0.0,0.0,0.0,True,Responded to,Forest fire,Undetermined,Municipal Disaster Risk Management Council of Piedecuesta,CDMB Environmental Authority,Piedecuesta,Rural,Rural Hamlet Guatiguara Sector Pico of the Guila,Not reported,Not reported,False,,other,Other or unclassified,Agricultural or land impact recorded
2022 Jan 15 12:00:00 AM,ATENDIDO,2022-02-15T00:00:00.000,INCENDIO FORESTAL,INDETERMINADO,CMGRD SAN JOSE DE MIRANDA,CAS,SAN JOSE DE MIRANDA,RURAL,VEREDA EL SALADO,0,0.0,0.0,0,0.0,0.0,0.0,2.0,,,,,0.0,0.0,2022-01-15T00:00:00.000,,,"El comandante de bomberos de Enciso, reporta la atención de un incendio forestal en la vereda el Salado, sector Mesa Grande del municipio de San José de Miranda, el cual afectó 2 hectáreas de pastizales y bosque nativo, causas desconocidas",REPORTE_DE_EVENTOS_POR_DESASTRES_NATURALES_Y_ANTRÓPICOS_(Histórico)_20260415.csv,EVT00440,2022-01-15,ATENDIDO,2022-02-15,INCENDIO FORESTAL,INDETERMINADO,CMGRD SAN JOSE DE MIRANDA,CAS,SAN JOSE DE MIRANDA,RURAL,VEREDA EL SALADO,0.0,0.0,0.0,0,0.0,0.0,0.0,2.0,,,,,0.0,0.0,2022-01-15,,,"El comandante de bomberos de Enciso, reporta la atención de un incendio forestal en la vereda el Salado, sector Mesa Grande del municipio de San José de Miranda, el cual afectó 2 hectáreas de pastizales y bosque nativo, causas desconocidas",2022-01-01,0.0,0.0,0.0,True,Responded to,Forest fire,Undetermined,Municipal Disaster Risk Management Council San Jose of Miranda,CAS Environmental Authority,San Jose De Miranda,Rural,Rural Hamlet the Salado,Not reported,Not reported,False,,other,Other or unclassified,Agricultural or land impact recorded
2022 Jan 19 12:00:00 AM,ATENDIDO,2022-01-19T00:00:00.000,INCENDIO FORESTAL,INDETERMINADO,CMGRD LOS SANTOS,CAS,LOS SANTOS,RURAL,VEREDA SAN RAFAEL,0,0.0,0.0,0,0.0,0.0,0.0,30.0,,,,0.0,0.0,0.0,2022-01-19T00:00:00.000,,,"El CMGRD reporta atención de incendio forestal en la vereda san Rafael, en el mirador del cañón del Chicamocha, atienden bomberos de los Santos, apoyados por bomberos de Floridablanca, comunidad, ejército nacional y la policía nacional, afectación de unas 30 hectáreas de bosque nativo, causas desconocidas",REPORTE_DE_EVENTOS_POR_DESASTRES_NATURALES_Y_ANTRÓPICOS_(Histórico)_20260415.csv,EVT00441,2022-01-19,ATENDIDO,2022-01-19,INCENDIO FORESTAL,INDETERMINADO,CMGRD LOS SANTOS,CAS,LOS SANTOS,RURAL,VEREDA SAN RAFAEL,0.0,0.0,0.0,0,0.0,0.0,0.0,30.0,,,,0.0,0.0,0.0,2022-01-19,,,"El CMGRD reporta atención de incendio forestal en la vereda san Rafael, en el mirador del cañón del Chicamocha, atienden bomberos de los Santos, apoyados por bomberos de Floridablanca, comunidad, ejército nacional y la policía nacional, afectación de unas 30 hectáreas de bosque nativo, causas desconocidas",2022-01-01,0.0,0.0,0.0,True,Responded to,Forest fire,Undetermined,Municipal Disaster Risk Management Council Los Santos,CAS Environmental Authority,Los Santos,Rural,Rural Hamlet San Rafael,Not reported,Not reported,False,,other,Other or unclassified,Agricultural or land impact recorded
2022 Jan 21 12:00:00 AM,ATENDIDO,2022-01-21T00:00:00.000,INCENDIO FORESTAL,INDETERMINADO,BOMBEROS DE GALAN,CAS,GALAN,RURAL,VEREDA EL ALTO,0,0.0,0.0,0,0.0,0.0,0.0,2.0,,,,0.0,0.0,0.0,2022-01-21T00:00:00.000,,,"El comandante de bomberos reporta la atención de un incendio forestal en la vereda el Alto, apoyados por la policía nacional, bomberos de Barichara y la comunidad, afectación de 10 hectáreas de pastizales y bosque nativo apx. Liquidado",REPORTE_DE_EVENTOS_POR_DESASTRES_NATURALES_Y_ANTRÓPICOS_(Histórico)_20260415.csv,EVT00442,2022-01-21,ATENDIDO,2022-01-21,INCENDIO FORESTAL,INDETERMINADO,BOMBEROS DE GALAN,CAS,GALAN,RURAL,VEREDA EL ALTO,0.0,0.0,0.0,0,0.0,0.0,0.0,2.0,,,,0.0,0.0,0.0,2022-01-21,,,"El comandante de bomberos reporta la atención de un incendio forestal en la vereda el Alto, apoyados por la policía nacional, bomberos de Barichara y la comunidad, afectación de 10 hectáreas de pastizales y bosque nativo apx. Liquidado",2022-01-01,0.0,0.0,0.0,True,Responded to,Forest fire,Undetermined,Fire Department of Galan,CAS Environmental Authority,Galan,Rural,Rural Hamlet the Alto,Not reported,Not reported,False,,other,Other or unclassified,Agricultural or land impact recorded
2022 Jan 22 12:00:00 AM,ATENDIDO,2022-01-22T00:00:00.000,INCENDIO FORESTAL,INDETERMINADO,BOMBEROS DE ARATOCA,CAS,ARATOCA,RURAL,VEREDA CLAVELLINAS,0,0.0,0.0,0,0.0,0.0,0.0,12.0,,,,0.0,0.0,0.0,2022-01-22T00:00:00.000,,,"El comandante de bomberos de Aratoca reporta atención de un incendio forestal en la vereda Clavelinas, apoyan bomberos de Curití, Barichara y Villanueva, causas desconocidas y se afectaron unas  12  hectáreas apx. de bosque nativo y helechos, cultivos de plátano y café. Liquidado.",REPORTE_DE_EVENTOS_POR_DESASTRES_NATURALES_Y_ANTRÓPICOS_(Histórico)_20260415.csv,EVT00443,2022-01-22,ATENDIDO,2022-01-22,INCENDIO FORESTAL,INDETERMINADO,BOMBEROS DE ARATOCA,CAS,ARATOCA,RURAL,VEREDA CLAVELLINAS,0.0,0.0,0.0,0,0.0,0.0,0.0,12.0,,,,0.0,0.0,0.0,2022-01-22,,,"El comandante de bomberos de Aratoca reporta atención de un incendio forestal en la vereda Clavelinas, apoyan bomberos de Curití, Barichara y Villanueva, causas desconocidas y se afectaron unas 12 hectáreas apx. de bosque nativo y helechos, cultivos de plátano y café. Liquidado.",2022-01-01,0.0,0.0,0.0,True,Responded to,Forest fire,Undetermined,Fire Department of Aratoca,CAS Environmental Authority,Aratoca,Rural,Rural Hamlet Clavellinas,Not reported,Not reported,False,,other,Other or unclassified,Agricultural or land impact recorded
2022 Jan 22 12:00:00 AM,ATENDIDO,2022-01-22T00:00:00.000,INCENDIO FORESTAL,INDETERMINADO,BOMBEROS DE BARBOSA,CAS,BARBOSA,RURAL,VEREDA POZO NEGRO SECTOR ALTO,0,0.0,0.0,0,0.0,0.0,0.0,5.0,,,,0.0,0.0,0.0,2022-01-22T00:00:00.000,,,"El comandante de bomberos reporta la atención de un incendio forestal en la vereda Poza Negro, sector alto, afectando 5 hectáreas de pastizales y bosques. Liquidado",REPORTE_DE_EVENTOS_POR_DESASTRES_NATURALES_Y_ANTRÓPICOS_(Histórico)_20260415.csv,EVT00444,2022-01-22,ATENDIDO,2022-01-22,INCENDIO FORESTAL,INDETERMINADO,BOMBEROS DE BARBOSA,CAS,BARBOSA,RURAL,VEREDA POZO NEGRO SECTOR ALTO,0.0,0.0,0.0,0,0.0,0.0,0.0,5.0,,,,0.0,0.0,0.0,2022-01-22,,,"El comandante de bomberos reporta la atención de un incendio forestal en la vereda Poza Negro, sector alto, afectando 5 hectáreas de pastizales y bosques. Liquidado",2022-01-01,0.0,0.0,0.0,True,Responded to,Forest fire,Undetermined,Fire Department of Barbosa,CAS Environmental Authority,Barbosa,Rural,Rural Hamlet Pozo Negro Sector Alto,Not reported,Not reported,False,,other,Other or unclassified,Agricultural or land impact recorded
2022 Jan 27 12:00:00 AM,ATENDIDO,2022-01-27T00:00:00.000,INCENDIO FORESTAL,INDETERMINADO,BOMBEROS DE ENCISO,CAS,ENCISO,RURAL,VEREDA LOMA DEL NEGRO,0,0.0,0.0,0,0.0,0.0,0.0,8.0,,,,0.0,0.0,0.0,2022-01-27T00:00:00.000,,,"El comandante de bomberos reporta la atención de un incendio forestal en la vereda Loma del Negro sector Agua Blanca, apoyados por bomberos de Cerrito, Capitanejo, Carcasí, la policía nacional, funcionarios de la alcaldía y la comunidad, afectación de 8 hectáreas de pastizales y bosque nativo. Estado liquidado",REPORTE_DE_EVENTOS_POR_DESASTRES_NATURALES_Y_ANTRÓPICOS_(Histórico)_20260415.csv,EVT00445,2022-01-27,ATENDIDO,2022-01-27,INCENDIO FORESTAL,INDETERMINADO,BOMBEROS DE ENCISO,CAS,ENCISO,RURAL,VEREDA LOMA DEL NEGRO,0.0,0.0,0.0,0,0.0,0.0,0.0,8.0,,,,0.0,0.0,0.0,2022-01-27,,,"El comandante de bomberos reporta la atención de un incendio forestal en la vereda Loma del Negro sector Agua Blanca, apoyados por bomberos de Cerrito, Capitanejo, Carcasí, la policía nacional, funcionarios de la alcaldía y la comunidad, afectación de 8 hectáreas de pastizales y bosque nativo. Estado liquidado",2022-01-01,0.0,0.0,0.0,True,Responded to,Forest fire,Undetermined,Fire Department of Enciso,CAS Environmental Authority,Enciso,Rural,Rural Hamlet Loma of the Negro,Not reported,Not reported,False,,other,Other or unclassified,Agricultural or land impact recorded
2022 Jan 27 12:00:00 AM,ATENDIDO,2022-01-27T00:00:00.000,INCENDIO FORESTAL,INDETERMINADO,BOMBEROS DE ZAPATOCA,CAS,ZAPATOCA,RURAL,VEREDA LA CASICA,0,0.0,0.0,0,0.0,0.0,0.0,4.0,,,,0.0,0.0,0.0,2022-01-27T00:00:00.000,,,"El comandante de bomberos reporta la atención de un incendio forestal en la vereda La Casica, atendido por 6 unidades de bomberos, afectación de 4 hectáreas de bosque natural, estado liquidado",REPORTE_DE_EVENTOS_POR_DESASTRES_NATURALES_Y_ANTRÓPICOS_(Histórico)_20260415.csv,EVT00446,2022-01-27,ATENDIDO,2022-01-27,INCENDIO FORESTAL,INDETERMINADO,BOMBEROS DE ZAPATOCA,CAS,ZAPATOCA,RURAL,VEREDA LA CASICA,0.0,0.0,0.0,0,0.0,0.0,0.0,4.0,,,,0.0,0.0,0.0,2022-01-27,,,"El comandante de bomberos reporta la atención de un incendio forestal en la vereda La Casica, atendido por 6 unidades de bomberos, afectación de 4 hectáreas de bosque natural, estado liquidado",2022-01-01,0.0,0.0,0.0,True,Responded to,Forest fire,Undetermined,Fire Department of Zapatoca,CAS Environmental Authority,Zapatoca,Rural,Rural Hamlet the Casica,Not reported,Not reported,False,,other,Other or unclassified,Agricultural or land impact recorded
2022 Jan 29 12:00:00 AM,ATENDIDO,2022-01-29T00:00:00.000,INCENDIO FORESTAL,INDETERMINADO,CMGRD BARRANCABERMEJA,CAS,BARRANCABERMEJA,RURAL,VEREDA PENJAMO,0,0.0,0.0,0,0.0,0.0,0.0,10.0,,,,0.0,0.0,0.0,2022-01-29T00:00:00.000,,,"El CMGRD reporta atención de un incendio forestal en la vereda Pénjamo vía al Llanito, atendido por bomberos voluntarios de Barrancabermeja, 10 hectáreas de pastizales y bosques afectados, estado liquidado",REPORTE_DE_EVENTOS_POR_DESASTRES_NATURALES_Y_ANTRÓPICOS_(Histórico)_20260415.csv,EVT00447,2022-01-29,ATENDIDO,2022-01-29,INCENDIO FORESTAL,INDETERMINADO,CMGRD BARRANCABERMEJA,CAS,BARRANCABERMEJA,RURAL,VEREDA PENJAMO,0.0,0.0,0.0,0,0.0,0.0,0.0,10.0,,,,0.0,0.0,0.0,2022-01-29,,,"El CMGRD reporta atención de un incendio forestal en la vereda Pénjamo vía al Llanito, atendido por bomberos voluntarios de Barrancabermeja, 10 hectáreas de pastizales y bosques afectados, estado liquidado",2022-01-01,0.0,0.0,0.0,True,Responded to,Forest fire,Undetermined,Municipal Disaster Risk Management Council Barrancabermeja,CAS Environmental Authority,Barrancabermeja,Rural,Rural Hamlet Penjamo,Not reported,Not reported,False,,other,Other or unclassified,Agricultural or land impact recorded
2022 Jan 31 12:00:00 AM,ATENDIDO,2022-01-31T00:00:00.000,INCENDIO FORESTAL,INDETERMINADO,CMGRD OCAMONTE,CAS,OCAMONTE,RURAL,VEREDA PUENTES,0,0.0,0.0,0,0.0,0.0,0.0,10.0,,,,0.0,0.0,0.0,2022-01-31T00:00:00.000,,,"El CMGRD reporta atención de un incendio forestal en la vereda Puentes, atendido por bomberos de Ocamonte, apoyados por bomberos de Páramo, policía nacional y la comunidad, afectación de 10 hectáreas de cultivo de caña de azúcar, estado liquidado, causas desconocidas",REPORTE_DE_EVENTOS_POR_DESASTRES_NATURALES_Y_ANTRÓPICOS_(Histórico)_20260415.csv,EVT00448,2022-01-31,ATENDIDO,2022-01-31,INCENDIO FORESTAL,INDETERMINADO,CMGRD OCAMONTE,CAS,OCAMONTE,RURAL,VEREDA PUENTES,0.0,0.0,0.0,0,0.0,0.0,0.0,10.0,,,,0.0,0.0,0.0,2022-01-31,,,"El CMGRD reporta atención de un incendio forestal en la vereda Puentes, atendido por bomberos de Ocamonte, apoyados por bomberos de Páramo, policía nacional y la comunidad, afectación de 10 hectáreas de cultivo de caña de azúcar, estado liquidado, causas desconocidas",2022-01-01,0.0,0.0,0.0,True,Responded to,Forest fire,Undetermined,Municipal Disaster Risk Management Council Ocamonte,CAS Environmental Authority,Ocamonte,Rural,Rural Hamlet Puentes,Not reported,Not reported,False,,other,Other or unclassified,Agricultural or land impact recorded
2022 Jan 31 12:00:00 AM,ATENDIDO,2022-01-31T00:00:00.000,INCENDIO FORESTAL,INDETERMINADO,CMGRD EL PLAYON,CDMB,EL PLAYON,RURAL,VEREDA SAN AGUSTIN,0,0.0,0.0,0,0.0,0.0,0.0,2.0,,,,0.0,0.0,0.0,2022-01-31T00:00:00.000,,,"El CMGRD reporta atención de un incendio forestal en la vereda San Agustín, se solicitó apoyo al cuerpo de bomberos de Rionegro y la comunidad, afectación de 2 hectáreas de helechos y bosques, causas desconocidas, estado liquidado",REPORTE_DE_EVENTOS_POR_DESASTRES_NATURALES_Y_ANTRÓPICOS_(Histórico)_20260415.csv,EVT00449,2022-01-31,ATENDIDO,2022-01-31,INCENDIO FORESTAL,INDETERMINADO,CMGRD EL PLAYON,CDMB,EL PLAYON,RURAL,VEREDA SAN AGUSTIN,0.0,0.0,0.0,0,0.0,0.0,0.0,2.0,,,,0.0,0.0,0.0,2022-01-31,,,"El CMGRD reporta atención de un incendio forestal en la vereda San Agustín, se solicitó apoyo al cuerpo de bomberos de Rionegro y la comunidad, afectación de 2 hectáreas de helechos y bosques, causas desconocidas, estado liquidado",2022-01-01,0.0,0.0,0.0,True,Responded to,Forest fire,Undetermined,Municipal Disaster Risk Management Council the Playon,CDMB Environmental Authority,El Playon,Rural,Rural Hamlet San Agustin,Not reported,Not reported,False,,other,Other or unclassified,Agricultural or land impact recorded
2022 Feb 02 12:00:00 AM,ATENDIDO,2022-02-02T00:00:00.000,INCENDIO FORESTAL,INDETERMINADO,CMGD CURITI,CDMB,CURITI,RURAL,VEREDA EL RAMAL,0,0.0,0.0,0,0.0,0.0,0.0,3.0,,,,0.0,0.0,0.0,2022-02-02T00:00:00.000,,,"El CMGRD reporta la atención de un incendio forestal en el sector el Ramal, atendido por la defensa civil y la policía nacional, afectación de 3 hectáreas de pastizales, causas desconocidas, estado Liquidado",REPORTE_DE_EVENTOS_POR_DESASTRES_NATURALES_Y_ANTRÓPICOS_(Histórico)_20260415.csv,EVT00450,2022-02-02,ATENDIDO,2022-02-02,INCENDIO FORESTAL,INDETERMINADO,CMGD CURITI,CDMB,CURITI,RURAL,VEREDA EL RAMAL,0.0,0.0,0.0,0,0.0,0.0,0.0,3.0,,,,0.0,0.0,0.0,2022-02-02,,,"El CMGRD reporta la atención de un incendio forestal en el sector el Ramal, atendido por la defensa civil y la policía nacional, afectación de 3 hectáreas de pastizales, causas desconocidas, estado Liquidado",2022-02-01,0.0,0.0,0.0,True,Responded to,Forest fire,Undetermined,Cmgd Curiti,CDMB Environmental Authority,Curiti,Rural,Rural Hamlet the Ramal,Not reported,Not reported,False,,other,Other or unclassified,Agricultural or land impact recorded
2022 Feb 02 12:00:00 AM,ATENDIDO,2022-02-02T00:00:00.000,INCENDIO FORESTAL,INDETERMINADO,CMGRD CONCEPCION,CAS,CONCEPCION,RURAL,VEREDA CARABOBO SECTOR TABETA,0,0.0,0.0,0,0.0,0.0,0.0,10.0,,,,0.0,0.0,0.0,2022-02-02T00:00:00.000,,,"El CMGRD reporta la atención de un incendio forestal en la vereda Carabobo sector Tabeta, afectación de 10 hectáreas de vegetación nativa de paramos",REPORTE_DE_EVENTOS_POR_DESASTRES_NATURALES_Y_ANTRÓPICOS_(Histórico)_20260415.csv,EVT00451,2022-02-02,ATENDIDO,2022-02-02,INCENDIO FORESTAL,INDETERMINADO,CMGRD CONCEPCION,CAS,CONCEPCION,RURAL,VEREDA CARABOBO SECTOR TABETA,0.0,0.0,0.0,0,0.0,0.0,0.0,10.0,,,,0.0,0.0,0.0,2022-02-02,,,"El CMGRD reporta la atención de un incendio forestal en la vereda Carabobo sector Tabeta, afectación de 10 hectáreas de vegetación nativa de paramos",2022-02-01,0.0,0.0,0.0,True,Responded to,Forest fire,Undetermined,Municipal Disaster Risk Management Council Concepcion,CAS Environmental Authority,Concepcion,Rural,Rural Hamlet Carabobo Sector Tabeta,Not reported,Not reported,False,,other,Other or unclassified,Agricultural or land impact recorded
2022 Feb 02 12:00:00 AM,ATENDIDO,2022-02-02T00:00:00.000,INCENDIO FORESTAL,INDETERMINADO,BOMBEROS DEL PALMAR,CAS,PALMAR,RURAL,VEREDA CINCOMIL,0,0.0,0.0,0,0.0,0.0,0.0,2.0,,,,0.0,0.0,0.0,2022-02-02T00:00:00.000,,,"El comandante de bomberos reporta la atención de un incendio forestal en la vereda cincomil, apoyados por la policía nacional y la comunidad, afectación de 2 hectáreas de bosque nativo y pastizales",REPORTE_DE_EVENTOS_POR_DESASTRES_NATURALES_Y_ANTRÓPICOS_(Histórico)_20260415.csv,EVT00452,2022-02-02,ATENDIDO,2022-02-02,INCENDIO FORESTAL,INDETERMINADO,BOMBEROS DEL PALMAR,CAS,PALMAR,RURAL,VEREDA CINCOMIL,0.0,0.0,0.0,0,0.0,0.0,0.0,2.0,,,,0.0,0.0,0.0,2022-02-02,,,"El comandante de bomberos reporta la atención de un incendio forestal en la vereda cincomil, apoyados por la policía nacional y la comunidad, afectación de 2 hectáreas de bosque nativo y pastizales",2022-02-01,0.0,0.0,0.0,True,Responded to,Forest fire,Undetermined,Fire Department of the Palmar,CAS Environmental Authority,Palmar,Rural,Rural Hamlet Cincomil,Not reported,Not reported,False,,other,Other or unclassified,Agricultural or land impact recorded
2022 Feb 03 12:00:00 AM,ATENDIDO,2022-02-03T00:00:00.000,INCENDIO FORESTAL,INDETERMINADO,BOMBEROS DE CHARALA,CAS,CHARALA,RURAL,CORREGIMIENTO RIACHUELO,0,0.0,0.0,0,0.0,0.0,0.0,4.0,,,,0.0,0.0,0.0,2022-02-03T00:00:00.000,,,"El CMGRD reporta atención de incendio forestal en la vereda la loma del corregimiento de Riachuelo, atendido por bomberos del municipio y la comunidad, afectación de 4 hectáreas de pastizales y bosque nativo, estado liquidado causas por establecer",REPORTE_DE_EVENTOS_POR_DESASTRES_NATURALES_Y_ANTRÓPICOS_(Histórico)_20260415.csv,EVT00453,2022-02-03,ATENDIDO,2022-02-03,INCENDIO FORESTAL,INDETERMINADO,BOMBEROS DE CHARALA,CAS,CHARALA,RURAL,CORREGIMIENTO RIACHUELO,0.0,0.0,0.0,0,0.0,0.0,0.0,4.0,,,,0.0,0.0,0.0,2022-02-03,,,"El CMGRD reporta atención de incendio forestal en la vereda la loma del corregimiento de Riachuelo, atendido por bomberos del municipio y la comunidad, afectación de 4 hectáreas de pastizales y bosque nativo, estado liquidado causas por establecer",2022-02-01,0.0,0.0,0.0,True,Responded to,Forest fire,Undetermined,Fire Department of Charala,CAS Environmental Authority,Charala,Rural,Township Riachuelo,Not reported,Not reported,False,,other,Other or unclassified,Agricultural or land impact recorded
2022 Feb 03 12:00:00 AM,ATENDIDO,2022-02-03T00:00:00.000,INCENDIO FORESTAL,INDETERMINADO,BOMBEROS DE ZAPATOCA,CAS,ZAPATOCA,RURAL,VEREDA SAN JAVIER,0,0.0,0.0,0,0.0,0.0,0.0,4.0,,,,0.0,0.0,0.0,2022-02-03T00:00:00.000,,,"EL CMGRD reporta atención de incendio forestal en la vereda San Javier, controlado por los bomberos de Zapatoca y apoyo de la comunidad, 4 hectáreas de helechos y pastizales afectados, estado liquidado, causas desconocidas",REPORTE_DE_EVENTOS_POR_DESASTRES_NATURALES_Y_ANTRÓPICOS_(Histórico)_20260415.csv,EVT00454,2022-02-03,ATENDIDO,2022-02-03,INCENDIO FORESTAL,INDETERMINADO,BOMBEROS DE ZAPATOCA,CAS,ZAPATOCA,RURAL,VEREDA SAN JAVIER,0.0,0.0,0.0,0,0.0,0.0,0.0,4.0,,,,0.0,0.0,0.0,2022-02-03,,,"EL CMGRD reporta atención de incendio forestal en la vereda San Javier, controlado por los bomberos de Zapatoca y apoyo de la comunidad, 4 hectáreas de helechos y pastizales afectados, estado liquidado, causas desconocidas",2022-02-01,0.0,0.0,0.0,True,Responded to,Forest fire,Undetermined,Fire Department of Zapatoca,CAS Environmental Authority,Zapatoca,Rural,Rural Hamlet San Javier,Not reported,Not reported,False,,other,Other or unclassified,Agricultural or land impact recorded
2022 Feb 06 12:00:00 AM,ATENDIDO,2022-02-06T00:00:00.000,INCENDIO FORESTAL,INDETERMINADO,POLICIA NACIONAL Y COMUNIDAD,CAS,BOLIVAR,RURAL,VEREDA SAN ANTONIO SECTOR EL MOLINO,0,0.0,0.0,0,0.0,0.0,0.0,6.0,,,,0.0,0.0,0.0,2022-02-06T00:00:00.000,,,"El CMGRD del municipio de Bolívar reporta atención de incendio forestal en la vereda San Antonio sector el molino, atendido por la comunidad, policía nacional y apoyo del cuerpo de bomberos de Vélez , afectación de 6 hectáreas de bosque nativo y bosque de pino",REPORTE_DE_EVENTOS_POR_DESASTRES_NATURALES_Y_ANTRÓPICOS_(Histórico)_20260415.csv,EVT00455,2022-02-06,ATENDIDO,2022-02-06,INCENDIO FORESTAL,INDETERMINADO,POLICIA NACIONAL Y COMUNIDAD,CAS,BOLIVAR,RURAL,VEREDA SAN ANTONIO SECTOR EL MOLINO,0.0,0.0,0.0,0,0.0,0.0,0.0,6.0,,,,0.0,0.0,0.0,2022-02-06,,,"El CMGRD del municipio de Bolívar reporta atención de incendio forestal en la vereda San Antonio sector el molino, atendido por la comunidad, policía nacional y apoyo del cuerpo de bomberos de Vélez , afectación de 6 hectáreas de bosque nativo y bosque de pino",2022-02-01,0.0,0.0,0.0,True,Responded to,Forest fire,Undetermined,National Police and Comunidad,CAS Environmental Authority,Bolivar,Rural,Rural Hamlet San Antonio Sector the Molino,Not reported,Not reported,False,,other,Other or unclassified,Agricultural or land impact recorded
2022 Feb 07 12:00:00 AM,ATENDIDO,2022-02-07T00:00:00.000,TORMENTAS ELECTRICAS,FUERTES LLUVIAS,QUEBRADA LA LOMERA Y LA JABONERA,CDMB,BUCARAMANGA,URBANO,ZONA NORTE,20,0.0,20.0,0,0.0,0.0,0.0,0.0,,,,0.0,0.0,0.0,2022-02-07T00:00:00.000,,,"El CMGRD reporta afectaciones en tres puentes peatonales por crecientes súbitas en las quebradas la Lomera y Jabonera, afectación en cerca de 20 viviendas, afectación en varias vías urbanas y rurales por caída de árboles, postes de energía eléctrica, deslizamientos y colapso del alcantarillado, se adelantan los EDAN",REPORTE_DE_EVENTOS_POR_DESASTRES_NATURALES_Y_ANTRÓPICOS_(Histórico)_20260415.csv,EVT00456,2022-02-07,ATENDIDO,2022-02-07,TORMENTAS ELECTRICAS,FUERTES LLUVIAS,QUEBRADA LA LOMERA Y LA JABONERA,CDMB,BUCARAMANGA,URBANO,ZONA NORTE,20.0,0.0,20.0,0,0.0,0.0,0.0,0.0,,,,0.0,0.0,0.0,2022-02-07,,,"El CMGRD reporta afectaciones en tres puentes peatonales por crecientes súbitas en las quebradas la Lomera y Jabonera, afectación en cerca de 20 viviendas, afectación en varias vías urbanas y rurales por caída de árboles, postes de energía eléctrica, deslizamientos y colapso del alcantarillado, se adelantan los EDAN",2022-02-01,0.0,20.0,0.0,True,Responded to,Thunderstorms,Heavy rainfall,Quebrada the Lomera and the Jabonera,CDMB Environmental Authority,Bucaramanga,Urban,Zona Norte,Not reported,Not reported,False,,hydrometeorological,Hydrometeorological,Housing damage recorded
2022 Feb 08 12:00:00 AM,ATENDIDO,2022-02-08T00:00:00.000,MOVIMIENTO EN MASA,DESLIZAMIENTOS,CMGRD SAN VICENTE,CAS,SAN VICENTE,RURAL,SECTOR COLA DE PATOVIA SAN VICENTE - BARRANCABERMEJA,0,0.0,0.0,0,1.0,0.0,0.0,0.0,,,,0.0,0.0,0.0,2022-02-08T00:00:00.000,,,"El CMGRD reporta afectaciones en la vía hacia Barrancabermeja en el sector Cola de Pato por movimiento en masa, se adelantan los estudios para la recuperación de esta zona",REPORTE_DE_EVENTOS_POR_DESASTRES_NATURALES_Y_ANTRÓPICOS_(Histórico)_20260415.csv,EVT00457,2022-02-08,ATENDIDO,2022-02-08,MOVIMIENTO EN MASA,DESLIZAMIENTOS,CMGRD SAN VICENTE,CAS,SAN VICENTE,RURAL,SECTOR COLA DE PATOVIA SAN VICENTE - BARRANCABERMEJA,0.0,0.0,0.0,0,1.0,0.0,0.0,0.0,,,,0.0,0.0,0.0,2022-02-08,,,"El CMGRD reporta afectaciones en la vía hacia Barrancabermeja en el sector Cola de Pato por movimiento en masa, se adelantan los estudios para la recuperación de esta zona",2022-02-01,0.0,0.0,1.0,True,Responded to,Mass movement,Landslides,Municipal Disaster Risk Management Council San Vicente,CAS Environmental Authority,San Vicente,Rural,Sector Cola of Patovia San Vicente - Barrancabermeja,Not reported,Not reported,False,,geophysical,Geophysical,Infrastructure damage recorded
2022 Feb 14 12:00:00 AM,ATENDIDO,2022-02-14T00:00:00.000,INCENDIO FORESTAL,INDETERMINADO,CMGRD LOS SANTOS,CAS,LOS SANTOS,RURAL,VEREDA LLANADAS Y PRADERA,0,0.0,0.0,0,0.0,0.0,0.0,10.0,,,,0.0,0.0,0.0,2022-02-14T00:00:00.000,,,"El CMGRD reporta la atención y liquidación de un incendio forestal en la vereda Llanadas y Pradera atendido por bomberos de los Santos y apoyo de bomberos de Floridablanca, afectación de 10 hectáreas de bosque nativo y pastizales",REPORTE_DE_EVENTOS_POR_DESASTRES_NATURALES_Y_ANTRÓPICOS_(Histórico)_20260415.csv,EVT00458,2022-02-14,ATENDIDO,2022-02-14,INCENDIO FORESTAL,INDETERMINADO,CMGRD LOS SANTOS,CAS,LOS SANTOS,RURAL,VEREDA LLANADAS Y PRADERA,0.0,0.0,0.0,0,0.0,0.0,0.0,10.0,,,,0.0,0.0,0.0,2022-02-14,,,"El CMGRD reporta la atención y liquidación de un incendio forestal en la vereda Llanadas y Pradera atendido por bomberos de los Santos y apoyo de bomberos de Floridablanca, afectación de 10 hectáreas de bosque nativo y pastizales",2022-02-01,0.0,0.0,0.0,True,Responded to,Forest fire,Undetermined,Municipal Disaster Risk Management Council Los Santos,CAS Environmental Authority,Los Santos,Rural,Rural Hamlet Llanadas and Pradera,Not reported,Not reported,False,,other,Other or unclassified,Agricultural or land impact recorded
2022 Feb 14 12:00:00 AM,ATENDIDO,2022-02-14T00:00:00.000,DESLIZAMIENTOS,FUERTES LLUVIAS,CMGRD BUCARAMANGA,CDMB,BUCARAMANGA,URBANO,"SECTORES LUZ DE SALVACION, CRISTAL BAJO",40,0.0,40.0,0,0.0,0.0,0.0,0.0,,,,0.0,0.0,0.0,2022-02-14T00:00:00.000,,,"El CMGRD reporta algunos movimientos en masa, deslizamientos de taludes en vías e inundaciones por desbordamiento de cañadas en los sectores Luz de Salvación, Cristal Bajo y vía al terminal, atendido por bomberos de Bucaramanga, defensa civil, PONALSAR y batallón Caldas, 46 familias evacuadas, se adelantan los EDAN",REPORTE_DE_EVENTOS_POR_DESASTRES_NATURALES_Y_ANTRÓPICOS_(Histórico)_20260415.csv,EVT00459,2022-02-14,ATENDIDO,2022-02-14,DESLIZAMIENTOS,FUERTES LLUVIAS,CMGRD BUCARAMANGA,CDMB,BUCARAMANGA,URBANO,"SECTORES LUZ DE SALVACION, CRISTAL BAJO",40.0,0.0,40.0,0,0.0,0.0,0.0,0.0,,,,0.0,0.0,0.0,2022-02-14,,,"El CMGRD reporta algunos movimientos en masa, deslizamientos de taludes en vías e inundaciones por desbordamiento de cañadas en los sectores Luz de Salvación, Cristal Bajo y vía al terminal, atendido por bomberos de Bucaramanga, defensa civil, PONALSAR y batallón Caldas, 46 familias evacuadas, se adelantan los EDAN",2022-02-01,0.0,40.0,0.0,True,Responded to,Landslides,Heavy rainfall,Municipal Disaster Risk Management Council Bucaramanga,CDMB Environmental Authority,Bucaramanga,Urban,Sectores Luz of Salvacion Cristal Bajo,Not reported,Not reported,False,,geophysical,Geophysical,Housing damage recorded
2022 Feb 15 12:00:00 AM,ATENDIDO,2022-02-15T00:00:00.000,INCENDIO FORESTAL,INDETERMINADO,CMGRD DE MOGOTES,CAS,MOGOTES,RURAL,VEREDA PALOMITAS,0,0.0,0.0,0,0.0,0.0,0.0,4.0,,,,0.0,0.0,0.0,2022-02-04T00:00:00.000,,,"El CMGRD reporta atención de un incendio forestal en la vereda Palomitas, atendido por la policía nacional y la defensa civil, afectación 4 hectáreas de pastizales y cultivo de caña de azúcar, estado liquidado.",REPORTE_DE_EVENTOS_POR_DESASTRES_NATURALES_Y_ANTRÓPICOS_(Histórico)_20260415.csv,EVT00460,2022-02-15,ATENDIDO,2022-02-15,INCENDIO FORESTAL,INDETERMINADO,CMGRD DE MOGOTES,CAS,MOGOTES,RURAL,VEREDA PALOMITAS,0.0,0.0,0.0,0,0.0,0.0,0.0,4.0,,,,0.0,0.0,0.0,2022-02-04,,,"El CMGRD reporta atención de un incendio forestal en la vereda Palomitas, atendido por la policía nacional y la defensa civil, afectación 4 hectáreas de pastizales y cultivo de caña de azúcar, estado liquidado.",2022-02-01,0.0,0.0,0.0,True,Responded to,Forest fire,Undetermined,Municipal Disaster Risk Management Council of Mogotes,CAS Environmental Authority,Mogotes,Rural,Rural Hamlet Palomitas,Not reported,Not reported,False,,other,Other or unclassified,Agricultural or land impact recorded
2022 Feb 17 12:00:00 AM,ATENDIDO,2022-02-17T00:00:00.000,INCENDIO FORESTAL,INDETERMINADO,BOMBEROS DE ARATOCA,CAS,ARATOCA,RURAL,VEREDA SAN PEDRO,0,0.0,0.0,0,0.0,0.0,0.0,4.0,,,,0.0,0.0,0.0,2022-02-17T00:00:00.000,,,"El comandante de bomberos reporta la atención de un incendio forestal en la vereda San pedro, afectación de 4 hectáreas de bosque de pino y vegetación nativa, estado liquidado",REPORTE_DE_EVENTOS_POR_DESASTRES_NATURALES_Y_ANTRÓPICOS_(Histórico)_20260415.csv,EVT00461,2022-02-17,ATENDIDO,2022-02-17,INCENDIO FORESTAL,INDETERMINADO,BOMBEROS DE ARATOCA,CAS,ARATOCA,RURAL,VEREDA SAN PEDRO,0.0,0.0,0.0,0,0.0,0.0,0.0,4.0,,,,0.0,0.0,0.0,2022-02-17,,,"El comandante de bomberos reporta la atención de un incendio forestal en la vereda San pedro, afectación de 4 hectáreas de bosque de pino y vegetación nativa, estado liquidado",2022-02-01,0.0,0.0,0.0,True,Responded to,Forest fire,Undetermined,Fire Department of Aratoca,CAS Environmental Authority,Aratoca,Rural,Rural Hamlet San Pedro,Not reported,Not reported,False,,other,Other or unclassified,Agricultural or land impact recorded
2022 Feb 17 12:00:00 AM,ATENDIDO,2022-02-17T00:00:00.000,INCENDIO FORESTAL,INDETERMINADO,BOMBEROS DE TONA,CDMB,TONA,RURAL,VEREDA PURNIA,0,0.0,0.0,0,0.0,0.0,0.0,2.0,,,,0.0,0.0,0.0,2022-02-17T00:00:00.000,,,"El comandante de bomberos reporta la atención de un incendio forestal en la vereda Purnia, afectando unas 2  hectáreas de vegetación nativa, apoyados por la policía nacional",REPORTE_DE_EVENTOS_POR_DESASTRES_NATURALES_Y_ANTRÓPICOS_(Histórico)_20260415.csv,EVT00462,2022-02-17,ATENDIDO,2022-02-17,INCENDIO FORESTAL,INDETERMINADO,BOMBEROS DE TONA,CDMB,TONA,RURAL,VEREDA PURNIA,0.0,0.0,0.0,0,0.0,0.0,0.0,2.0,,,,0.0,0.0,0.0,2022-02-17,,,"El comandante de bomberos reporta la atención de un incendio forestal en la vereda Purnia, afectando unas 2 hectáreas de vegetación nativa, apoyados por la policía nacional",2022-02-01,0.0,0.0,0.0,True,Responded to,Forest fire,Undetermined,Fire Department of Tona,CDMB Environmental Authority,Tona,Rural,Rural Hamlet Purnia,Not reported,Not reported,False,,other,Other or unclassified,Agricultural or land impact recorded
2022 Feb 17 12:00:00 AM,ATENDIDO,2022-02-17T00:00:00.000,INCENDIO FORESTAL,INDETERMINADO,BOMBEROS DE BARICHARA,CAS,BARICHARA,RURAL,VEREDA SAN JOSE DEL LLANO,0,0.0,0.0,0,0.0,0.0,0.0,4.0,,,,0.0,0.0,0.0,2022-02-17T00:00:00.000,,,"El comandante de bomberos reporta la atención de un incendio forestal en la vereda San José Llano, apoyados por bomberos de Villanueva, afectación de 4 hectáreas de pastizales, estado liquidado",REPORTE_DE_EVENTOS_POR_DESASTRES_NATURALES_Y_ANTRÓPICOS_(Histórico)_20260415.csv,EVT00463,2022-02-17,ATENDIDO,2022-02-17,INCENDIO FORESTAL,INDETERMINADO,BOMBEROS DE BARICHARA,CAS,BARICHARA,RURAL,VEREDA SAN JOSE DEL LLANO,0.0,0.0,0.0,0,0.0,0.0,0.0,4.0,,,,0.0,0.0,0.0,2022-02-17,,,"El comandante de bomberos reporta la atención de un incendio forestal en la vereda San José Llano, apoyados por bomberos de Villanueva, afectación de 4 hectáreas de pastizales, estado liquidado",2022-02-01,0.0,0.0,0.0,True,Responded to,Forest fire,Undetermined,Fire Department of Barichara,CAS Environmental Authority,Barichara,Rural,Rural Hamlet San Jose of the Llano,Not reported,Not reported,False,,other,Other or unclassified,Agricultural or land impact recorded
2022 Feb 19 12:00:00 AM,ATENDIDO,2022-02-19T00:00:00.000,INCENDIO FORESTAL,INDETERMINADO,CMGRD LOS SANTOS,CAS,LOS SANTOS,RURAL,VEREDA SAN RAFAEL,0,0.0,0.0,0,0.0,0.0,0.0,5.0,,,,0.0,0.0,0.0,2022-02-19T00:00:00.000,,,"EL CMGRD reporta atención de un incendio forestal en la vereda San Rafael, atendido por el cuerpo de bomberos de los Santos, estado liquidado afectación en 5 hectáreas de pastizales y pajonales",REPORTE_DE_EVENTOS_POR_DESASTRES_NATURALES_Y_ANTRÓPICOS_(Histórico)_20260415.csv,EVT00464,2022-02-19,ATENDIDO,2022-02-19,INCENDIO FORESTAL,INDETERMINADO,CMGRD LOS SANTOS,CAS,LOS SANTOS,RURAL,VEREDA SAN RAFAEL,0.0,0.0,0.0,0,0.0,0.0,0.0,5.0,,,,0.0,0.0,0.0,2022-02-19,,,"EL CMGRD reporta atención de un incendio forestal en la vereda San Rafael, atendido por el cuerpo de bomberos de los Santos, estado liquidado afectación en 5 hectáreas de pastizales y pajonales",2022-02-01,0.0,0.0,0.0,True,Responded to,Forest fire,Undetermined,Municipal Disaster Risk Management Council Los Santos,CAS Environmental Authority,Los Santos,Rural,Rural Hamlet San Rafael,Not reported,Not reported,False,,other,Other or unclassified,Agricultural or land impact recorded
2022 Feb 21 12:00:00 AM,ATENDIDO,,HELADAS,,,,TONA,,,600,,,,,,,,,,,,,,,,,,REPORTE_DE_EVENTOS_POR_DESASTRES_NATURALES_Y_ANTRÓPICOS_(Histórico)_20260415.csv,EVT00465,2022-02-21,ATENDIDO,,HELADAS,,,,TONA,,,600.0,,,,,,,,,,,,,,,,,,2022-02-01,0.0,0.0,0.0,False,Responded to,Frost,Not reported,Not reported,Not reported,Tona,Not reported,Not reported,Not reported,Not reported,False,,hydrometeorological,Hydrometeorological,No quantified impact recorded
2022 Feb 21 12:00:00 AM,ATENDIDO,2022-02-21T00:00:00.000,INCENDIO FORESTAL,INDETERMINADO,BOMBEROS DE BARICHARA,CAS,BARICHARA,RURAL,VEREDA LUBIGARA,0,0.0,0.0,0,0.0,0.0,0.0,3.0,,,,0.0,0.0,0.0,2022-02-21T00:00:00.000,,,"EL comandante de bomberos reporta atención de un incendio forestal en la vereda Lubigara, atendido por el cuerpo de bomberos del municipio apoyados por bomberos de Villanueva, afectación de 3 hectáreas de cultivos de maíz y yuca. Estado Liquidado",REPORTE_DE_EVENTOS_POR_DESASTRES_NATURALES_Y_ANTRÓPICOS_(Histórico)_20260415.csv,EVT00466,2022-02-21,ATENDIDO,2022-02-21,INCENDIO FORESTAL,INDETERMINADO,BOMBEROS DE BARICHARA,CAS,BARICHARA,RURAL,VEREDA LUBIGARA,0.0,0.0,0.0,0,0.0,0.0,0.0,3.0,,,,0.0,0.0,0.0,2022-02-21,,,"EL comandante de bomberos reporta atención de un incendio forestal en la vereda Lubigara, atendido por el cuerpo de bomberos del municipio apoyados por bomberos de Villanueva, afectación de 3 hectáreas de cultivos de maíz y yuca. Estado Liquidado",2022-02-01,0.0,0.0,0.0,True,Responded to,Forest fire,Undetermined,Fire Department of Barichara,CAS Environmental Authority,Barichara,Rural,Rural Hamlet Lubigara,Not reported,Not reported,False,,other,Other or unclassified,Agricultural or land impact recorded
2022 Feb 22 12:00:00 AM,ATENDIDO,2022-02-22T00:00:00.000,INCENDIO FORESTAL,INDETERMINADO,CMGRD DE SAN ANDRES,CAS,SAN ANDRES,RURAL,VEREDA SANTO DOMINGO,0,0.0,0.0,0,0.0,0.0,0.0,3.0,,,,0.0,0.0,0.0,2022-02-22T00:00:00.000,,,"EL comandante de bomberos reporta atención de un incendio forestal en la vereda Santo Domingo. Atendido por bomberos del municipio, apoyados por la policía nacional y la comunidad, afectación de 3 hectáreas de bosque nativo, estado activo.",REPORTE_DE_EVENTOS_POR_DESASTRES_NATURALES_Y_ANTRÓPICOS_(Histórico)_20260415.csv,EVT00467,2022-02-22,ATENDIDO,2022-02-22,INCENDIO FORESTAL,INDETERMINADO,CMGRD DE SAN ANDRES,CAS,SAN ANDRES,RURAL,VEREDA SANTO DOMINGO,0.0,0.0,0.0,0,0.0,0.0,0.0,3.0,,,,0.0,0.0,0.0,2022-02-22,,,"EL comandante de bomberos reporta atención de un incendio forestal en la vereda Santo Domingo. Atendido por bomberos del municipio, apoyados por la policía nacional y la comunidad, afectación de 3 hectáreas de bosque nativo, estado activo.",2022-02-01,0.0,0.0,0.0,True,Responded to,Forest fire,Undetermined,Municipal Disaster Risk Management Council of San Andres,CAS Environmental Authority,San Andres,Rural,Rural Hamlet Santo Domingo,Not reported,Not reported,False,,other,Other or unclassified,Agricultural or land impact recorded
2022 Feb 23 12:00:00 AM,ATENDIDO,2022-02-23T00:00:00.000,EXPLOSION,INDETERMINADO,BOMBEROS DE PINCHOTE,CAS,PINCHOTE,RURAL,VIA NACIONAL SAN GIL -  SOCORRO,0,0.0,0.0,0,0.0,0.0,0.0,0.0,,,,9.0,0.0,0.0,2022-02-23T00:00:00.000,,,"El comandante de bomberos informa la atención de 9 personas heridas por explosión en la via nacional entre San Gil y Socorro en el sector la Curva de leche de cabra, los lesionados fueron trasladados a centros asistenciales de San Gil. Causas por establecer",REPORTE_DE_EVENTOS_POR_DESASTRES_NATURALES_Y_ANTRÓPICOS_(Histórico)_20260415.csv,EVT00468,2022-02-23,ATENDIDO,2022-02-23,EXPLOSION,INDETERMINADO,BOMBEROS DE PINCHOTE,CAS,PINCHOTE,RURAL,VIA NACIONAL SAN GIL - SOCORRO,0.0,0.0,0.0,0,0.0,0.0,0.0,0.0,,,,9.0,0.0,0.0,2022-02-23,,,"El comandante de bomberos informa la atención de 9 personas heridas por explosión en la via nacional entre San Gil y Socorro en el sector la Curva de leche de cabra, los lesionados fueron trasladados a centros asistenciales de San Gil. Causas por establecer",2022-02-01,9.0,0.0,0.0,True,Responded to,Explosion,Undetermined,Fire Department of Pinchote,CAS Environmental Authority,Pinchote,Rural,Road Nacional San Gil - Socorro,Not reported,Not reported,False,,technological_anthropogenic,Technological and anthropogenic,Human impact recorded
2022 Feb 27 12:00:00 AM,ATENDIDO,2022-02-27T00:00:00.000,DESLIZAMIENTOS,FUERTES LLUVIAS,CMGRD ENCINO,CAS,ENCINO,RURAL,VIA HACIA EL MUNICIPIO DE BELEN BOYACA,0,0.0,0.0,0,1.0,0.0,1.0,0.0,,,,0.0,0.0,0.0,2022-02-27T00:00:00.000,,,"El CMGRD reporta afectaciones en algunas escuelas, vías y viviendas por los fuertes vientos acompañados con lluvias, se adelantan los EDAN",REPORTE_DE_EVENTOS_POR_DESASTRES_NATURALES_Y_ANTRÓPICOS_(Histórico)_20260415.csv,EVT00469,2022-02-27,ATENDIDO,2022-02-27,DESLIZAMIENTOS,FUERTES LLUVIAS,CMGRD ENCINO,CAS,ENCINO,RURAL,VIA HACIA EL MUNICIPIO DE BELEN BOYACA,0.0,0.0,0.0,0,1.0,0.0,1.0,0.0,,,,0.0,0.0,0.0,2022-02-27,,,"El CMGRD reporta afectaciones en algunas escuelas, vías y viviendas por los fuertes vientos acompañados con lluvias, se adelantan los EDAN",2022-02-01,0.0,0.0,2.0,True,Responded to,Landslides,Heavy rainfall,Municipal Disaster Risk Management Council Encino,CAS Environmental Authority,Encino,Rural,Road Hacia the Municipio of Belen Boyaca,Not reported,Not reported,False,,geophysical,Geophysical,Infrastructure damage recorded
2022 Mar 01 12:00:00 AM,ATENDIDO,2022-03-01T00:00:00.000,MOVIMIENTO EN MASA,DESLIZAMIENTOS,CMGRD PIEDECUESTA,CDMB,PIEDECUESTA,RURAL,VIA HACIA LA MESAS DE LOS SANTOS,0,0.0,0.0,0,1.0,0.0,0.0,0.0,,,,0.0,0.0,0.0,2022-03-01T00:00:00.000,,,"El CMGRD reporta vía cerrada entre el Bwey y el Peaje la Mesa por movimientos en masa en 5 puntos. Una vivienda afectada (continúa el CENSO EDAN), atiende bomberos y defensa civil de Piedecuesta y CMGRD",REPORTE_DE_EVENTOS_POR_DESASTRES_NATURALES_Y_ANTRÓPICOS_(Histórico)_20260415.csv,EVT00470,2022-03-01,ATENDIDO,2022-03-01,MOVIMIENTO EN MASA,DESLIZAMIENTOS,CMGRD PIEDECUESTA,CDMB,PIEDECUESTA,RURAL,VIA HACIA LA MESAS DE LOS SANTOS,0.0,0.0,0.0,0,1.0,0.0,0.0,0.0,,,,0.0,0.0,0.0,2022-03-01,,,"El CMGRD reporta vía cerrada entre el Bwey y el Peaje la Mesa por movimientos en masa en 5 puntos. Una vivienda afectada (continúa el CENSO EDAN), atiende bomberos y defensa civil de Piedecuesta y CMGRD",2022-03-01,0.0,0.0,1.0,True,Responded to,Mass movement,Landslides,Municipal Disaster Risk Management Council Piedecuesta,CDMB Environmental Authority,Piedecuesta,Rural,Road Hacia the Mesas of Los Santos,Not reported,Not reported,False,,geophysical,Geophysical,Infrastructure damage recorded
2022 Mar 05 12:00:00 AM,ATENDIDO,2022-03-05T00:00:00.000,DESLIZAMIENTOS,CRECIENTE SUBITA,CMGRD CIMITARRA,CAS,CIMITARRA,RURAL,EROCION RIO MAGDALENA,15,0.0,15.0,0,0.0,0.0,0.0,0.0,,,,0.0,0.0,0.0,2022-03-05T00:00:00.000,,,EL CMGRD reporta erosión en laderas del rio Magdalena en la vereda el Manjarres a causa de la creciente súbita 5 familias se han evacuado por estar ubicadas en zonas de riesgo se realizan los EDAN,REPORTE_DE_EVENTOS_POR_DESASTRES_NATURALES_Y_ANTRÓPICOS_(Histórico)_20260415.csv,EVT00471,2022-03-05,ATENDIDO,2022-03-05,DESLIZAMIENTOS,CRECIENTE SUBITA,CMGRD CIMITARRA,CAS,CIMITARRA,RURAL,EROCION RIO MAGDALENA,15.0,0.0,15.0,0,0.0,0.0,0.0,0.0,,,,0.0,0.0,0.0,2022-03-05,,,EL CMGRD reporta erosión en laderas del rio Magdalena en la vereda el Manjarres a causa de la creciente súbita 5 familias se han evacuado por estar ubicadas en zonas de riesgo se realizan los EDAN,2022-03-01,0.0,15.0,0.0,True,Responded to,Landslides,Flash flood,Municipal Disaster Risk Management Council Cimitarra,CAS Environmental Authority,Cimitarra,Rural,Erocion Rio Magdalena,Not reported,Not reported,False,,geophysical,Geophysical,Housing damage recorded
2022 Mar 05 12:00:00 AM,ATENDIDO,2022-03-05T00:00:00.000,CIERRE DE VIA,DESLIZAMIENTOS,CMGRD ALBANIA,CAS,ALBANIA,RURAL,VIA HACIA SABOYA - BOYACA,0,0.0,0.0,0,1.0,0.0,0.0,0.0,,,,0.0,0.0,0.0,2022-03-05T00:00:00.000,,,"EL CMGRD reporta afectaciones en la via que comunica con el municipio de Saboyá Boyaca por deslizamientos en la vereda Sabaneta, una placa huella en riesgo de colapso",REPORTE_DE_EVENTOS_POR_DESASTRES_NATURALES_Y_ANTRÓPICOS_(Histórico)_20260415.csv,EVT00472,2022-03-05,ATENDIDO,2022-03-05,CIERRE DE VIA,DESLIZAMIENTOS,CMGRD ALBANIA,CAS,ALBANIA,RURAL,VIA HACIA SABOYA - BOYACA,0.0,0.0,0.0,0,1.0,0.0,0.0,0.0,,,,0.0,0.0,0.0,2022-03-05,,,"EL CMGRD reporta afectaciones en la via que comunica con el municipio de Saboyá Boyaca por deslizamientos en la vereda Sabaneta, una placa huella en riesgo de colapso",2022-03-01,0.0,0.0,1.0,True,Responded to,Road closure,Landslides,Municipal Disaster Risk Management Council Albania,CAS Environmental Authority,Albania,Rural,Road Hacia Saboya - Boyaca,Not reported,Not reported,False,,infrastructure_service,Infrastructure and service disruption,Infrastructure damage recorded
2022 Mar 05 12:00:00 AM,ATENDIDO,2022-03-05T00:00:00.000,DESLIZAMIENTOS,CRECIENTE SUBITA,CMGRD PUERTO WILCHES,CAS,PUERTO WILCHES,RURAL,SECTOR EL GUAYABO RIO MAGDALENA,0,0.0,0.0,0,0.0,0.0,0.0,0.0,,,,0.0,0.0,0.0,2022-03-05T00:00:00.000,,,"EL CMGRD reporta erosión en laderas del rio Magdalena en la vereda el el Guayabo, se mantiene la zona monitoreada y se gestionan sacos de propínelo para construir jarillones",REPORTE_DE_EVENTOS_POR_DESASTRES_NATURALES_Y_ANTRÓPICOS_(Histórico)_20260415.csv,EVT00473,2022-03-05,ATENDIDO,2022-03-05,DESLIZAMIENTOS,CRECIENTE SUBITA,CMGRD PUERTO WILCHES,CAS,PUERTO WILCHES,RURAL,SECTOR EL GUAYABO RIO MAGDALENA,0.0,0.0,0.0,0,0.0,0.0,0.0,0.0,,,,0.0,0.0,0.0,2022-03-05,,,"EL CMGRD reporta erosión en laderas del rio Magdalena en la vereda el el Guayabo, se mantiene la zona monitoreada y se gestionan sacos de propínelo para construir jarillones",2022-03-01,0.0,0.0,0.0,False,Responded to,Landslides,Flash flood,Municipal Disaster Risk Management Council Puerto Wilches,CAS Environmental Authority,Puerto Wilches,Rural,Sector the Guayabo Rio Magdalena,Not reported,Not reported,False,,geophysical,Geophysical,No quantified impact recorded
2022 Mar 08 12:00:00 AM,ATENDIDO,2022-03-08T00:00:00.000,MOVIMIENTO EN MASA,CRECIENTE SUBITA,CMGRD ONZAGA,CAS,ONZAGA,RURAL,QUEBRADA LA LEONA SECTOR SANTA CLARA,0,0.0,0.0,0,1.0,0.0,0.0,0.0,,,,0.0,0.0,0.0,2022-03-08T00:00:00.000,,,"El CMGRD reporta cierre de la vía desde el municipio de San Joaquin por la vía nacional en el sector Santa Clara por la creciente de la quebrada la Leona, el INVIAS adelanta el retiro de los escombros, junto con maquinaria del municipio de San Joaquin",REPORTE_DE_EVENTOS_POR_DESASTRES_NATURALES_Y_ANTRÓPICOS_(Histórico)_20260415.csv,EVT00474,2022-03-08,ATENDIDO,2022-03-08,MOVIMIENTO EN MASA,CRECIENTE SUBITA,CMGRD ONZAGA,CAS,ONZAGA,RURAL,QUEBRADA LA LEONA SECTOR SANTA CLARA,0.0,0.0,0.0,0,1.0,0.0,0.0,0.0,,,,0.0,0.0,0.0,2022-03-08,,,"El CMGRD reporta cierre de la vía desde el municipio de San Joaquin por la vía nacional en el sector Santa Clara por la creciente de la quebrada la Leona, el INVIAS adelanta el retiro de los escombros, junto con maquinaria del municipio de San Joaquin",2022-03-01,0.0,0.0,1.0,True,Responded to,Mass movement,Flash flood,Municipal Disaster Risk Management Council Onzaga,CAS Environmental Authority,Onzaga,Rural,Quebrada the Leona Sector Santa Clara,Not reported,Not reported,False,,geophysical,Geophysical,Infrastructure damage recorded
2022 Mar 12 12:00:00 AM,ATENDIDO,2022-03-12T00:00:00.000,GRANIZADA,FUERTES LLUVIAS,CMGRD SAN ANDRES,CAS,SAN ANDRES,RURAL,VEREDA CAIRASCO,0,0.0,0.0,0,0.0,0.0,0.0,0.0,,,,0.0,0.0,0.0,2022-03-12T00:00:00.000,,,"El CMGRD reporta fuertes lluvias con presencia de granizo en la vereda Cairasco sector Ancá, afectando cultivos de papa, ajo y hortalizas, algunas viviendas afectadas, una vía afectadas, se adelantan los EDAN",REPORTE_DE_EVENTOS_POR_DESASTRES_NATURALES_Y_ANTRÓPICOS_(Histórico)_20260415.csv,EVT00475,2022-03-12,ATENDIDO,2022-03-12,GRANIZADA,FUERTES LLUVIAS,CMGRD SAN ANDRES,CAS,SAN ANDRES,RURAL,VEREDA CAIRASCO,0.0,0.0,0.0,0,0.0,0.0,0.0,0.0,,,,0.0,0.0,0.0,2022-03-12,,,"El CMGRD reporta fuertes lluvias con presencia de granizo en la vereda Cairasco sector Ancá, afectando cultivos de papa, ajo y hortalizas, algunas viviendas afectadas, una vía afectadas, se adelantan los EDAN",2022-03-01,0.0,0.0,0.0,False,Responded to,Hailstorm,Heavy rainfall,Municipal Disaster Risk Management Council San Andres,CAS Environmental Authority,San Andres,Rural,Rural Hamlet Cairasco,Not reported,Not reported,False,,hydrometeorological,Hydrometeorological,No quantified impact recorded
2022 Mar 12 12:00:00 AM,ATENDIDO,2022-03-12T00:00:00.000,CIERRE DE VIA,DESLIZAMIENTOS,CMGRD MACARAVITA,CAS,MACARAVITA,RURAL,SECTOR SEILAN,0,0.0,0.0,0,1.0,0.0,0.0,0.0,,,,0.0,0.0,0.0,2022-03-12T00:00:00.000,,,"El CMGRD reporta cierre de la vía departamental entre Capitanejo y Macaravita en el sector de Seilan por deslizamientos a causa de las fuertes lluvias, se coordina apoyo de maquinaria amarilla",REPORTE_DE_EVENTOS_POR_DESASTRES_NATURALES_Y_ANTRÓPICOS_(Histórico)_20260415.csv,EVT00476,2022-03-12,ATENDIDO,2022-03-12,CIERRE DE VIA,DESLIZAMIENTOS,CMGRD MACARAVITA,CAS,MACARAVITA,RURAL,SECTOR SEILAN,0.0,0.0,0.0,0,1.0,0.0,0.0,0.0,,,,0.0,0.0,0.0,2022-03-12,,,"El CMGRD reporta cierre de la vía departamental entre Capitanejo y Macaravita en el sector de Seilan por deslizamientos a causa de las fuertes lluvias, se coordina apoyo de maquinaria amarilla",2022-03-01,0.0,0.0,1.0,True,Responded to,Road closure,Landslides,Municipal Disaster Risk Management Council Macaravita,CAS Environmental Authority,Macaravita,Rural,Sector Seilan,Not reported,Not reported,False,,infrastructure_service,Infrastructure and service disruption,Infrastructure damage recorded
2022 Mar 14 12:00:00 AM,ATENDIDO,2022-03-14T00:00:00.000,TORMENTAS ELECTRICAS,FUERTES LLUVIAS,CMGRD PIEDECUESTA,CDMB,PIEDECUESTA,RURAL,"SECTOR LOS CUROS, EL RECREO Y VIA A MALAGA",10,0.0,10.0,0,3.0,0.0,0.0,0.0,,,,0.0,0.0,0.0,2022-03-14T00:00:00.000,,,"El CMGRD reporta deslizamientos en varias vías rurales y vía nacional Los Curos – Malaga, y Piedecuesta – San Gil, caída de árboles, colapso de alcantarillados, se atiende con maquinaria amarilla del INVIAS y los organismos de socorro atienden las familias afectadas y la evaluación de daños y análisis de necesidades",REPORTE_DE_EVENTOS_POR_DESASTRES_NATURALES_Y_ANTRÓPICOS_(Histórico)_20260415.csv,EVT00477,2022-03-14,ATENDIDO,2022-03-14,TORMENTAS ELECTRICAS,FUERTES LLUVIAS,CMGRD PIEDECUESTA,CDMB,PIEDECUESTA,RURAL,"SECTOR LOS CUROS, EL RECREO Y VIA A MALAGA",10.0,0.0,10.0,0,3.0,0.0,0.0,0.0,,,,0.0,0.0,0.0,2022-03-14,,,"El CMGRD reporta deslizamientos en varias vías rurales y vía nacional Los Curos – Malaga, y Piedecuesta – San Gil, caída de árboles, colapso de alcantarillados, se atiende con maquinaria amarilla del INVIAS y los organismos de socorro atienden las familias afectadas y la evaluación de daños y análisis de necesidades",2022-03-01,0.0,10.0,3.0,True,Responded to,Thunderstorms,Heavy rainfall,Municipal Disaster Risk Management Council Piedecuesta,CDMB Environmental Authority,Piedecuesta,Rural,Sector Los Curos the Recreo and Road A Malaga,Not reported,Not reported,False,,hydrometeorological,Hydrometeorological,Housing damage recorded
2022 Mar 14 12:00:00 AM,ATENDIDO,2022-03-14T00:00:00.000,INUNDACIONES,CRECIENTE SUBITA,CMGRD GIRON,CDMB,GIRON,RURAL,CIUDADELA NUEVO GIRON,6,0.0,6.0,0,0.0,0.0,0.0,0.0,,,,0.0,0.0,0.0,2022-03-14T00:00:00.000,,,"El CMGRD reporta creciente súbita del rio de Oro que causó inundaciones en algunas zonas rivereñas, colapso del alcantarillado en los barrios Ciudadela Nuevo Girón y Brisas del Rio se adelantan los EDAN",REPORTE_DE_EVENTOS_POR_DESASTRES_NATURALES_Y_ANTRÓPICOS_(Histórico)_20260415.csv,EVT00478,2022-03-14,ATENDIDO,2022-03-14,INUNDACIONES,CRECIENTE SUBITA,CMGRD GIRON,CDMB,GIRON,RURAL,CIUDADELA NUEVO GIRON,6.0,0.0,6.0,0,0.0,0.0,0.0,0.0,,,,0.0,0.0,0.0,2022-03-14,,,"El CMGRD reporta creciente súbita del rio de Oro que causó inundaciones en algunas zonas rivereñas, colapso del alcantarillado en los barrios Ciudadela Nuevo Girón y Brisas del Rio se adelantan los EDAN",2022-03-01,0.0,6.0,0.0,True,Responded to,Floods,Flash flood,Municipal Disaster Risk Management Council Giron,CDMB Environmental Authority,Giron,Rural,Ciudadela Nuevo Giron,Not reported,Not reported,False,,hydrometeorological,Hydrometeorological,Housing damage recorded
2022 Mar 14 12:00:00 AM,ATENDIDO,2022-03-14T00:00:00.000,MOVIMIENTO EN MASA,CRECIENTE SUBITA,CMGRD ONZAGA,CAS,ONZAGA,RURAL,QUEBRADA LA LEONA SECTOR SANTA CLARA,0,0.0,0.0,0,1.0,0.0,0.0,0.0,,,,0.0,0.0,0.0,2022-03-14T00:00:00.000,,,"El CMGRD reporta cierre de la vía nacional San Joaquín – Onzaga, por creciente súbita de la quebrada la Leona en el sector de la vereda Santa Clara. Se coordina traslado de maquinaria amarilla del INVIAS para la rehabilitación.",REPORTE_DE_EVENTOS_POR_DESASTRES_NATURALES_Y_ANTRÓPICOS_(Histórico)_20260415.csv,EVT00479,2022-03-14,ATENDIDO,2022-03-14,MOVIMIENTO EN MASA,CRECIENTE SUBITA,CMGRD ONZAGA,CAS,ONZAGA,RURAL,QUEBRADA LA LEONA SECTOR SANTA CLARA,0.0,0.0,0.0,0,1.0,0.0,0.0,0.0,,,,0.0,0.0,0.0,2022-03-14,,,"El CMGRD reporta cierre de la vía nacional San Joaquín – Onzaga, por creciente súbita de la quebrada la Leona en el sector de la vereda Santa Clara. Se coordina traslado de maquinaria amarilla del INVIAS para la rehabilitación.",2022-03-01,0.0,0.0,1.0,True,Responded to,Mass movement,Flash flood,Municipal Disaster Risk Management Council Onzaga,CAS Environmental Authority,Onzaga,Rural,Quebrada the Leona Sector Santa Clara,Not reported,Not reported,False,,geophysical,Geophysical,Infrastructure damage recorded
2022 Mar 22 12:00:00 AM,ATENDIDO,2022-03-23T00:00:00.000,ACCIDENTE VEHICULAR,INDETERMINADO,CMGRD DE SAN ANDRES,CAS,SAN ANDRES,RURAL,VIA AL CORREGIMIENTO LAGUNA DE ORTICES,22,0.0,0.0,0,0.0,0.0,0.0,0.0,,,,23.0,0.0,6.0,2022-03-23T00:00:00.000,,,"El CMGRD reporta accidente vehicular de bus escolar en el sector Alto de San Pedro del corregimiento con 23 personas Laguna de Ortices, dejando 6 fallecidos y 16 heridos, trasladados hacia el hospital San José de San Andrés, el conductor trasladado al hospital García Rovira de Málaga, atendido por ambulancias y personal de bomberos de San Andrés, Molagavita y Málaga, policía Nacional, personal médico y ambulancias de los municipios en mención, todas las victimas menores de edad al igual que los heridos",REPORTE_DE_EVENTOS_POR_DESASTRES_NATURALES_Y_ANTRÓPICOS_(Histórico)_20260415.csv,EVT00480,2022-03-22,ATENDIDO,2022-03-23,ACCIDENTE VEHICULAR,INDETERMINADO,CMGRD DE SAN ANDRES,CAS,SAN ANDRES,RURAL,VIA AL CORREGIMIENTO LAGUNA DE ORTICES,22.0,0.0,0.0,0,0.0,0.0,0.0,0.0,,,,23.0,0.0,6.0,2022-03-23,,,"El CMGRD reporta accidente vehicular de bus escolar en el sector Alto de San Pedro del corregimiento con 23 personas Laguna de Ortices, dejando 6 fallecidos y 16 heridos, trasladados hacia el hospital San José de San Andrés, el conductor trasladado al hospital García Rovira de Málaga, atendido por ambulancias y personal de bomberos de San Andrés, Molagavita y Málaga, policía Nacional, personal médico y ambulancias de los municipios en mención, todas las victimas menores de edad al igual que los heridos",2022-03-01,29.0,0.0,0.0,True,Responded to,Vehicle accident,Undetermined,Municipal Disaster Risk Management Council of San Andres,CAS Environmental Authority,San Andres,Rural,Road Al Township Laguna of Ortices,Not reported,Not reported,False,,technological_anthropogenic,Technological and anthropogenic,Human impact recorded
2022 Mar 28 12:00:00 AM,ATENDIDO,2022-03-28T00:00:00.000,INCENDIO FORESTAL,INDETERMINADO,BOMBEROS DE RIONEGRO,CDMB,RIONEGRO,RURAL,VEREDA CARPINTEROS,0,0.0,0.0,0,0.0,0.0,0.0,2.0,,,,0.0,0.0,0.0,2022-03-28T00:00:00.000,,,"El comandante de bomberos reporta incendio forestal en la vereda Carpinteros, finca el Libano, afectación de 2 hectáreas de bosque nativo y pastizales, estado liquidado",REPORTE_DE_EVENTOS_POR_DESASTRES_NATURALES_Y_ANTRÓPICOS_(Histórico)_20260415.csv,EVT00481,2022-03-28,ATENDIDO,2022-03-28,INCENDIO FORESTAL,INDETERMINADO,BOMBEROS DE RIONEGRO,CDMB,RIONEGRO,RURAL,VEREDA CARPINTEROS,0.0,0.0,0.0,0,0.0,0.0,0.0,2.0,,,,0.0,0.0,0.0,2022-03-28,,,"El comandante de bomberos reporta incendio forestal en la vereda Carpinteros, finca el Libano, afectación de 2 hectáreas de bosque nativo y pastizales, estado liquidado",2022-03-01,0.0,0.0,0.0,True,Responded to,Forest fire,Undetermined,Fire Department of Rionegro,CDMB Environmental Authority,Rionegro,Rural,Rural Hamlet Carpinteros,Not reported,Not reported,False,,other,Other or unclassified,Agricultural or land impact recorded
2022 Apr 02 12:00:00 AM,ATENDIDO,2022-04-02T00:00:00.000,AVENIDA TORRENCIAL,FUERTES LLUVIAS,CMGRD SANTA BARBARA,CAS,SANTA BARBARA,RURAL,SECTOR QUEBRADA EL CANELO,15,0.0,0.0,0,4.0,1.0,0.0,0.0,,,,0.0,0.0,0.0,2022-04-02T00:00:00.000,,,"el CMGRD reporta el cierre de la via nacional Los Curos – Málaga en el sector de la quebrada el Canelo, la cual por desbordamiento causa movimientos en  masa afectaciones en box culver y puentes, se adelantan las inspecciones para verificar mas afectaciones",REPORTE_DE_EVENTOS_POR_DESASTRES_NATURALES_Y_ANTRÓPICOS_(Histórico)_20260415.csv,EVT00482,2022-04-02,ATENDIDO,2022-04-02,AVENIDA TORRENCIAL,FUERTES LLUVIAS,CMGRD SANTA BARBARA,CAS,SANTA BARBARA,RURAL,SECTOR QUEBRADA EL CANELO,15.0,0.0,0.0,0,4.0,1.0,0.0,0.0,,,,0.0,0.0,0.0,2022-04-02,,,"el CMGRD reporta el cierre de la via nacional Los Curos – Málaga en el sector de la quebrada el Canelo, la cual por desbordamiento causa movimientos en masa afectaciones en box culver y puentes, se adelantan las inspecciones para verificar mas afectaciones",2022-04-01,0.0,0.0,5.0,True,Responded to,Torrential flash flood,Heavy rainfall,Municipal Disaster Risk Management Council Santa Barbara,CAS Environmental Authority,Santa Barbara,Rural,Sector Quebrada the Canelo,Not reported,Not reported,False,,hydrometeorological,Hydrometeorological,Infrastructure damage recorded
2022 Apr 02 12:00:00 AM,ATENDIDO,2022-04-02T00:00:00.000,INUNDACIONES,FUERTES LLUVIAS,CMGRD LEBRIJA,CAS,LEBRIJA,URBANO,QUEBRADA LA ANGULA,40,0.0,40.0,0,0.0,0.0,0.0,0.0,,,,0.0,0.0,0.0,2022-04-02T00:00:00.000,,,"EL CMGRD reporta fuertes lluvias en diferentes zonas del municipio a causa del colapso de la quebrada la Angula y quebrada las raices, asi coomo del alcantarillado asociado algunos deslizamientos se adelantan los EDAN",REPORTE_DE_EVENTOS_POR_DESASTRES_NATURALES_Y_ANTRÓPICOS_(Histórico)_20260415.csv,EVT00483,2022-04-02,ATENDIDO,2022-04-02,INUNDACIONES,FUERTES LLUVIAS,CMGRD LEBRIJA,CAS,LEBRIJA,URBANO,QUEBRADA LA ANGULA,40.0,0.0,40.0,0,0.0,0.0,0.0,0.0,,,,0.0,0.0,0.0,2022-04-02,,,"EL CMGRD reporta fuertes lluvias en diferentes zonas del municipio a causa del colapso de la quebrada la Angula y quebrada las raices, asi coomo del alcantarillado asociado algunos deslizamientos se adelantan los EDAN",2022-04-01,0.0,40.0,0.0,True,Responded to,Floods,Heavy rainfall,Municipal Disaster Risk Management Council Lebrija,CAS Environmental Authority,Lebrija,Urban,Quebrada the Angula,Not reported,Not reported,False,,hydrometeorological,Hydrometeorological,Housing damage recorded
2022 Apr 05 12:00:00 AM,ATENDIDO,2022-04-09T00:00:00.000,INUNDACIONES,CRECIENTE SUBITA,CMGRD PUERTO WILCHES,CAS,PUERTO WILCHES,RURAL,SECTOR VUELTA PERICO,810,0.0,250.0,0,0.0,0.0,0.0,0.0,,,,0.0,0.0,0.0,2022-04-05T00:00:00.000,,,"El CMGRD reporta desbordamiento del rio Magdalena en el sector Vuelta Perico a causa del rompimiento del dique carreteable, se dispone de maquinaria amarilla del municipio, maquinaria de la UNGRD sacos big bag, estrellas de concreto, apoyados por Ecopetrol, empresas contratistas, bomberos, defensa civil, ejercito y comunidad. Se Adelantan los EDAN en las zonas inundadas",REPORTE_DE_EVENTOS_POR_DESASTRES_NATURALES_Y_ANTRÓPICOS_(Histórico)_20260415.csv,EVT00484,2022-04-05,ATENDIDO,2022-04-09,INUNDACIONES,CRECIENTE SUBITA,CMGRD PUERTO WILCHES,CAS,PUERTO WILCHES,RURAL,SECTOR VUELTA PERICO,810.0,0.0,250.0,0,0.0,0.0,0.0,0.0,,,,0.0,0.0,0.0,2022-04-05,,,"El CMGRD reporta desbordamiento del rio Magdalena en el sector Vuelta Perico a causa del rompimiento del dique carreteable, se dispone de maquinaria amarilla del municipio, maquinaria de la UNGRD sacos big bag, estrellas de concreto, apoyados por Ecopetrol, empresas contratistas, bomberos, defensa civil, ejercito y comunidad. Se Adelantan los EDAN en las zonas inundadas",2022-04-01,0.0,250.0,0.0,True,Responded to,Floods,Flash flood,Municipal Disaster Risk Management Council Puerto Wilches,CAS Environmental Authority,Puerto Wilches,Rural,Sector Vuelta Perico,Not reported,Not reported,False,,hydrometeorological,Hydrometeorological,Housing damage recorded
2022 Apr 16 12:00:00 AM,ATENDIDO,2022-04-16T00:00:00.000,CRECIENTE SUBITA,FUERTES LLUVIAS,CMGRD ONZAGA,CAS,ONZAGA,RURAL,VEREDA SUSA Y VIA NACIONAL,115,0.0,0.0,0,2.0,1.0,0.0,0.0,,,,0.0,0.0,0.0,2022-04-16T00:00:00.000,,,"El CMGRD reporta creciente súbita del rio Susa y la quebrada Chaguaca que causa afectaciones en cultivos de la vereda Susa, perdida de la banca y perdida de cultivos de trucha, se adelantan los EDAN",REPORTE_DE_EVENTOS_POR_DESASTRES_NATURALES_Y_ANTRÓPICOS_(Histórico)_20260415.csv,EVT00485,2022-04-16,ATENDIDO,2022-04-16,CRECIENTE SUBITA,FUERTES LLUVIAS,CMGRD ONZAGA,CAS,ONZAGA,RURAL,VEREDA SUSA Y VIA NACIONAL,115.0,0.0,0.0,0,2.0,1.0,0.0,0.0,,,,0.0,0.0,0.0,2022-04-16,,,"El CMGRD reporta creciente súbita del rio Susa y la quebrada Chaguaca que causa afectaciones en cultivos de la vereda Susa, perdida de la banca y perdida de cultivos de trucha, se adelantan los EDAN",2022-04-01,0.0,0.0,3.0,True,Responded to,Flash flood,Heavy rainfall,Municipal Disaster Risk Management Council Onzaga,CAS Environmental Authority,Onzaga,Rural,Rural Hamlet Susa and Road Nacional,Not reported,Not reported,False,,hydrometeorological,Hydrometeorological,Infrastructure damage recorded
2022 Apr 18 12:00:00 AM,ATENDIDO,2022-04-18T00:00:00.000,CRECIENTE SUBITA,FUERTES LLUVIAS,CMGRD RIONEGRO,CDMB,RIONEGRO,RURAL,BAJO RIONEGRO Y CORREGIMIENTO LA TIGRA,0,0.0,0.0,0,2.0,0.0,0.0,0.0,,,,0.0,0.0,0.0,2022-04-18T00:00:00.000,,,"El CMGRD reporta creciente súbita del rio Lebrija en el bajo Rionegro a causa del aumento del caudal del rio Cachira, causa desbordamiento y afectación en cultivos de palma, yuca, platano y pastizales para ganadería",REPORTE_DE_EVENTOS_POR_DESASTRES_NATURALES_Y_ANTRÓPICOS_(Histórico)_20260415.csv,EVT00486,2022-04-18,ATENDIDO,2022-04-18,CRECIENTE SUBITA,FUERTES LLUVIAS,CMGRD RIONEGRO,CDMB,RIONEGRO,RURAL,BAJO RIONEGRO Y CORREGIMIENTO LA TIGRA,0.0,0.0,0.0,0,2.0,0.0,0.0,0.0,,,,0.0,0.0,0.0,2022-04-18,,,"El CMGRD reporta creciente súbita del rio Lebrija en el bajo Rionegro a causa del aumento del caudal del rio Cachira, causa desbordamiento y afectación en cultivos de palma, yuca, platano y pastizales para ganadería",2022-04-01,0.0,0.0,2.0,True,Responded to,Flash flood,Heavy rainfall,Municipal Disaster Risk Management Council Rionegro,CDMB Environmental Authority,Rionegro,Rural,Bajo Rionegro and Township the Tigra,Not reported,Not reported,False,,hydrometeorological,Hydrometeorological,Infrastructure damage recorded
2022 Apr 19 12:00:00 AM,ATENDIDO,2022-04-19T00:00:00.000,DESLIZAMIENTOS,FUERTES LLUVIAS,CMGRD ENCINO,CAS,ENCINO,RURAL,VIA HACIA BELEN BOYACA,0,0.0,0.0,0,1.0,0.0,0.0,0.0,,,,0.0,0.0,0.0,2022-04-19T00:00:00.000,,,"El CMGRD reporta desbordamiento de algunas cañadas y afectación en box culver, deslizamientos que causan cierre de la vía con el municipio de Belén Boyacá. Y afectación en vías rurales",REPORTE_DE_EVENTOS_POR_DESASTRES_NATURALES_Y_ANTRÓPICOS_(Histórico)_20260415.csv,EVT00487,2022-04-19,ATENDIDO,2022-04-19,DESLIZAMIENTOS,FUERTES LLUVIAS,CMGRD ENCINO,CAS,ENCINO,RURAL,VIA HACIA BELEN BOYACA,0.0,0.0,0.0,0,1.0,0.0,0.0,0.0,,,,0.0,0.0,0.0,2022-04-19,,,"El CMGRD reporta desbordamiento de algunas cañadas y afectación en box culver, deslizamientos que causan cierre de la vía con el municipio de Belén Boyacá. Y afectación en vías rurales",2022-04-01,0.0,0.0,1.0,True,Responded to,Landslides,Heavy rainfall,Municipal Disaster Risk Management Council Encino,CAS Environmental Authority,Encino,Rural,Road Hacia Belen Boyaca,Not reported,Not reported,False,,geophysical,Geophysical,Infrastructure damage recorded
2022 Apr 19 12:00:00 AM,ATENDIDO,2022-04-19T00:00:00.000,CRECIENTE SUBITA,FUERTES LLUVIAS,CMGRD SANTA HELENA DEL OPON,CAS,SANTA HELENA,RURAL,CORREGIMIENTO SAN JUAN BOSCO,0,0.0,0.0,0,1.0,0.0,0.0,0.0,,,,0.0,0.0,0.0,2022-04-19T00:00:00.000,,,"El CMGRD reporta creciente súbita del rio La Verde en el corregimiento San Juan Bosco, causa afectaciones en cultivos, algunas viviendas en zonas de riesgo, se realizan los EDAN y la inspección en las zonas de amenaza",REPORTE_DE_EVENTOS_POR_DESASTRES_NATURALES_Y_ANTRÓPICOS_(Histórico)_20260415.csv,EVT00488,2022-04-19,ATENDIDO,2022-04-19,CRECIENTE SUBITA,FUERTES LLUVIAS,CMGRD SANTA HELENA DEL OPON,CAS,SANTA HELENA,RURAL,CORREGIMIENTO SAN JUAN BOSCO,0.0,0.0,0.0,0,1.0,0.0,0.0,0.0,,,,0.0,0.0,0.0,2022-04-19,,,"El CMGRD reporta creciente súbita del rio La Verde en el corregimiento San Juan Bosco, causa afectaciones en cultivos, algunas viviendas en zonas de riesgo, se realizan los EDAN y la inspección en las zonas de amenaza",2022-04-01,0.0,0.0,1.0,True,Responded to,Flash flood,Heavy rainfall,Municipal Disaster Risk Management Council Santa Helena of the Opon,CAS Environmental Authority,Santa Helena,Rural,Township San Juan Bosco,Not reported,Not reported,False,,hydrometeorological,Hydrometeorological,Infrastructure damage recorded
2022 Apr 20 12:00:00 AM,ATENDIDO,2022-04-20T00:00:00.000,CRECIENTE SUBITA,FUERTES LLUVIAS,CMGRD BARRANCABERMEJA,CAS,BARRANCABERMEJA,RURAL,CORREGIMIENTO EL CENTRO SECTOR LA COLORADA,0,0.0,0.0,0,0.0,0.0,0.0,0.0,,,,0.0,0.0,0.0,2022-04-20T00:00:00.000,,,"El CMGRD reporta creciente súbita y amenaza de desbordamiento del rio Oponcito en el sector la Colorada en campo 23, se coordina apoyos para instalación de jarillones",REPORTE_DE_EVENTOS_POR_DESASTRES_NATURALES_Y_ANTRÓPICOS_(Histórico)_20260415.csv,EVT00489,2022-04-20,ATENDIDO,2022-04-20,CRECIENTE SUBITA,FUERTES LLUVIAS,CMGRD BARRANCABERMEJA,CAS,BARRANCABERMEJA,RURAL,CORREGIMIENTO EL CENTRO SECTOR LA COLORADA,0.0,0.0,0.0,0,0.0,0.0,0.0,0.0,,,,0.0,0.0,0.0,2022-04-20,,,"El CMGRD reporta creciente súbita y amenaza de desbordamiento del rio Oponcito en el sector la Colorada en campo 23, se coordina apoyos para instalación de jarillones",2022-04-01,0.0,0.0,0.0,False,Responded to,Flash flood,Heavy rainfall,Municipal Disaster Risk Management Council Barrancabermeja,CAS Environmental Authority,Barrancabermeja,Rural,Township the Centro Sector the Colorada,Not reported,Not reported,False,,hydrometeorological,Hydrometeorological,No quantified impact recorded
2022 Apr 21 12:00:00 AM,ATENDIDO,2022-04-21T00:00:00.000,DESLIZAMIENTOS,FUERTES LLUVIAS,CMGRD COROMORO,CAS,COROMORO,RURAL,CORREGIMIENTO SINCELADA,79,0.0,6.0,0,1.0,0.0,0.0,0.0,,,,0.0,0.0,0.0,2022-04-21T00:00:00.000,,,"El CMGRD reporta deslizamientos y c en el corregimiento Sincelada se presentan caída de rocas an la quebrada la Potrera, causa represamiento que se monitorea por los bomberos y comunidad del sector aída de rocas en la vía hacia la escuela quebrada la Honda, bomberos de Coromoro realizan el monitoreo y se realizan las inspecciones por el CMGRD, se coordina envía maquinaria para rehabilitar la vía",REPORTE_DE_EVENTOS_POR_DESASTRES_NATURALES_Y_ANTRÓPICOS_(Histórico)_20260415.csv,EVT00490,2022-04-21,ATENDIDO,2022-04-21,DESLIZAMIENTOS,FUERTES LLUVIAS,CMGRD COROMORO,CAS,COROMORO,RURAL,CORREGIMIENTO SINCELADA,79.0,0.0,6.0,0,1.0,0.0,0.0,0.0,,,,0.0,0.0,0.0,2022-04-21,,,"El CMGRD reporta deslizamientos y c en el corregimiento Sincelada se presentan caída de rocas an la quebrada la Potrera, causa represamiento que se monitorea por los bomberos y comunidad del sector aída de rocas en la vía hacia la escuela quebrada la Honda, bomberos de Coromoro realizan el monitoreo y se realizan las inspecciones por el CMGRD, se coordina envía maquinaria para rehabilitar la vía",2022-04-01,0.0,6.0,1.0,True,Responded to,Landslides,Heavy rainfall,Municipal Disaster Risk Management Council Coromoro,CAS Environmental Authority,Coromoro,Rural,Township Sincelada,Not reported,Not reported,False,,geophysical,Geophysical,Housing damage recorded
2022 Apr 21 12:00:00 AM,ATENDIDO,2022-04-21T00:00:00.000,CAIDA DE ROCAS,DESLIZAMIENTOS,CMGRD DE PIEDECUESTA,CDMB,PIEDECUESTA,RURAL,VIA NACIONAL LOS CUROS - MALAGA,0,0.0,0.0,0,1.0,0.0,0.0,0.0,,,,0.0,0.0,0.0,2022-04-21T00:00:00.000,,,El CMGRD reporta dos vehículos que se encontraban en un pare y siga resultan afectados por la caída de rocas atiende contratistas del INVIAS Y policía nacional,REPORTE_DE_EVENTOS_POR_DESASTRES_NATURALES_Y_ANTRÓPICOS_(Histórico)_20260415.csv,EVT00491,2022-04-21,ATENDIDO,2022-04-21,CAIDA DE ROCAS,DESLIZAMIENTOS,CMGRD DE PIEDECUESTA,CDMB,PIEDECUESTA,RURAL,VIA NACIONAL LOS CUROS - MALAGA,0.0,0.0,0.0,0,1.0,0.0,0.0,0.0,,,,0.0,0.0,0.0,2022-04-21,,,El CMGRD reporta dos vehículos que se encontraban en un pare y siga resultan afectados por la caída de rocas atiende contratistas del INVIAS Y policía nacional,2022-04-01,0.0,0.0,1.0,True,Responded to,Rockfall,Landslides,Municipal Disaster Risk Management Council of Piedecuesta,CDMB Environmental Authority,Piedecuesta,Rural,Road Nacional Los Curos - Malaga,Not reported,Not reported,False,,geophysical,Geophysical,Infrastructure damage recorded
2022 Apr 23 12:00:00 AM,ATENDIDO,2022-04-23T00:00:00.000,INUNDACIONES,CRECIENTE SUBITA,CMGRD BARRANCABERMEJA,CAS,BARRANCABERMEJA,RURAL,SCTOR TENERIFE CORREGIMIENTO EL CENTRO,"1,423",0.0,20.0,0,0.0,0.0,0.0,0.0,,,,0.0,0.0,0.0,2022-04-23T00:00:00.000,,,"El CMGRD reporta desbordamiento del rio la Colorada en el sector de Tenerife corregimiento el Centro, algunas viviendas inundadas. Perdida de cultivos de palma, platano, yuca, afectación a pescadores y productores piscícolas, C.M.G.R.D de Barrancabermeja realiza la Evaluación de Daños y Análisis de Necesidades, el censo de familias damnificadas y productores afectados",REPORTE_DE_EVENTOS_POR_DESASTRES_NATURALES_Y_ANTRÓPICOS_(Histórico)_20260415.csv,EVT00492,2022-04-23,ATENDIDO,2022-04-23,INUNDACIONES,CRECIENTE SUBITA,CMGRD BARRANCABERMEJA,CAS,BARRANCABERMEJA,RURAL,SCTOR TENERIFE CORREGIMIENTO EL CENTRO,1.423,0.0,20.0,0,0.0,0.0,0.0,0.0,,,,0.0,0.0,0.0,2022-04-23,,,"El CMGRD reporta desbordamiento del rio la Colorada en el sector de Tenerife corregimiento el Centro, algunas viviendas inundadas. Perdida de cultivos de palma, platano, yuca, afectación a pescadores y productores piscícolas, C.M.G.R.D de Barrancabermeja realiza la Evaluación de Daños y Análisis de Necesidades, el censo de familias damnificadas y productores afectados",2022-04-01,0.0,20.0,0.0,True,Responded to,Floods,Flash flood,Municipal Disaster Risk Management Council Barrancabermeja,CAS Environmental Authority,Barrancabermeja,Rural,Sctor Tenerife Township the Centro,Not reported,Not reported,False,,hydrometeorological,Hydrometeorological,Housing damage recorded
2022 Apr 23 12:00:00 AM,ATENDIDO,2022-04-23T00:00:00.000,INUNDACIONES,CRECIENTE SUBITA,CMGRD SABANA DE TORRES,CAS,SABANA DE TORRES,RURAL,CORREGIMIENTO PROVINCIA,385,0.0,200.0,0,1.0,0.0,0.0,0.0,,,,0.0,0.0,0.0,2022-04-23T00:00:00.000,,,"El CMGRD reporta desbordamiento del rio Lebrija en sectores como Corregimiento Provincia, y vereda el Jasmin, sectores de Barranco Colorado, Magará y Aguas Negras, algunas viviendas inundadas Perdida de cultivos de palma, plátano, yuca, productores ganaderos Afectación de la vía nacional hacia la costa Atlántica en el PR-58 sector la Gomez",REPORTE_DE_EVENTOS_POR_DESASTRES_NATURALES_Y_ANTRÓPICOS_(Histórico)_20260415.csv,EVT00493,2022-04-23,ATENDIDO,2022-04-23,INUNDACIONES,CRECIENTE SUBITA,CMGRD SABANA DE TORRES,CAS,SABANA DE TORRES,RURAL,CORREGIMIENTO PROVINCIA,385.0,0.0,200.0,0,1.0,0.0,0.0,0.0,,,,0.0,0.0,0.0,2022-04-23,,,"El CMGRD reporta desbordamiento del rio Lebrija en sectores como Corregimiento Provincia, y vereda el Jasmin, sectores de Barranco Colorado, Magará y Aguas Negras, algunas viviendas inundadas Perdida de cultivos de palma, plátano, yuca, productores ganaderos Afectación de la vía nacional hacia la costa Atlántica en el PR-58 sector la Gomez",2022-04-01,0.0,200.0,1.0,True,Responded to,Floods,Flash flood,Municipal Disaster Risk Management Council Sabana of Torres,CAS Environmental Authority,Sabana De Torres,Rural,Township Provincia,Not reported,Not reported,False,,hydrometeorological,Hydrometeorological,Housing damage recorded
2022 Apr 23 12:00:00 AM,ATENDIDO,2022-04-23T00:00:00.000,INUNDACIONES,CRECIENTE SUBITA,CMGRD RIONEGRO,CDMB,RIONEGRO,RURAL,9 CORREGIMIENTOS CUESTA RICA Y OTROS,547,0.0,150.0,0,9.0,2.0,2.0,0.0,,,,0.0,0.0,0.0,2022-04-23T00:00:00.000,,,"El CMGRD reporta desbordamiento del rio Lebrija en sectores como corregimientos Cuesta Rica, Galápagos, Misiguay, Llano de Palmas, Villa Paz, La Seiba, La Tigra, san Rafael, Papayal, •	300 familias damnificadas apx. •	2500 familias afectadas por afectación en vías y perdidas de cultivos, ganados y cultivos de pescado •	Perdida de cultivos de palma, plátano, yuca, aguacate, pastizales ATIENDE: bomberos voluntarios PONALSAR, Ejercito de Colombia y  Consejo Municipal de Gestión del Riesgo, se adelantan los EDAN (Evaluación de Daños y Análisis de Necesidades)",REPORTE_DE_EVENTOS_POR_DESASTRES_NATURALES_Y_ANTRÓPICOS_(Histórico)_20260415.csv,EVT00494,2022-04-23,ATENDIDO,2022-04-23,INUNDACIONES,CRECIENTE SUBITA,CMGRD RIONEGRO,CDMB,RIONEGRO,RURAL,9 CORREGIMIENTOS CUESTA RICA Y OTROS,547.0,0.0,150.0,0,9.0,2.0,2.0,0.0,,,,0.0,0.0,0.0,2022-04-23,,,"El CMGRD reporta desbordamiento del rio Lebrija en sectores como corregimientos Cuesta Rica, Galápagos, Misiguay, Llano de Palmas, Villa Paz, La Seiba, La Tigra, san Rafael, Papayal, • 300 familias damnificadas apx. • 2500 familias afectadas por afectación en vías y perdidas de cultivos, ganados y cultivos de pescado • Perdida de cultivos de palma, plátano, yuca, aguacate, pastizales ATIENDE: bomberos voluntarios PONALSAR, Ejercito de Colombia y Consejo Municipal de Gestión del Riesgo, se adelantan los EDAN (Evaluación de Daños y Análisis de Necesidades)",2022-04-01,0.0,150.0,13.0,True,Responded to,Floods,Flash flood,Municipal Disaster Risk Management Council Rionegro,CDMB Environmental Authority,Rionegro,Rural,9 Corregimientos Cuesta Rica and Otros,Not reported,Not reported,False,,hydrometeorological,Hydrometeorological,Housing damage recorded
2022 Apr 23 12:00:00 AM,ATENDIDO,2022-04-23T00:00:00.000,INUNDACIONES,CRECIENTE SUBITA,CMGRD LEBRIJA,CAS,LEBRIJA,RURAL,SECTOR VANEGAS Y CONCHAL,20,0.0,20.0,0,1.0,0.0,0.0,0.0,,,,0.0,0.0,0.0,2022-04-23T00:00:00.000,,,"El CMGRD reporta desbordamiento del rio Lebrija en las Veredas Conchal  y Vanegas •	20 familias damnificadas por perdida de muebles y enceres por la inundación •	Perdida de cultivos de palma, plátano, yuca, afectación a pescadores y productores piscícolas, ATIENDE: C.M.G.R.D bomberos de Lebrija  y comunidad.",REPORTE_DE_EVENTOS_POR_DESASTRES_NATURALES_Y_ANTRÓPICOS_(Histórico)_20260415.csv,EVT00495,2022-04-23,ATENDIDO,2022-04-23,INUNDACIONES,CRECIENTE SUBITA,CMGRD LEBRIJA,CAS,LEBRIJA,RURAL,SECTOR VANEGAS Y CONCHAL,20.0,0.0,20.0,0,1.0,0.0,0.0,0.0,,,,0.0,0.0,0.0,2022-04-23,,,"El CMGRD reporta desbordamiento del rio Lebrija en las Veredas Conchal y Vanegas • 20 familias damnificadas por perdida de muebles y enceres por la inundación • Perdida de cultivos de palma, plátano, yuca, afectación a pescadores y productores piscícolas, ATIENDE: C.M.G.R.D bomberos de Lebrija y comunidad.",2022-04-01,0.0,20.0,1.0,True,Responded to,Floods,Flash flood,Municipal Disaster Risk Management Council Lebrija,CAS Environmental Authority,Lebrija,Rural,Sector Vanegas and Conchal,Not reported,Not reported,False,,hydrometeorological,Hydrometeorological,Housing damage recorded
2022 Apr 23 12:00:00 AM,ATENDIDO,2022-04-23T00:00:00.000,MOVIMIENTO EN MASA,DESLIZAMIENTOS,CMGRD SAN VICENTE DE CHUCURI,CAS,SAN VICENTE,RURAL,VIA ENTRE BUCARAMANGA Y SAN VICENTE SECT. EL TABLAZO,0,0.0,0.0,0,1.0,0.0,0.0,0.0,,,,0.0,0.0,0.0,2022-04-23T00:00:00.000,,,"El CMGRD reporta movimiento en masa por falla geológica en la vía entre Bucaramanga y el municipio en el sector el Tablazo cerca el puente la Molinilla, hay paso restringido y en riesgo de quedar totalmente incomunicados.",REPORTE_DE_EVENTOS_POR_DESASTRES_NATURALES_Y_ANTRÓPICOS_(Histórico)_20260415.csv,EVT00496,2022-04-23,ATENDIDO,2022-04-23,MOVIMIENTO EN MASA,DESLIZAMIENTOS,CMGRD SAN VICENTE DE CHUCURI,CAS,SAN VICENTE,RURAL,VIA ENTRE BUCARAMANGA Y SAN VICENTE SECT. EL TABLAZO,0.0,0.0,0.0,0,1.0,0.0,0.0,0.0,,,,0.0,0.0,0.0,2022-04-23,,,"El CMGRD reporta movimiento en masa por falla geológica en la vía entre Bucaramanga y el municipio en el sector el Tablazo cerca el puente la Molinilla, hay paso restringido y en riesgo de quedar totalmente incomunicados.",2022-04-01,0.0,0.0,1.0,True,Responded to,Mass movement,Landslides,Municipal Disaster Risk Management Council San Vicente of Chucuri,CAS Environmental Authority,San Vicente,Rural,Road Entre Bucaramanga and San Vicente Sect the Tablazo,Not reported,Not reported,False,,geophysical,Geophysical,Infrastructure damage recorded
2022 Apr 25 12:00:00 AM,ATENDIDO,2022-04-25T00:00:00.000,INUNDACIONES,CRECIENTE SUBITA,CMGRD PUERTO PARRA,CAS,PUERTO PARRA,RURAL,VIA HACIA EL CORREGIMIENTO CAMPO CAPOTE,0,0.0,0.0,0,1.0,0.0,1.0,0.0,,,,0.0,0.0,0.0,2022-04-25T00:00:00.000,,,"El CMGRD reporta Desbordamiento quebrada Puente Roto inundación del colegio Alfonso Lopez en el corregimiento Campo Capote, afectación en un puente sobre la quebrada Puente Roto, afectación en cultivos de yuca, platano y pastos, atiende el CMGRD quienes adelantan los EDAN",REPORTE_DE_EVENTOS_POR_DESASTRES_NATURALES_Y_ANTRÓPICOS_(Histórico)_20260415.csv,EVT00497,2022-04-25,ATENDIDO,2022-04-25,INUNDACIONES,CRECIENTE SUBITA,CMGRD PUERTO PARRA,CAS,PUERTO PARRA,RURAL,VIA HACIA EL CORREGIMIENTO CAMPO CAPOTE,0.0,0.0,0.0,0,1.0,0.0,1.0,0.0,,,,0.0,0.0,0.0,2022-04-25,,,"El CMGRD reporta Desbordamiento quebrada Puente Roto inundación del colegio Alfonso Lopez en el corregimiento Campo Capote, afectación en un puente sobre la quebrada Puente Roto, afectación en cultivos de yuca, platano y pastos, atiende el CMGRD quienes adelantan los EDAN",2022-04-01,0.0,0.0,2.0,True,Responded to,Floods,Flash flood,Municipal Disaster Risk Management Council Puerto Parra,CAS Environmental Authority,Puerto Parra,Rural,Road Hacia the Township Campo Capote,Not reported,Not reported,False,,hydrometeorological,Hydrometeorological,Infrastructure damage recorded
2022 Apr 25 12:00:00 AM,ATENDIDO,2022-04-25T00:00:00.000,INUNDACIONES,FUERTES LLUVIAS,BOMBEROS DE ZAPATOCA,CAS,ZAPATOCA,URBANO,CALLE 10 CON CARRERA 15,8,0.0,8.0,0,1.0,0.0,0.0,0.0,,,,0.0,0.0,0.0,2022-04-25T00:00:00.000,,,"EL Comandante de bomberos reporta fuertes lluvias y colapso de alcantarillados, Afectación en box culver, caída de rocas y movimientos en masa en la vía entre Girón y Zapatoca, Calle 10 con carrera 15 por colapso del alcantarillado, atiende bomberos y CMGRD",REPORTE_DE_EVENTOS_POR_DESASTRES_NATURALES_Y_ANTRÓPICOS_(Histórico)_20260415.csv,EVT00498,2022-04-25,ATENDIDO,2022-04-25,INUNDACIONES,FUERTES LLUVIAS,BOMBEROS DE ZAPATOCA,CAS,ZAPATOCA,URBANO,CALLE 10 CON CARRERA 15,8.0,0.0,8.0,0,1.0,0.0,0.0,0.0,,,,0.0,0.0,0.0,2022-04-25,,,"EL Comandante de bomberos reporta fuertes lluvias y colapso de alcantarillados, Afectación en box culver, caída de rocas y movimientos en masa en la vía entre Girón y Zapatoca, Calle 10 con carrera 15 por colapso del alcantarillado, atiende bomberos y CMGRD",2022-04-01,0.0,8.0,1.0,True,Responded to,Floods,Heavy rainfall,Fire Department of Zapatoca,CAS Environmental Authority,Zapatoca,Urban,Calle 10 Con Carrera 15,Not reported,Not reported,False,,hydrometeorological,Hydrometeorological,Housing damage recorded
2022 Apr 25 12:00:00 AM,ATENDIDO,2022-04-25T00:00:00.000,INUNDACIONES,CRECIENTE SUBITA,CMGRD CIMITARRA,CAS,CIMITARRA,RURAL,CORREGIMIENTO PUERTO ARAUJO Y VEREDA EL VALIENTE,224,0.0,16.0,0,0.0,0.0,0.0,0.0,,,,0.0,0.0,0.0,2022-04-25T00:00:00.000,,,"El CMGRD reporta Desbordamiento rio Carare y rio Guayabito corregimiento Puerto Araujo, barrio los Pinos del casco urbano de Cimitarra y veredas Guayabito bajo, el Rodeo, Guayacanes y Palmas del Guayabito, 350 familias afectadas por las inundaciones en Puerto Araujo y 20 en el barrio los Pinos el CMGR realiza los EDAN",REPORTE_DE_EVENTOS_POR_DESASTRES_NATURALES_Y_ANTRÓPICOS_(Histórico)_20260415.csv,EVT00499,2022-04-25,ATENDIDO,2022-04-25,INUNDACIONES,CRECIENTE SUBITA,CMGRD CIMITARRA,CAS,CIMITARRA,RURAL,CORREGIMIENTO PUERTO ARAUJO Y VEREDA EL VALIENTE,224.0,0.0,16.0,0,0.0,0.0,0.0,0.0,,,,0.0,0.0,0.0,2022-04-25,,,"El CMGRD reporta Desbordamiento rio Carare y rio Guayabito corregimiento Puerto Araujo, barrio los Pinos del casco urbano de Cimitarra y veredas Guayabito bajo, el Rodeo, Guayacanes y Palmas del Guayabito, 350 familias afectadas por las inundaciones en Puerto Araujo y 20 en el barrio los Pinos el CMGR realiza los EDAN",2022-04-01,0.0,16.0,0.0,True,Responded to,Floods,Flash flood,Municipal Disaster Risk Management Council Cimitarra,CAS Environmental Authority,Cimitarra,Rural,Township Puerto Araujo and Rural Hamlet the Valiente,Not reported,Not reported,False,,hydrometeorological,Hydrometeorological,Housing damage recorded
2022 Apr 26 12:00:00 AM,ATENDIDO,2022-04-26T00:00:00.000,INUNDACIONES,CRECIENTE SUBITA,CMGRD PUERTO WILCHES,CAS,PUERTO WILCHES,RURAL,SECTOR VUELTA PERICO,0,0.0,0.0,0,0.0,0.0,0.0,0.0,,,,0.0,0.0,0.0,2022-04-26T00:00:00.000,,,"El CMGRD reporta nuevo rompimiento del dique de protección en el sector Vuelta Perico, inmediatamente se movilizó maquinaria, bolsas big bag y personal operativo para realizar el cierre",REPORTE_DE_EVENTOS_POR_DESASTRES_NATURALES_Y_ANTRÓPICOS_(Histórico)_20260415.csv,EVT00500,2022-04-26,ATENDIDO,2022-04-26,INUNDACIONES,CRECIENTE SUBITA,CMGRD PUERTO WILCHES,CAS,PUERTO WILCHES,RURAL,SECTOR VUELTA PERICO,0.0,0.0,0.0,0,0.0,0.0,0.0,0.0,,,,0.0,0.0,0.0,2022-04-26,,,"El CMGRD reporta nuevo rompimiento del dique de protección en el sector Vuelta Perico, inmediatamente se movilizó maquinaria, bolsas big bag y personal operativo para realizar el cierre",2022-04-01,0.0,0.0,0.0,False,Responded to,Floods,Flash flood,Municipal Disaster Risk Management Council Puerto Wilches,CAS Environmental Authority,Puerto Wilches,Rural,Sector Vuelta Perico,Not reported,Not reported,False,,hydrometeorological,Hydrometeorological,No quantified impact recorded
2022 Apr 28 12:00:00 AM,ATENDIDO,2022-04-28T00:00:00.000,CRECIENTE SUBITA,FUERTES LLUVIAS,BOMBEROS DE PIEDECUESTA,CDMB,PIEDECUESTA,URBANO,BARRIO LA COLINA RIO DE ORO,0,0.0,0.0,0,0.0,0.0,0.0,0.0,,,,0.0,0.0,0.0,2022-04-28T00:00:00.000,,,"El comandante de bomberos reporta el rescate con vida de 4 personas que se encontraban en paseo en el rio de Oro, en el sector barrio la Colina, apoyados con PONALSAR realizaron el rescate a sitio seguro y apoyo psicosocial",REPORTE_DE_EVENTOS_POR_DESASTRES_NATURALES_Y_ANTRÓPICOS_(Histórico)_20260415.csv,EVT00501,2022-04-28,ATENDIDO,2022-04-28,CRECIENTE SUBITA,FUERTES LLUVIAS,BOMBEROS DE PIEDECUESTA,CDMB,PIEDECUESTA,URBANO,BARRIO LA COLINA RIO DE ORO,0.0,0.0,0.0,0,0.0,0.0,0.0,0.0,,,,0.0,0.0,0.0,2022-04-28,,,"El comandante de bomberos reporta el rescate con vida de 4 personas que se encontraban en paseo en el rio de Oro, en el sector barrio la Colina, apoyados con PONALSAR realizaron el rescate a sitio seguro y apoyo psicosocial",2022-04-01,0.0,0.0,0.0,False,Responded to,Flash flood,Heavy rainfall,Fire Department of Piedecuesta,CDMB Environmental Authority,Piedecuesta,Urban,Neighborhood the Colina Rio of Oro,Not reported,Not reported,False,,hydrometeorological,Hydrometeorological,No quantified impact recorded
2022 Apr 28 12:00:00 AM,ATENDIDO,2022-04-28T00:00:00.000,MOVIMIENTO EN MASA,DESLIZAMIENTOS,CMGRD CIMITARRA,CAS,CIMITARRA,RURAL,VEREDA ALTA MIRA,0,0.0,0.0,0,1.0,1.0,0.0,0.0,,,,0.0,0.0,0.0,2022-04-28T00:00:00.000,,,"El CMGRD reporta la caída de un puente en la vereda Altamira, así como fenómeno de remoción en masa, en la vereda la Jota, se realizan las vsitas técnicas y EDAN por el CMGRD",REPORTE_DE_EVENTOS_POR_DESASTRES_NATURALES_Y_ANTRÓPICOS_(Histórico)_20260415.csv,EVT00502,2022-04-28,ATENDIDO,2022-04-28,MOVIMIENTO EN MASA,DESLIZAMIENTOS,CMGRD CIMITARRA,CAS,CIMITARRA,RURAL,VEREDA ALTA MIRA,0.0,0.0,0.0,0,1.0,1.0,0.0,0.0,,,,0.0,0.0,0.0,2022-04-28,,,"El CMGRD reporta la caída de un puente en la vereda Altamira, así como fenómeno de remoción en masa, en la vereda la Jota, se realizan las vsitas técnicas y EDAN por el CMGRD",2022-04-01,0.0,0.0,2.0,True,Responded to,Mass movement,Landslides,Municipal Disaster Risk Management Council Cimitarra,CAS Environmental Authority,Cimitarra,Rural,Rural Hamlet Alta Mira,Not reported,Not reported,False,,geophysical,Geophysical,Infrastructure damage recorded
2022 May 01 12:00:00 AM,ATENDIDO,2022-05-01T00:00:00.000,CRECIENTE SUBITA,FUERTES LLUVIAS,CMGRD SANTA BARBARA,CAS,SANTA BARBARA,URBANO,BARRIO SAN JORGE,50,0.0,2.0,0,0.0,0.0,0.0,0.0,,,,0.0,0.0,0.0,2022-05-01T00:00:00.000,,,"La alcaldesa municipal reporta que un nacimiento de agua para abastecer acueductos se desborda y cambia el rumbo de su cauce, dos familias damnificadas y pérdida de muebles y enceres, 50 familias se evacuaron a zona segura, atendido por la policía nacional. Ejército y CMGRD",REPORTE_DE_EVENTOS_POR_DESASTRES_NATURALES_Y_ANTRÓPICOS_(Histórico)_20260415.csv,EVT00503,2022-05-01,ATENDIDO,2022-05-01,CRECIENTE SUBITA,FUERTES LLUVIAS,CMGRD SANTA BARBARA,CAS,SANTA BARBARA,URBANO,BARRIO SAN JORGE,50.0,0.0,2.0,0,0.0,0.0,0.0,0.0,,,,0.0,0.0,0.0,2022-05-01,,,"La alcaldesa municipal reporta que un nacimiento de agua para abastecer acueductos se desborda y cambia el rumbo de su cauce, dos familias damnificadas y pérdida de muebles y enceres, 50 familias se evacuaron a zona segura, atendido por la policía nacional. Ejército y CMGRD",2022-05-01,0.0,2.0,0.0,True,Responded to,Flash flood,Heavy rainfall,Municipal Disaster Risk Management Council Santa Barbara,CAS Environmental Authority,Santa Barbara,Urban,Neighborhood San Jorge,Not reported,Not reported,False,,hydrometeorological,Hydrometeorological,Housing damage recorded
2022 May 04 12:00:00 AM,ATENDIDO,,INUNDACION,,,,GUADALUPE,,,6,,,,,,,,,,,,,,,,,,REPORTE_DE_EVENTOS_POR_DESASTRES_NATURALES_Y_ANTRÓPICOS_(Histórico)_20260415.csv,EVT00504,2022-05-04,ATENDIDO,,INUNDACION,,,,GUADALUPE,,,6.0,,,,,,,,,,,,,,,,,,2022-05-01,0.0,0.0,0.0,False,Responded to,Flood,Not reported,Not reported,Not reported,Guadalupe,Not reported,Not reported,Not reported,Not reported,False,,hydrometeorological,Hydrometeorological,No quantified impact recorded
2022 May 10 12:00:00 AM,ATENDIDO,2022-05-10T00:00:00.000,CRECIENTE SUBITA,FUERTES LLUVIAS,CMGRD CHARTA,CDMB,CHARTA,RURAL,"SECTOR LA PLAYA, RIO CHARTA",56,2.0,2.0,0,2.0,1.0,0.0,0.0,,,,0.0,0.0,0.0,2022-05-10T00:00:00.000,,,"El CMGRD reporta la creciente súbita del rio Charta hace que colapse el puente que comunica con el municipio de Matanza. Incomunicados los municipios de Matanza, Suratá y California,2 viviendas destruidas en el sector la playa (ubicada junto al puente) 4 familias damnificadas. Afectación en la vía secundaria que comunica con la provincia de Soto Norte.",REPORTE_DE_EVENTOS_POR_DESASTRES_NATURALES_Y_ANTRÓPICOS_(Histórico)_20260415.csv,EVT00505,2022-05-10,ATENDIDO,2022-05-10,CRECIENTE SUBITA,FUERTES LLUVIAS,CMGRD CHARTA,CDMB,CHARTA,RURAL,"SECTOR LA PLAYA, RIO CHARTA",56.0,2.0,2.0,0,2.0,1.0,0.0,0.0,,,,0.0,0.0,0.0,2022-05-10,,,"El CMGRD reporta la creciente súbita del rio Charta hace que colapse el puente que comunica con el municipio de Matanza. Incomunicados los municipios de Matanza, Suratá y California,2 viviendas destruidas en el sector la playa (ubicada junto al puente) 4 familias damnificadas. Afectación en la vía secundaria que comunica con la provincia de Soto Norte.",2022-05-01,0.0,4.0,3.0,True,Responded to,Flash flood,Heavy rainfall,Municipal Disaster Risk Management Council Charta,CDMB Environmental Authority,Charta,Rural,Sector the Playa Rio Charta,Not reported,Not reported,False,,hydrometeorological,Hydrometeorological,Housing damage recorded
2022 May 10 12:00:00 AM,ATENDIDO,2022-05-10T00:00:00.000,CRECIENTE SUBITA,FUERTES LLUVIAS,CMGRD DE TONA,CDMB,TONA,URBANO Y RURAL,VEREDA EL GRAMAL Y BARRIO LA VICTORIA,100,0.0,25.0,0,1.0,2.0,1.0,0.0,,,,0.0,0.0,0.0,2022-05-10T00:00:00.000,,,"El CMGRD reporta Las fuertes lluvias de las últimas horas causan la creciente súbita del rio Tona que cruza al municipio, se activó el CMGRD. Evacuadas 11 viviendas del asentamiento la Victoria Afectación de un establecimiento comercial (balneario los Lobos), Afectación en la vía secundaria que comunica con la provincia de Soto Norte",REPORTE_DE_EVENTOS_POR_DESASTRES_NATURALES_Y_ANTRÓPICOS_(Histórico)_20260415.csv,EVT00506,2022-05-10,ATENDIDO,2022-05-10,CRECIENTE SUBITA,FUERTES LLUVIAS,CMGRD DE TONA,CDMB,TONA,URBANO Y RURAL,VEREDA EL GRAMAL Y BARRIO LA VICTORIA,100.0,0.0,25.0,0,1.0,2.0,1.0,0.0,,,,0.0,0.0,0.0,2022-05-10,,,"El CMGRD reporta Las fuertes lluvias de las últimas horas causan la creciente súbita del rio Tona que cruza al municipio, se activó el CMGRD. Evacuadas 11 viviendas del asentamiento la Victoria Afectación de un establecimiento comercial (balneario los Lobos), Afectación en la vía secundaria que comunica con la provincia de Soto Norte",2022-05-01,0.0,25.0,4.0,True,Responded to,Flash flood,Heavy rainfall,Municipal Disaster Risk Management Council of Tona,CDMB Environmental Authority,Tona,Urban and rural,Rural Hamlet the Gramal and Neighborhood the Victoria,Not reported,Not reported,False,,hydrometeorological,Hydrometeorological,Housing damage recorded
2022 May 11 12:00:00 AM,ATENDIDO,2022-05-11T00:00:00.000,CRECIENTE SUBITA,FUERTES LLUVIAS,CMGRD EL CARMEN DE CHUCURI,CAS,EL CARMEN DE CHUCURI,,VEREDA LA VICTORIA,35,1.0,10.0,0,6.0,3.0,0.0,0.0,,,,0.0,1.0,0.0,2022-05-11T00:00:00.000,,,"El alcalde municipal reporta, creciente súbita del rio Cascajales, rio Honduras y rio Bermelano.3 puentes afectados El municipio se encuentra incomunicado con san Vicente por deslizamientos y caída de árboles.14 veredas incomunicadas por deslizamientos y afectación en puentes vehiculares y peatonales. Atiende CMGRD quienes realizan la Evaluación de daños y Análisis de Necesidades nombre del desaparecido LUIS EDUARDO FIGUEROA 67 AÑOS",REPORTE_DE_EVENTOS_POR_DESASTRES_NATURALES_Y_ANTRÓPICOS_(Histórico)_20260415.csv,EVT00507,2022-05-11,ATENDIDO,2022-05-11,CRECIENTE SUBITA,FUERTES LLUVIAS,CMGRD EL CARMEN DE CHUCURI,CAS,EL CARMEN DE CHUCURI,,VEREDA LA VICTORIA,35.0,1.0,10.0,0,6.0,3.0,0.0,0.0,,,,0.0,1.0,0.0,2022-05-11,,,"El alcalde municipal reporta, creciente súbita del rio Cascajales, rio Honduras y rio Bermelano.3 puentes afectados El municipio se encuentra incomunicado con san Vicente por deslizamientos y caída de árboles.14 veredas incomunicadas por deslizamientos y afectación en puentes vehiculares y peatonales. Atiende CMGRD quienes realizan la Evaluación de daños y Análisis de Necesidades nombre del desaparecido LUIS EDUARDO FIGUEROA 67 AÑOS",2022-05-01,1.0,11.0,9.0,True,Responded to,Flash flood,Heavy rainfall,Municipal Disaster Risk Management Council the Carmen of Chucuri,CAS Environmental Authority,El Carmen De Chucuri,Not reported,Rural Hamlet the Victoria,Not reported,Not reported,False,,hydrometeorological,Hydrometeorological,Human impact recorded
2022 May 11 12:00:00 AM,ATENDIDO,2022-05-11T00:00:00.000,DESLIZAMIENTOS,CAIDA DE ROCAS,BOMBEROS DE PIEDECUESTA,CDMB,PIEDECUESTA,RURAL,VEREDA MESITAS DE SAN JAVIER,1,1.0,0.0,0,0.0,0.0,0.0,0.0,,,,0.0,0.0,2.0,2022-05-11T00:00:00.000,,,"La policía nacional reporta, una vivienda afectada por la caída de una gran roca que la impacta por la parte superior, dos menores de nacionalidad venezolana, se encontraban en la habitación, una de ellas fallece en el sitio, la otra menor evacuada con lesiones Fallecida: Dailyn Alondra Altuve Fernández 11 años nacionalidad Venezolana. fallecida: Estefany Daylin Altuve Fernandez 13 años, nacionalidad Venezolana ATENDIDO POR: policía nacional de la mesa, apoyo bomberos voluntarios de Piedecuesta y PONALSAR.",REPORTE_DE_EVENTOS_POR_DESASTRES_NATURALES_Y_ANTRÓPICOS_(Histórico)_20260415.csv,EVT00508,2022-05-11,ATENDIDO,2022-05-11,DESLIZAMIENTOS,CAIDA DE ROCAS,BOMBEROS DE PIEDECUESTA,CDMB,PIEDECUESTA,RURAL,VEREDA MESITAS DE SAN JAVIER,1.0,1.0,0.0,0,0.0,0.0,0.0,0.0,,,,0.0,0.0,2.0,2022-05-11,,,"La policía nacional reporta, una vivienda afectada por la caída de una gran roca que la impacta por la parte superior, dos menores de nacionalidad venezolana, se encontraban en la habitación, una de ellas fallece en el sitio, la otra menor evacuada con lesiones Fallecida: Dailyn Alondra Altuve Fernández 11 años nacionalidad Venezolana. fallecida: Estefany Daylin Altuve Fernandez 13 años, nacionalidad Venezolana ATENDIDO POR: policía nacional de la mesa, apoyo bomberos voluntarios de Piedecuesta y PONALSAR.",2022-05-01,2.0,1.0,0.0,True,Responded to,Landslides,Rockfall,Fire Department of Piedecuesta,CDMB Environmental Authority,Piedecuesta,Rural,Rural Hamlet Mesitas of San Javier,Not reported,Not reported,False,,geophysical,Geophysical,Human impact recorded
2022 May 12 12:00:00 AM,ATENDIDO,2022-05-12T00:00:00.000,DESLIZAMIENTOS,FUERTES LLUVIAS,CMGRD DE SAN MIGUEL,CAS,SAN MIGUEL,RURAL,VEREDA LA MIEL,0,0.0,0.0,0,4.0,2.0,0.0,0.0,,,,0.0,0.0,0.0,2022-05-12T00:00:00.000,,,"El CMGRD reporta deslizamientos en las vías de 4 veredas, creciente súbita de la quebrada la Miel causa afectaciones a 2 puentes peatonales, se adelantan los EDAN atiende bomberos voluntarios y policía nacional",REPORTE_DE_EVENTOS_POR_DESASTRES_NATURALES_Y_ANTRÓPICOS_(Histórico)_20260415.csv,EVT00509,2022-05-12,ATENDIDO,2022-05-12,DESLIZAMIENTOS,FUERTES LLUVIAS,CMGRD DE SAN MIGUEL,CAS,SAN MIGUEL,RURAL,VEREDA LA MIEL,0.0,0.0,0.0,0,4.0,2.0,0.0,0.0,,,,0.0,0.0,0.0,2022-05-12,,,"El CMGRD reporta deslizamientos en las vías de 4 veredas, creciente súbita de la quebrada la Miel causa afectaciones a 2 puentes peatonales, se adelantan los EDAN atiende bomberos voluntarios y policía nacional",2022-05-01,0.0,0.0,6.0,True,Responded to,Landslides,Heavy rainfall,Municipal Disaster Risk Management Council of San Miguel,CAS Environmental Authority,San Miguel,Rural,Rural Hamlet the Miel,Not reported,Not reported,False,,geophysical,Geophysical,Infrastructure damage recorded
2022 May 14 12:00:00 AM,ATENDIDO,2022-05-14T00:00:00.000,INUNDACIONES,FUERTES LLUVIAS,CMGRD BARRANCABERMEJA,CAS,BARRANCABERMEJA,URBANO,ASENTAMIENTO LA BENDICION DE DIOS,10,0.0,10.0,0,0.0,0.0,0.0,0.0,,,,0.0,0.0,0.0,2022-05-14T00:00:00.000,,,"El CMGRD reporta deslizamientos e inundaciones en el asentamiento la bendición de Dios a causa de las fuertes lluvias y colapso del alcantarillado, se adelantan los EDAN",REPORTE_DE_EVENTOS_POR_DESASTRES_NATURALES_Y_ANTRÓPICOS_(Histórico)_20260415.csv,EVT00510,2022-05-14,ATENDIDO,2022-05-14,INUNDACIONES,FUERTES LLUVIAS,CMGRD BARRANCABERMEJA,CAS,BARRANCABERMEJA,URBANO,ASENTAMIENTO LA BENDICION DE DIOS,10.0,0.0,10.0,0,0.0,0.0,0.0,0.0,,,,0.0,0.0,0.0,2022-05-14,,,"El CMGRD reporta deslizamientos e inundaciones en el asentamiento la bendición de Dios a causa de las fuertes lluvias y colapso del alcantarillado, se adelantan los EDAN",2022-05-01,0.0,10.0,0.0,True,Responded to,Floods,Heavy rainfall,Municipal Disaster Risk Management Council Barrancabermeja,CAS Environmental Authority,Barrancabermeja,Urban,Asentamiento the Bendicion of Dios,Not reported,Not reported,False,,hydrometeorological,Hydrometeorological,Housing damage recorded
2022 May 14 12:00:00 AM,ATENDIDO,2022-05-14T00:00:00.000,DESLIZAMIENTOS,FUERTES LLUVIAS,CMGRD DE VELEZ,cas,VELEZ,RURAL,"VEREDAS ALTA MIRA, LAS PALMAS, SAN VICENTE",8,0.0,8.0,0,3.0,4.0,0.0,0.0,,,,0.0,0.0,0.0,2022-05-14T00:00:00.000,,,"El CMGRD reporta fuertes lluvias, deslizamientos, inundaciones 8 Viviendas afectadas, 3 veredas incomunicadas, Altamira, San Vicente, las Palmas, 12 deslizamientos en diferentes veredas, 4 puentes afectados, ATIENDE: bomberos, defensa civil y CMGRD se adelanta la Evaluación de daños y análisis de necesidades.",REPORTE_DE_EVENTOS_POR_DESASTRES_NATURALES_Y_ANTRÓPICOS_(Histórico)_20260415.csv,EVT00511,2022-05-14,ATENDIDO,2022-05-14,DESLIZAMIENTOS,FUERTES LLUVIAS,CMGRD DE VELEZ,cas,VELEZ,RURAL,"VEREDAS ALTA MIRA, LAS PALMAS, SAN VICENTE",8.0,0.0,8.0,0,3.0,4.0,0.0,0.0,,,,0.0,0.0,0.0,2022-05-14,,,"El CMGRD reporta fuertes lluvias, deslizamientos, inundaciones 8 Viviendas afectadas, 3 veredas incomunicadas, Altamira, San Vicente, las Palmas, 12 deslizamientos en diferentes veredas, 4 puentes afectados, ATIENDE: bomberos, defensa civil y CMGRD se adelanta la Evaluación de daños y análisis de necesidades.",2022-05-01,0.0,8.0,7.0,True,Responded to,Landslides,Heavy rainfall,Municipal Disaster Risk Management Council of Velez,CAS Environmental Authority,Velez,Rural,"Veredas Alta Mira, Las Palmas, San Vicente",Not reported,Not reported,False,,geophysical,Geophysical,Housing damage recorded
2022 May 18 12:00:00 AM,ATENDIDO,2022-05-18T00:00:00.000,AVENIDA TORRENCIAL,FUERTES LLUVIAS,CMGRD EL CARMEN DE CHUCURI,CAS,EL CARMEN DE CHUCURI,RURAL,VEREDA NUEVA GRANADA,15,1.0,5.0,0,3.0,3.0,1.0,0.0,,,,0.0,0.0,2.0,2022-05-18T00:00:00.000,,,"EL CMGRD reporta: las fuertes lluvias generaron avenida torrencial en el Rio Negro, además un deslizamiento en la vereda Nueva Granada deja una casa sepultada con dos personas adentro, Reinaldo Pedraza Gamboa de 52 años y su esposa Miriam Vásquez Uribe de 42 años, fallecidos y sus cuerpos recuperados hacia el mediodía, otras afectaciones: cierre de la vía hacia el corregimiento Centenario, Puente en el sector la habana afectado. Afectación en viviendas y cultivos. Atiende CMGRD defensa civil y bomberos",REPORTE_DE_EVENTOS_POR_DESASTRES_NATURALES_Y_ANTRÓPICOS_(Histórico)_20260415.csv,EVT00512,2022-05-18,ATENDIDO,2022-05-18,AVENIDA TORRENCIAL,FUERTES LLUVIAS,CMGRD EL CARMEN DE CHUCURI,CAS,EL CARMEN DE CHUCURI,RURAL,VEREDA NUEVA GRANADA,15.0,1.0,5.0,0,3.0,3.0,1.0,0.0,,,,0.0,0.0,2.0,2022-05-18,,,"EL CMGRD reporta: las fuertes lluvias generaron avenida torrencial en el Rio Negro, además un deslizamiento en la vereda Nueva Granada deja una casa sepultada con dos personas adentro, Reinaldo Pedraza Gamboa de 52 años y su esposa Miriam Vásquez Uribe de 42 años, fallecidos y sus cuerpos recuperados hacia el mediodía, otras afectaciones: cierre de la vía hacia el corregimiento Centenario, Puente en el sector la habana afectado. Afectación en viviendas y cultivos. Atiende CMGRD defensa civil y bomberos",2022-05-01,2.0,6.0,7.0,True,Responded to,Torrential flash flood,Heavy rainfall,Municipal Disaster Risk Management Council the Carmen of Chucuri,CAS Environmental Authority,El Carmen De Chucuri,Rural,Rural Hamlet Nueva Granada,Not reported,Not reported,False,,hydrometeorological,Hydrometeorological,Human impact recorded
2022 May 18 12:00:00 AM,ATENDIDO,2022-05-18T00:00:00.000,DESBORDAMIENTO,CRECIENTE SUBITA,CMGRD SIMACOTA,CAS,SIMACOTA,RURAL,BAJO SIMACOTA,22,0.0,10.0,0,4.0,0.0,0.0,0.0,,,,0.0,0.0,0.0,2022-05-18T00:00:00.000,,,"El CMGRD reporta El desbordamiento del rio Opón en la vía nacional troncal del Magdalena en sectores del bajo Simacota y vereda la Honda, causa paso restringido en el km 98 puente en el sector Puerto nuevo. Varias viviendas y establecimientos comerciales del sector inundadas, Perdida de cultivos de yuca, plátano y cítricos. Vías rurales afectadas por deslizamientos en particular en las veredas la Honda, el Diviso, La Colorada, atiende el CMGRD.",REPORTE_DE_EVENTOS_POR_DESASTRES_NATURALES_Y_ANTRÓPICOS_(Histórico)_20260415.csv,EVT00513,2022-05-18,ATENDIDO,2022-05-18,DESBORDAMIENTO,CRECIENTE SUBITA,CMGRD SIMACOTA,CAS,SIMACOTA,RURAL,BAJO SIMACOTA,22.0,0.0,10.0,0,4.0,0.0,0.0,0.0,,,,0.0,0.0,0.0,2022-05-18,,,"El CMGRD reporta El desbordamiento del rio Opón en la vía nacional troncal del Magdalena en sectores del bajo Simacota y vereda la Honda, causa paso restringido en el km 98 puente en el sector Puerto nuevo. Varias viviendas y establecimientos comerciales del sector inundadas, Perdida de cultivos de yuca, plátano y cítricos. Vías rurales afectadas por deslizamientos en particular en las veredas la Honda, el Diviso, La Colorada, atiende el CMGRD.",2022-05-01,0.0,10.0,4.0,True,Responded to,Overflow flood,Flash flood,Municipal Disaster Risk Management Council Simacota,CAS Environmental Authority,Simacota,Rural,Bajo Simacota,Not reported,Not reported,False,,hydrometeorological,Hydrometeorological,Housing damage recorded
2022 May 19 12:00:00 AM,ATENDIDO,2022-05-19T00:00:00.000,CRECIENTE SUBITA,FUERTES LLUVIAS,CMGRD DE CHARALA,CAS,CHARALA,RURAL,VEREDA VAHONDO,2,0.0,0.0,0,0.0,0.0,0.0,0.0,,,,0.0,0.0,2.0,2022-05-19T00:00:00.000,,,"El CMGRD reporta creciente súbita del rio Ture, 2 menores de Edad desaparecidos en el Puente sector Vahondo Río Ture, (afluente del Río fonce), se activan los organismos de socorro en la búsqueda, bomberos, defensa civil, policía nacional y comunidad, nombres de los desaparecidos Ivan camilo Merchán Díaz 14 años y Fabián Camilo Farit Díaz 14 años",REPORTE_DE_EVENTOS_POR_DESASTRES_NATURALES_Y_ANTRÓPICOS_(Histórico)_20260415.csv,EVT00514,2022-05-19,ATENDIDO,2022-05-19,CRECIENTE SUBITA,FUERTES LLUVIAS,CMGRD DE CHARALA,CAS,CHARALA,RURAL,VEREDA VAHONDO,2.0,0.0,0.0,0,0.0,0.0,0.0,0.0,,,,0.0,0.0,2.0,2022-05-19,,,"El CMGRD reporta creciente súbita del rio Ture, 2 menores de Edad desaparecidos en el Puente sector Vahondo Río Ture, (afluente del Río fonce), se activan los organismos de socorro en la búsqueda, bomberos, defensa civil, policía nacional y comunidad, nombres de los desaparecidos Ivan camilo Merchán Díaz 14 años y Fabián Camilo Farit Díaz 14 años",2022-05-01,2.0,0.0,0.0,True,Responded to,Flash flood,Heavy rainfall,Municipal Disaster Risk Management Council of Charala,CAS Environmental Authority,Charala,Rural,Rural Hamlet Vahondo,Not reported,Not reported,False,,hydrometeorological,Hydrometeorological,Human impact recorded
2022 May 19 12:00:00 AM,ATENDIDO,2022-05-19T00:00:00.000,DESBORDAMIENTO,CRECIENTE SUBITA,CMGRD DE ONZAGA,CAS,ONZAGA,RURAL,QUEBRADA SANTA CLARA,0,0.0,0.0,0,1.0,1.0,0.0,0.0,,,,0.0,0.0,0.0,2022-05-19T00:00:00.000,,,El CMGRD reporta nuevo desbordamiento de la quebrada santa Clara que afecta el puente que comunica al municipio de Onzaga con San Joaquin. Se moviliza maquinaria amarilla,REPORTE_DE_EVENTOS_POR_DESASTRES_NATURALES_Y_ANTRÓPICOS_(Histórico)_20260415.csv,EVT00515,2022-05-19,ATENDIDO,2022-05-19,DESBORDAMIENTO,CRECIENTE SUBITA,CMGRD DE ONZAGA,CAS,ONZAGA,RURAL,QUEBRADA SANTA CLARA,0.0,0.0,0.0,0,1.0,1.0,0.0,0.0,,,,0.0,0.0,0.0,2022-05-19,,,El CMGRD reporta nuevo desbordamiento de la quebrada santa Clara que afecta el puente que comunica al municipio de Onzaga con San Joaquin. Se moviliza maquinaria amarilla,2022-05-01,0.0,0.0,2.0,True,Responded to,Overflow flood,Flash flood,Municipal Disaster Risk Management Council of Onzaga,CAS Environmental Authority,Onzaga,Rural,Quebrada Santa Clara,Not reported,Not reported,False,,hydrometeorological,Hydrometeorological,Infrastructure damage recorded
2022 May 23 12:00:00 AM,ATENDIDO,2022-05-23T00:00:00.000,DESLIZAMIENTOS,FUERTES LLUVIAS,CMGRD DE BOLIVAR,CAS,BOLIVAR,RURAL,VEREDA BAJO PALMAS Y EL PAVO,20,2.0,10.0,0,0.0,0.0,0.0,0.0,,,,6.0,0.0,0.0,2022-05-23T00:00:00.000,,,"El CMGRD reporta, las fuertes lluvias generaron el colapso del alcantarillado en algunas zonas del casco urbano, además se presentan deslizamientos en varias veredas: Vereda el Payo, vereda  Bajo Palmas y casco urbano, varias viviendas evacuadas, algunas inundadas, se realiza la Evaluación de Daños y Análisis de Necesidades, se reporta  el CMGRD que 6 personas lesionadas por colapso de su vivienda vereda Bajo Palmas las cuales fueron remitidas a centros asistenciales del municipio 1.Marlene Galeano Gonzalez, 14 años, 2.	Marilu González vargas Edad 39 años, 3.	Yemi Liliana Galeano gonzales 12 años, 4.	Jairo Galeano gonzalez, 21 años, 5.	Luis albeiro Galeano gonzalez 18 años 6.	Carol mishell plata Galeano 4 años",REPORTE_DE_EVENTOS_POR_DESASTRES_NATURALES_Y_ANTRÓPICOS_(Histórico)_20260415.csv,EVT00516,2022-05-23,ATENDIDO,2022-05-23,DESLIZAMIENTOS,FUERTES LLUVIAS,CMGRD DE BOLIVAR,CAS,BOLIVAR,RURAL,VEREDA BAJO PALMAS Y EL PAVO,20.0,2.0,10.0,0,0.0,0.0,0.0,0.0,,,,6.0,0.0,0.0,2022-05-23,,,"El CMGRD reporta, las fuertes lluvias generaron el colapso del alcantarillado en algunas zonas del casco urbano, además se presentan deslizamientos en varias veredas: Vereda el Payo, vereda Bajo Palmas y casco urbano, varias viviendas evacuadas, algunas inundadas, se realiza la Evaluación de Daños y Análisis de Necesidades, se reporta el CMGRD que 6 personas lesionadas por colapso de su vivienda vereda Bajo Palmas las cuales fueron remitidas a centros asistenciales del municipio 1.Marlene Galeano Gonzalez, 14 años, 2. Marilu González vargas Edad 39 años, 3. Yemi Liliana Galeano gonzales 12 años, 4. Jairo Galeano gonzalez, 21 años, 5. Luis albeiro Galeano gonzalez 18 años 6. Carol mishell plata Galeano 4 años",2022-05-01,6.0,12.0,0.0,True,Responded to,Landslides,Heavy rainfall,Municipal Disaster Risk Management Council of Bolivar,CAS Environmental Authority,Bolivar,Rural,Rural Hamlet Bajo Palmas and the Pavo,Not reported,Not reported,False,,geophysical,Geophysical,Human impact recorded
2022 May 25 12:00:00 AM,ATENDIDO,2022-05-25T00:00:00.000,INUNDACIONES,FUERTES LLUVIAS,CMGRD DE GUACA,CAS,GUACA,URBA,BARRIO EL CENTRO Y VIA NACIONAL,10,0.0,10.0,0,1.0,1.0,0.0,0.0,,,,0.0,0.0,0.0,2022-05-25T00:00:00.000,,,"El CMGRD reporta, las fuertes lluvias generaron el colapso del alcantarillado en algunas zonas del casco urbano, causa inundaciones de viviendas, caída de árboles, un puente peatonal afectado y varias vías rurales afectadas por deslizamientos, se adelantan los EDAN",REPORTE_DE_EVENTOS_POR_DESASTRES_NATURALES_Y_ANTRÓPICOS_(Histórico)_20260415.csv,EVT00517,2022-05-25,ATENDIDO,2022-05-25,INUNDACIONES,FUERTES LLUVIAS,CMGRD DE GUACA,CAS,GUACA,URBA,BARRIO EL CENTRO Y VIA NACIONAL,10.0,0.0,10.0,0,1.0,1.0,0.0,0.0,,,,0.0,0.0,0.0,2022-05-25,,,"El CMGRD reporta, las fuertes lluvias generaron el colapso del alcantarillado en algunas zonas del casco urbano, causa inundaciones de viviendas, caída de árboles, un puente peatonal afectado y varias vías rurales afectadas por deslizamientos, se adelantan los EDAN",2022-05-01,0.0,10.0,2.0,True,Responded to,Floods,Heavy rainfall,Municipal Disaster Risk Management Council of Guaca,CAS Environmental Authority,Guaca,Urban,Neighborhood the Centro and Road Nacional,Not reported,Not reported,False,,hydrometeorological,Hydrometeorological,Housing damage recorded
2022 May 25 12:00:00 AM,ATENDIDO,2022-05-25T00:00:00.000,AVENIDA TORRENCIAL,FUERTES LLUVIAS,CMGRD SANTA BARBARA,CAS,SANTA BARBARA,RURAL,VIA NACIONAL LOS CUROS - MALAGA,0,0.0,0.0,0,1.0,2.0,0.0,0.0,,,,0.0,0.0,0.0,2022-05-25T00:00:00.000,,,"El CMGRD reporta creciente súbita de las quebradas la Judía y el Canelo, causando pérdida total de la banca en la vía Los Curos – Málaga, perdida de puentes y afectación a algunos vehículos, se coordina la respuesta a la emergencia con el INVIAS, la via se encuentra cerrada en su totalidad",REPORTE_DE_EVENTOS_POR_DESASTRES_NATURALES_Y_ANTRÓPICOS_(Histórico)_20260415.csv,EVT00518,2022-05-25,ATENDIDO,2022-05-25,AVENIDA TORRENCIAL,FUERTES LLUVIAS,CMGRD SANTA BARBARA,CAS,SANTA BARBARA,RURAL,VIA NACIONAL LOS CUROS - MALAGA,0.0,0.0,0.0,0,1.0,2.0,0.0,0.0,,,,0.0,0.0,0.0,2022-05-25,,,"El CMGRD reporta creciente súbita de las quebradas la Judía y el Canelo, causando pérdida total de la banca en la vía Los Curos – Málaga, perdida de puentes y afectación a algunos vehículos, se coordina la respuesta a la emergencia con el INVIAS, la via se encuentra cerrada en su totalidad",2022-05-01,0.0,0.0,3.0,True,Responded to,Torrential flash flood,Heavy rainfall,Municipal Disaster Risk Management Council Santa Barbara,CAS Environmental Authority,Santa Barbara,Rural,Road Nacional Los Curos - Malaga,Not reported,Not reported,False,,hydrometeorological,Hydrometeorological,Infrastructure damage recorded
2022 May 31 12:00:00 AM,ATENDIDO,2022-05-31T00:00:00.000,DESLIZAMIENTOS,FUERTES LLUVIAS,CMGRD ENCISO,CAS,ENCISO,RURAL,VIA ENTRE ENCISO Y CARCASI BRADA CARRIZAL,0,0.0,0.0,0,1.0,0.0,0.0,0.0,,,,0.0,0.0,0.0,31/06/2022,,,"El CMGRD reporta deslizamientos y colapso de alcantarillas en la vía entre Enciso y Carcasí, en el sector de la quebrada Carrizal, afectando la comunidad del municipio de Carcasí, el cual esta incomunicado",REPORTE_DE_EVENTOS_POR_DESASTRES_NATURALES_Y_ANTRÓPICOS_(Histórico)_20260415.csv,EVT00519,2022-05-31,ATENDIDO,2022-05-31,DESLIZAMIENTOS,FUERTES LLUVIAS,CMGRD ENCISO,CAS,ENCISO,RURAL,VIA ENTRE ENCISO Y CARCASI BRADA CARRIZAL,0.0,0.0,0.0,0,1.0,0.0,0.0,0.0,,,,0.0,0.0,0.0,,,,"El CMGRD reporta deslizamientos y colapso de alcantarillas en la vía entre Enciso y Carcasí, en el sector de la quebrada Carrizal, afectando la comunidad del municipio de Carcasí, el cual esta incomunicado",2022-05-01,0.0,0.0,1.0,True,Responded to,Landslides,Heavy rainfall,Municipal Disaster Risk Management Council Enciso,CAS Environmental Authority,Enciso,Rural,Road Entre Enciso and Carcasi Brada Carrizal,Not reported,Not reported,False,,geophysical,Geophysical,Infrastructure damage recorded
2022 Jun 02 12:00:00 AM,ATENDIDO,2022-06-02T00:00:00.000,INUNDACIONES,CRECIENTE SUBITA,CMGRD DE RIONEGRO,CDMB,RIONEGRO,RURAL,"CORREGIMIENTOS PAPAYAL, SAN RAFAEL",100,0.0,100.0,0,1.0,0.0,0.0,0.0,,,,0.0,0.0,0.0,2022-06-02T00:00:00.000,,,"El CMGRD reporta inundaciones en los corregimientos de Papayal y San Rafael de Lebrija,  por desbordamiento del rio Lebrija, se coordina apoyo de maquinaria amarilla para contener el rompimiento del jarillon",REPORTE_DE_EVENTOS_POR_DESASTRES_NATURALES_Y_ANTRÓPICOS_(Histórico)_20260415.csv,EVT00520,2022-06-02,ATENDIDO,2022-06-02,INUNDACIONES,CRECIENTE SUBITA,CMGRD DE RIONEGRO,CDMB,RIONEGRO,RURAL,"CORREGIMIENTOS PAPAYAL, SAN RAFAEL",100.0,0.0,100.0,0,1.0,0.0,0.0,0.0,,,,0.0,0.0,0.0,2022-06-02,,,"El CMGRD reporta inundaciones en los corregimientos de Papayal y San Rafael de Lebrija, por desbordamiento del rio Lebrija, se coordina apoyo de maquinaria amarilla para contener el rompimiento del jarillon",2022-06-01,0.0,100.0,1.0,True,Responded to,Floods,Flash flood,Municipal Disaster Risk Management Council of Rionegro,CDMB Environmental Authority,Rionegro,Rural,"Corregimientos Papayal, San Rafael",Not reported,Not reported,False,,hydrometeorological,Hydrometeorological,Housing damage recorded
2022 Jun 02 12:00:00 AM,ATENDIDO,2022-06-02T00:00:00.000,INUNDACIONES,CRECIENTE SUBITA,CMGRD SABANA DE TORRES,CAS,SABANA DE TORRES,RURAL,CORREGIMINTO PROVINCIA,20,0.0,20.0,0,1.0,0.0,0.0,0.0,,,,0.0,0.0,0.0,2022-06-02T00:00:00.000,,,"El CMGRD reporta desbordamiento de la quebrada Bocas de la Tigra, en el corregimiento de Provincia,afectando pastizales y cultivos de cítricos, yuca y plátano, se adelantan los EDAN",REPORTE_DE_EVENTOS_POR_DESASTRES_NATURALES_Y_ANTRÓPICOS_(Histórico)_20260415.csv,EVT00521,2022-06-02,ATENDIDO,2022-06-02,INUNDACIONES,CRECIENTE SUBITA,CMGRD SABANA DE TORRES,CAS,SABANA DE TORRES,RURAL,CORREGIMINTO PROVINCIA,20.0,0.0,20.0,0,1.0,0.0,0.0,0.0,,,,0.0,0.0,0.0,2022-06-02,,,"El CMGRD reporta desbordamiento de la quebrada Bocas de la Tigra, en el corregimiento de Provincia,afectando pastizales y cultivos de cítricos, yuca y plátano, se adelantan los EDAN",2022-06-01,0.0,20.0,1.0,True,Responded to,Floods,Flash flood,Municipal Disaster Risk Management Council Sabana of Torres,CAS Environmental Authority,Sabana De Torres,Rural,Corregiminto Provincia,Not reported,Not reported,False,,hydrometeorological,Hydrometeorological,Housing damage recorded
2022 Jun 02 12:00:00 AM,,,INUNDACIONES,,,,BOLIVAR,,,68,,,,,,,,,,,,,,,,,,REPORTE_DE_EVENTOS_POR_DESASTRES_NATURALES_Y_ANTRÓPICOS_(Histórico)_20260415.csv,EVT00522,2022-06-02,,,INUNDACIONES,,,,BOLIVAR,,,68.0,,,,,,,,,,,,,,,,,,2022-06-01,0.0,0.0,0.0,False,Not reported,Floods,Not reported,Not reported,Not reported,Bolivar,Not reported,Not reported,Not reported,Not reported,False,,hydrometeorological,Hydrometeorological,No quantified impact recorded
2022 Jun 13 12:00:00 AM,ATENDIDO,2022-06-13T00:00:00.000,AVENIDA TORRENCIAL,FUERTES LLUVIAS,CMGRD DE BUCARAMANGA,CDMB,BUCARAMANGA,URBANO,"barrios San Martin, barrio Galán, barrio Colombia, Gallineral, 5 de Enero",180,0.0,180.0,0,1.0,1.0,0.0,0.0,,,,0.0,0.0,0.0,2022-06-13T00:00:00.000,,,"el CMGRD reporta tormentas eléctricas, desbordamiento de cañadas e inundaciones la mayor afectación se presentó en el barrio San Martin por el desbordamiento de la quebrada la Iglesia más de 100 viviendas afectadas por inundaciones, caída de ramas y árboles sobre las cubiertas de sus casas, vehículos y motocicletas arrastrados en la calles a causa del rebose de alcantarillados CMGRD bomberos oficiales, PONALSAR, defensa civil y adelanta la Evaluación de daños y análisis de necesidades EDAN",REPORTE_DE_EVENTOS_POR_DESASTRES_NATURALES_Y_ANTRÓPICOS_(Histórico)_20260415.csv,EVT00523,2022-06-13,ATENDIDO,2022-06-13,AVENIDA TORRENCIAL,FUERTES LLUVIAS,CMGRD DE BUCARAMANGA,CDMB,BUCARAMANGA,URBANO,"barrios San Martin, barrio Galán, barrio Colombia, Gallineral, 5 de Enero",180.0,0.0,180.0,0,1.0,1.0,0.0,0.0,,,,0.0,0.0,0.0,2022-06-13,,,"el CMGRD reporta tormentas eléctricas, desbordamiento de cañadas e inundaciones la mayor afectación se presentó en el barrio San Martin por el desbordamiento de la quebrada la Iglesia más de 100 viviendas afectadas por inundaciones, caída de ramas y árboles sobre las cubiertas de sus casas, vehículos y motocicletas arrastrados en la calles a causa del rebose de alcantarillados CMGRD bomberos oficiales, PONALSAR, defensa civil y adelanta la Evaluación de daños y análisis de necesidades EDAN",2022-06-01,0.0,180.0,2.0,True,Responded to,Torrential flash flood,Heavy rainfall,Municipal Disaster Risk Management Council of Bucaramanga,CDMB Environmental Authority,Bucaramanga,Urban,Barrios San Martin Neighborhood Galan Neighborhood Colombia Gallineral 5 of Enero,Not reported,Not reported,False,,hydrometeorological,Hydrometeorological,Housing damage recorded
2022 Jun 13 12:00:00 AM,ATENDIDO,2022-06-13T00:00:00.000,INUNDACIONES,FUERTES LLUVIAS,CMGRD DE GIRON,CDMB,GIRON,URBANO,asentamiento Convivir y Altos de Andina,25,0.0,25.0,0,0.0,0.0,0.0,0.0,,,,0.0,0.0,0.0,2022-06-13T00:00:00.000,,,"el CMGRD reporta creciente súbita quebrada Chimitá, rio frío varias viviendas afectadas por lodos y material de arrastre bomberos voluntarios de Floridablanca, defensa civil y CMGRD adelanta la Evaluación de daños y análisis de necesidades mas de 20 viviendas afectadas por las inundaciones",REPORTE_DE_EVENTOS_POR_DESASTRES_NATURALES_Y_ANTRÓPICOS_(Histórico)_20260415.csv,EVT00524,2022-06-13,ATENDIDO,2022-06-13,INUNDACIONES,FUERTES LLUVIAS,CMGRD DE GIRON,CDMB,GIRON,URBANO,asentamiento Convivir y Altos de Andina,25.0,0.0,25.0,0,0.0,0.0,0.0,0.0,,,,0.0,0.0,0.0,2022-06-13,,,"el CMGRD reporta creciente súbita quebrada Chimitá, rio frío varias viviendas afectadas por lodos y material de arrastre bomberos voluntarios de Floridablanca, defensa civil y CMGRD adelanta la Evaluación de daños y análisis de necesidades mas de 20 viviendas afectadas por las inundaciones",2022-06-01,0.0,25.0,0.0,True,Responded to,Floods,Heavy rainfall,Municipal Disaster Risk Management Council of Giron,CDMB Environmental Authority,Giron,Urban,Asentamiento Convivir and Altos of Andina,Not reported,Not reported,False,,hydrometeorological,Hydrometeorological,Housing damage recorded
2022 Jun 14 12:00:00 AM,ATENDIDO,2022-06-14T00:00:00.000,GRANIZADA,FUERTES LLUVIAS,CMGRD OCAMONTE,CAS,OCAMONTE,URBANO,"veredas las Flores, Monchia y Agua Fría",10,0.0,10.0,0,0.0,0.0,0.0,0.0,,,,0.0,0.0,0.0,2022-06-14T00:00:00.000,,,"el CMGRD reporta fuertes lluvias y granizada, afectación en cultivos de café, platano y caña de azúcar así como algunas viviendas afectadas en sus techos y cubiertas, ATIENDE: CMGRD bomberos voluntarios y comunidad, quienes realizan la EDAN mas de 10 familias afectadas",REPORTE_DE_EVENTOS_POR_DESASTRES_NATURALES_Y_ANTRÓPICOS_(Histórico)_20260415.csv,EVT00525,2022-06-14,ATENDIDO,2022-06-14,GRANIZADA,FUERTES LLUVIAS,CMGRD OCAMONTE,CAS,OCAMONTE,URBANO,"veredas las Flores, Monchia y Agua Fría",10.0,0.0,10.0,0,0.0,0.0,0.0,0.0,,,,0.0,0.0,0.0,2022-06-14,,,"el CMGRD reporta fuertes lluvias y granizada, afectación en cultivos de café, platano y caña de azúcar así como algunas viviendas afectadas en sus techos y cubiertas, ATIENDE: CMGRD bomberos voluntarios y comunidad, quienes realizan la EDAN mas de 10 familias afectadas",2022-06-01,0.0,10.0,0.0,True,Responded to,Hailstorm,Heavy rainfall,Municipal Disaster Risk Management Council Ocamonte,CAS Environmental Authority,Ocamonte,Urban,Veredas Las Flores Monchia and Agua Fria,Not reported,Not reported,False,,hydrometeorological,Hydrometeorological,Housing damage recorded
2022 Jun 16 12:00:00 AM,ATENDIDO,2022-06-16T00:00:00.000,CRECIENTE SUBITA,FUERTES LLUVIAS,BOMBEROS DE BARRANCABERMEJA,CAS,BARRANCABERMEJA,RURAL,VEREDA POZO NUTRIA,0,0.0,0.0,0,0.0,0.0,0.0,0.0,,,,0.0,0.0,1.0,2022-06-16T00:00:00.000,,,"el CMGRD de San Vicente reporta Creciente súbita quebrada Las Margaritas Un vehículo fue arrastrados por las aguas, en el que se trasportaban varias personas, entre ellas un sacerdote quien fue hallado minutos después sin signos vitales DATOS: Juan José Cárdenas Ortiz de 64 años de edad",REPORTE_DE_EVENTOS_POR_DESASTRES_NATURALES_Y_ANTRÓPICOS_(Histórico)_20260415.csv,EVT00526,2022-06-16,ATENDIDO,2022-06-16,CRECIENTE SUBITA,FUERTES LLUVIAS,BOMBEROS DE BARRANCABERMEJA,CAS,BARRANCABERMEJA,RURAL,VEREDA POZO NUTRIA,0.0,0.0,0.0,0,0.0,0.0,0.0,0.0,,,,0.0,0.0,1.0,2022-06-16,,,"el CMGRD de San Vicente reporta Creciente súbita quebrada Las Margaritas Un vehículo fue arrastrados por las aguas, en el que se trasportaban varias personas, entre ellas un sacerdote quien fue hallado minutos después sin signos vitales DATOS: Juan José Cárdenas Ortiz de 64 años de edad",2022-06-01,1.0,0.0,0.0,True,Responded to,Flash flood,Heavy rainfall,Fire Department of Barrancabermeja,CAS Environmental Authority,Barrancabermeja,Rural,Rural Hamlet Pozo Nutria,Not reported,Not reported,False,,hydrometeorological,Hydrometeorological,Human impact recorded
2022 Jun 22 12:00:00 AM,ATENDIDO,2022-06-22T00:00:00.000,AVENIDA TORRENCIAL,FUERTES LLUVIAS,CMGRD DE SAN ANDRES,CAS,SAN ANDRES,URBANO,QUEBRADA LA LLORONA,70,0.0,25.0,1,2.0,0.0,0.0,0.0,,,,0.0,0.0,0.0,2022-06-22T00:00:00.000,,,"el CMGRD reporta creciente subita de la quebrada la  Llorona, la cual se desbordó en la parte alta del municipio saliendo a las calles 12 y 13 y afectcó varias viviendas donde se perdieron muebles y enceres, se adelantan los EDAN, no se reportan desaparecidos ni lesionados.",REPORTE_DE_EVENTOS_POR_DESASTRES_NATURALES_Y_ANTRÓPICOS_(Histórico)_20260415.csv,EVT00527,2022-06-22,ATENDIDO,2022-06-22,AVENIDA TORRENCIAL,FUERTES LLUVIAS,CMGRD DE SAN ANDRES,CAS,SAN ANDRES,URBANO,QUEBRADA LA LLORONA,70.0,0.0,25.0,1,2.0,0.0,0.0,0.0,,,,0.0,0.0,0.0,2022-06-22,,,"el CMGRD reporta creciente subita de la quebrada la Llorona, la cual se desbordó en la parte alta del municipio saliendo a las calles 12 y 13 y afectcó varias viviendas donde se perdieron muebles y enceres, se adelantan los EDAN, no se reportan desaparecidos ni lesionados.",2022-06-01,0.0,25.0,3.0,True,Responded to,Torrential flash flood,Heavy rainfall,Municipal Disaster Risk Management Council of San Andres,CAS Environmental Authority,San Andres,Urban,Quebrada the Llorona,Not reported,Not reported,False,,hydrometeorological,Hydrometeorological,Housing damage recorded
2022 Jun 25 12:00:00 AM,ATENDIDO,2022-06-25T00:00:00.000,CRECIENTE SUBITA,FUERTES LLUVIAS,CMGRD BARRANCABERMEJA,CAS,BARRANCABERMEJA,URBANO,QUEBRADA LAS CAMELIAS BARRIO LA FERIA,0,0.0,0.0,0,0.0,0.0,0.0,0.0,,,,0.0,0.0,1.0,2022-06-25T00:00:00.000,,,"eL CMGRD reporta un menor de 11 años que se encontraba jugando cerca a la quebrada las Camelias cayó de forma accidental, Este fue arrastrado por la creciente súbita, inmediatamente se inicia la búsqueda por organismos de socorro y comunidad. El cuerpo fue hallado en la Ciénaga Miramar, lamentablemente fallecido DATOS: ANDRES SANTIAGO COBOS SERNA  de 12 Años",REPORTE_DE_EVENTOS_POR_DESASTRES_NATURALES_Y_ANTRÓPICOS_(Histórico)_20260415.csv,EVT00528,2022-06-25,ATENDIDO,2022-06-25,CRECIENTE SUBITA,FUERTES LLUVIAS,CMGRD BARRANCABERMEJA,CAS,BARRANCABERMEJA,URBANO,QUEBRADA LAS CAMELIAS BARRIO LA FERIA,0.0,0.0,0.0,0,0.0,0.0,0.0,0.0,,,,0.0,0.0,1.0,2022-06-25,,,"eL CMGRD reporta un menor de 11 años que se encontraba jugando cerca a la quebrada las Camelias cayó de forma accidental, Este fue arrastrado por la creciente súbita, inmediatamente se inicia la búsqueda por organismos de socorro y comunidad. El cuerpo fue hallado en la Ciénaga Miramar, lamentablemente fallecido DATOS: ANDRES SANTIAGO COBOS SERNA de 12 Años",2022-06-01,1.0,0.0,0.0,True,Responded to,Flash flood,Heavy rainfall,Municipal Disaster Risk Management Council Barrancabermeja,CAS Environmental Authority,Barrancabermeja,Urban,Quebrada Las Camelias Neighborhood the Feria,Not reported,Not reported,False,,hydrometeorological,Hydrometeorological,Human impact recorded
2022 Jun 25 12:00:00 AM,ATENDIDO,2022-06-25T00:00:00.000,DESLIZAMIENTOS,FUERTES LLUVIAS,CMGRD DE FLORIDABLANCA,CDMB,FLORDABLANCA,RURAL,Vereda Alsacia cerca a la quebrada la Carbona,0,0.0,0.0,0,1.0,0.0,0.0,0.0,,,,0.0,0.0,0.0,2022-06-25T00:00:00.000,,,"eL CMGRD reporta fenómeno de remoción en masa •	Una motocicleta que transitaba en el sector quedó atrapada, no se reportaron personas lesionadas ni desaparecidas •	3 veredas incomunicadas: Alsacia, Malabar, Monte Fiori, CMGRD bomberos voluntarios el municipio de Floridablanca dispuso de maquinaria amarilla para habilitar el paso y evitar represamiento de la quebrada la carbona",REPORTE_DE_EVENTOS_POR_DESASTRES_NATURALES_Y_ANTRÓPICOS_(Histórico)_20260415.csv,EVT00529,2022-06-25,ATENDIDO,2022-06-25,DESLIZAMIENTOS,FUERTES LLUVIAS,CMGRD DE FLORIDABLANCA,CDMB,FLORDABLANCA,RURAL,Vereda Alsacia cerca a la quebrada la Carbona,0.0,0.0,0.0,0,1.0,0.0,0.0,0.0,,,,0.0,0.0,0.0,2022-06-25,,,"eL CMGRD reporta fenómeno de remoción en masa • Una motocicleta que transitaba en el sector quedó atrapada, no se reportaron personas lesionadas ni desaparecidas • 3 veredas incomunicadas: Alsacia, Malabar, Monte Fiori, CMGRD bomberos voluntarios el municipio de Floridablanca dispuso de maquinaria amarilla para habilitar el paso y evitar represamiento de la quebrada la carbona",2022-06-01,0.0,0.0,1.0,True,Responded to,Landslides,Heavy rainfall,Municipal Disaster Risk Management Council of Floridablanca,CDMB Environmental Authority,Flordablanca,Rural,Rural Hamlet Alsacia Cerca A the Quebrada the Carbona,Not reported,Not reported,False,,geophysical,Geophysical,Infrastructure damage recorded
2022 Jun 26 12:00:00 AM,ATENDIDO,2022-06-26T00:00:00.000,DESLIZAMIENTOS,CRECIENTE SUBITA,CMGRD DE ONZAGA,CAS,ONZAGA,RURAL,VIA NACIONAL ONZAGA SAN JOAQUIN,0,0.0,0.0,0,1.0,1.0,0.0,0.0,,,,0.0,0.0,0.0,2022-06-26T00:00:00.000,,,"eL CMGRD reporta deslizamientos y creciente súbita quebrada Santa la Leona por fenómeno de remoción en masa en  la vereda Santa Clara y la creciente de la quebrada La Leona causa cierre total de la vía hacia el municipio de san Joaquin. En el sector del puente Santa Clara, el cierre de la vía impide el tránsito de productos agrícolas y vehículos de transporte de pasajeros",REPORTE_DE_EVENTOS_POR_DESASTRES_NATURALES_Y_ANTRÓPICOS_(Histórico)_20260415.csv,EVT00530,2022-06-26,ATENDIDO,2022-06-26,DESLIZAMIENTOS,CRECIENTE SUBITA,CMGRD DE ONZAGA,CAS,ONZAGA,RURAL,VIA NACIONAL ONZAGA SAN JOAQUIN,0.0,0.0,0.0,0,1.0,1.0,0.0,0.0,,,,0.0,0.0,0.0,2022-06-26,,,"eL CMGRD reporta deslizamientos y creciente súbita quebrada Santa la Leona por fenómeno de remoción en masa en la vereda Santa Clara y la creciente de la quebrada La Leona causa cierre total de la vía hacia el municipio de san Joaquin. En el sector del puente Santa Clara, el cierre de la vía impide el tránsito de productos agrícolas y vehículos de transporte de pasajeros",2022-06-01,0.0,0.0,2.0,True,Responded to,Landslides,Flash flood,Municipal Disaster Risk Management Council of Onzaga,CAS Environmental Authority,Onzaga,Rural,Road Nacional Onzaga San Joaquin,Not reported,Not reported,False,,geophysical,Geophysical,Infrastructure damage recorded
2022 Jun 27 12:00:00 AM,ATENDIDO,2022-06-27T00:00:00.000,DESLIZAMIENTOS,FUERTES LLUVIAS,CMGRD DE MOGOTES,CAS,MOGOTES,RURAL,VEREDA SAN MIGUEL,1,0.0,1.0,0,0.0,0.0,0.0,0.0,,,,0.0,0.0,0.0,2022-06-27T00:00:00.000,,,"eL CMGRD reporta deslizamiento en la vereda San Miguel  una vivienda afectada en la que se encontraban 2 adultos mayores, los cuales se encuentran ilesos, pérdida de aves de corral, muebles y enceres.",REPORTE_DE_EVENTOS_POR_DESASTRES_NATURALES_Y_ANTRÓPICOS_(Histórico)_20260415.csv,EVT00531,2022-06-27,ATENDIDO,2022-06-27,DESLIZAMIENTOS,FUERTES LLUVIAS,CMGRD DE MOGOTES,CAS,MOGOTES,RURAL,VEREDA SAN MIGUEL,1.0,0.0,1.0,0,0.0,0.0,0.0,0.0,,,,0.0,0.0,0.0,2022-06-27,,,"eL CMGRD reporta deslizamiento en la vereda San Miguel una vivienda afectada en la que se encontraban 2 adultos mayores, los cuales se encuentran ilesos, pérdida de aves de corral, muebles y enceres.",2022-06-01,0.0,1.0,0.0,True,Responded to,Landslides,Heavy rainfall,Municipal Disaster Risk Management Council of Mogotes,CAS Environmental Authority,Mogotes,Rural,Rural Hamlet San Miguel,Not reported,Not reported,False,,geophysical,Geophysical,Housing damage recorded
2022 Jun 28 12:00:00 AM,ATENDIDO,2022-06-28T00:00:00.000,DESLIZAMIENTOS,FUERTES LLUVIAS,BOMBEROS DE PARAMO,CAS,PARAMO,RURAL,VIA NACIONAL SAN GIL - CHARALA KM 18,0,0.0,0.0,0,1.0,0.0,0.0,0.0,,,,0.0,0.0,0.0,2022-06-28T00:00:00.000,,,"El comandante de bomberos del municipio de Páramo reporta cierre total de la vía nacional San Gil – Charalá por deslizamientos en los km 15 y 21, se coordina con el INVIAS el traslado de maquinaria amarilla",REPORTE_DE_EVENTOS_POR_DESASTRES_NATURALES_Y_ANTRÓPICOS_(Histórico)_20260415.csv,EVT00532,2022-06-28,ATENDIDO,2022-06-28,DESLIZAMIENTOS,FUERTES LLUVIAS,BOMBEROS DE PARAMO,CAS,PARAMO,RURAL,VIA NACIONAL SAN GIL - CHARALA KM 18,0.0,0.0,0.0,0,1.0,0.0,0.0,0.0,,,,0.0,0.0,0.0,2022-06-28,,,"El comandante de bomberos del municipio de Páramo reporta cierre total de la vía nacional San Gil – Charalá por deslizamientos en los km 15 y 21, se coordina con el INVIAS el traslado de maquinaria amarilla",2022-06-01,0.0,0.0,1.0,True,Responded to,Landslides,Heavy rainfall,Fire Department of Paramo,CAS Environmental Authority,Paramo,Rural,Road Nacional San Gil - Charala Km 18,Not reported,Not reported,False,,geophysical,Geophysical,Infrastructure damage recorded
2022 Jun 30 12:00:00 AM,ATENDIDO,2022-06-30T00:00:00.000,DESLIZAMIENTOS,FUERTES LLUVIAS,CMGRD DEL HATO,CAS,EL HATO,RURAL,VIA DEPARTAMENTAL ENTRE PALMAR Y EL HATO,0,0.0,0.0,0,1.0,0.0,0.0,0.0,,,,0.0,0.0,0.0,2022-06-30T00:00:00.000,,,"El CMGRD del municipio del Hato  reporta cierre total de la vía que comunica con el municipio del Palmar por deslizamientos y caída de rocas, se coordina traslado de maquinaria amarilla",REPORTE_DE_EVENTOS_POR_DESASTRES_NATURALES_Y_ANTRÓPICOS_(Histórico)_20260415.csv,EVT00533,2022-06-30,ATENDIDO,2022-06-30,DESLIZAMIENTOS,FUERTES LLUVIAS,CMGRD DEL HATO,CAS,EL HATO,RURAL,VIA DEPARTAMENTAL ENTRE PALMAR Y EL HATO,0.0,0.0,0.0,0,1.0,0.0,0.0,0.0,,,,0.0,0.0,0.0,2022-06-30,,,"El CMGRD del municipio del Hato reporta cierre total de la vía que comunica con el municipio del Palmar por deslizamientos y caída de rocas, se coordina traslado de maquinaria amarilla",2022-06-01,0.0,0.0,1.0,True,Responded to,Landslides,Heavy rainfall,Municipal Disaster Risk Management Council of the Hato,CAS Environmental Authority,El Hato,Rural,Road Departamental Entre Palmar and the Hato,Not reported,Not reported,False,,geophysical,Geophysical,Infrastructure damage recorded
2022 Jul 06 12:00:00 AM,ATENDIDO,2022-07-06T00:00:00.000,TORMENTAS ELECTRICAS,FUERTES LLUVIAS,CMGRD EL SOCORRO,CAS,EL SOCORRO,RURAL,"VEREDAS TAMACARA, BARIRI,",0,0.0,0.0,0,1.0,0.0,0.0,0.0,,,,0.0,0.0,0.0,2022-07-06T00:00:00.000,,,"El CMGRD En la tarde de ayer se presentó un fuerte vendaval. Al momento se encuentran activos tres escenarios de riesgo por movimientos en masa: vereda Bosque Rivera, vereda Tamacara vía Socorro - Simacota, y Vereda Bariri. Algunas familias incomunicadas, se realizan los EDAN",REPORTE_DE_EVENTOS_POR_DESASTRES_NATURALES_Y_ANTRÓPICOS_(Histórico)_20260415.csv,EVT00534,2022-07-06,ATENDIDO,2022-07-06,TORMENTAS ELECTRICAS,FUERTES LLUVIAS,CMGRD EL SOCORRO,CAS,EL SOCORRO,RURAL,"VEREDAS TAMACARA, BARIRI,",0.0,0.0,0.0,0,1.0,0.0,0.0,0.0,,,,0.0,0.0,0.0,2022-07-06,,,"El CMGRD En la tarde de ayer se presentó un fuerte vendaval. Al momento se encuentran activos tres escenarios de riesgo por movimientos en masa: vereda Bosque Rivera, vereda Tamacara vía Socorro - Simacota, y Vereda Bariri. Algunas familias incomunicadas, se realizan los EDAN",2022-07-01,0.0,0.0,1.0,True,Responded to,Thunderstorms,Heavy rainfall,Municipal Disaster Risk Management Council the Socorro,CAS Environmental Authority,El Socorro,Rural,"Veredas Tamacara, Bariri,",Not reported,Not reported,False,,hydrometeorological,Hydrometeorological,Infrastructure damage recorded
2022 Jul 11 12:00:00 AM,ATENDIDO,2022-07-11T00:00:00.000,DESLIZAMIENTOS,FUERTES LLUVIAS,CMGD VALLE DE SAN JOSE,CAS,VALLE DE SAN JOSE,RURAL,QUEBRADA TABACUTA,0,0.0,0.0,1,0.0,0.0,0.0,0.0,,,,0.0,0.0,0.0,2022-07-11T00:00:00.000,,,"El CMGRD reporta deslizamientos en sectores de la quebrada tabacuta que afecta las redes del acueducto municipal, esto deja al casco urbano del municipio sin el servicio de agua potable, junto a bomberos se suministra agua en bloque y se coordinan las reparaciones",REPORTE_DE_EVENTOS_POR_DESASTRES_NATURALES_Y_ANTRÓPICOS_(Histórico)_20260415.csv,EVT00535,2022-07-11,ATENDIDO,2022-07-11,DESLIZAMIENTOS,FUERTES LLUVIAS,CMGD VALLE DE SAN JOSE,CAS,VALLE DE SAN JOSE,RURAL,QUEBRADA TABACUTA,0.0,0.0,0.0,1,0.0,0.0,0.0,0.0,,,,0.0,0.0,0.0,2022-07-11,,,"El CMGRD reporta deslizamientos en sectores de la quebrada tabacuta que afecta las redes del acueducto municipal, esto deja al casco urbano del municipio sin el servicio de agua potable, junto a bomberos se suministra agua en bloque y se coordinan las reparaciones",2022-07-01,0.0,0.0,1.0,True,Responded to,Landslides,Heavy rainfall,Cmgd Valle of San Jose,CAS Environmental Authority,Valle De San Jose,Rural,Quebrada Tabacuta,Not reported,Not reported,False,,geophysical,Geophysical,Infrastructure damage recorded
2022 Jul 11 12:00:00 AM,ATENDIDO,2022-07-11T00:00:00.000,DESLIZAMIENTOS,FUERTES LLUVIAS,CMGRD LANDAZURI,CAS,LANDAZURI,RURAL,VIA NACIONAL TRONCAL DEL CARARE,0,0.0,0.0,0,1.0,0.0,0.0,0.0,,,,0.0,0.0,0.0,2022-07-11T00:00:00.000,,,"El CMGRD reporta cierre de la vía nacional Landázuri - Vélez  por fenómeno de remoción en masa RECURRENTE por falla geológica y las lluvias constantes, atiende el INVIAS, quienes habilitan paso con horarios de restricción.",REPORTE_DE_EVENTOS_POR_DESASTRES_NATURALES_Y_ANTRÓPICOS_(Histórico)_20260415.csv,EVT00536,2022-07-11,ATENDIDO,2022-07-11,DESLIZAMIENTOS,FUERTES LLUVIAS,CMGRD LANDAZURI,CAS,LANDAZURI,RURAL,VIA NACIONAL TRONCAL DEL CARARE,0.0,0.0,0.0,0,1.0,0.0,0.0,0.0,,,,0.0,0.0,0.0,2022-07-11,,,"El CMGRD reporta cierre de la vía nacional Landázuri - Vélez por fenómeno de remoción en masa RECURRENTE por falla geológica y las lluvias constantes, atiende el INVIAS, quienes habilitan paso con horarios de restricción.",2022-07-01,0.0,0.0,1.0,True,Responded to,Landslides,Heavy rainfall,Municipal Disaster Risk Management Council Landazuri,CAS Environmental Authority,Landazuri,Rural,Road Nacional Troncal of the Carare,Not reported,Not reported,False,,geophysical,Geophysical,Infrastructure damage recorded
2022 Jul 11 12:00:00 AM,ATENDIDO,2022-07-11T00:00:00.000,REMOCION EN MASA,DESLIZAMIENTOS,CMGRD PIEDECUESTA,CAS,PIEDECUESTA,RURAL,VIA NACIONAL LOS CUROS - MALAGA,0,0.0,0.0,0,1.0,0.0,0.0,0.0,,,,0.0,0.0,0.0,2022-07-11T00:00:00.000,,,"El CMGRD reporta cierre temporal de la vía nacional Los Curos – Málaga por fenómeno de remoción en masa, el INVIAS atiende con maquinaria amarilla",REPORTE_DE_EVENTOS_POR_DESASTRES_NATURALES_Y_ANTRÓPICOS_(Histórico)_20260415.csv,EVT00537,2022-07-11,ATENDIDO,2022-07-11,REMOCION EN MASA,DESLIZAMIENTOS,CMGRD PIEDECUESTA,CAS,PIEDECUESTA,RURAL,VIA NACIONAL LOS CUROS - MALAGA,0.0,0.0,0.0,0,1.0,0.0,0.0,0.0,,,,0.0,0.0,0.0,2022-07-11,,,"El CMGRD reporta cierre temporal de la vía nacional Los Curos – Málaga por fenómeno de remoción en masa, el INVIAS atiende con maquinaria amarilla",2022-07-01,0.0,0.0,1.0,True,Responded to,Mass movement,Landslides,Municipal Disaster Risk Management Council Piedecuesta,CAS Environmental Authority,Piedecuesta,Rural,Road Nacional Los Curos - Malaga,Not reported,Not reported,False,,geophysical,Geophysical,Infrastructure damage recorded
2022 Jul 25 12:00:00 AM,ATENDIDO,2022-07-25T00:00:00.000,REMOCION EN MASA,DESLIZAMIENTOS,CMGRD SANTA HELENA DEL OPON,CAS,SANTA HELENA,RURAL,CORREGIMIENTO SAN JUAN BOSCO,100,0.0,0.0,0,0.0,0.0,0.0,0.0,,,,0.0,0.0,0.0,2022-07-25T00:00:00.000,,,"EL CMGRD reporta fenómeno de remoción en masa que cae a la quebrada Galapales, afluente de la quebrada la Verde, Se activó el plan de contingencia y se coordina la evacuación de las familias ubicadas en el corregimiento San Juan Bosco hacia un sitio seguro por estar cerca a la quebrada la Verde, Desde la OGRD se envían ayudas humanitarias (kit de alimentos, kit de cocina y kit de aseo) así mis mismo se envían  carpas y se mantiene comunicación permanente con el CMGRD, se adelantan los EDAN.",REPORTE_DE_EVENTOS_POR_DESASTRES_NATURALES_Y_ANTRÓPICOS_(Histórico)_20260415.csv,EVT00538,2022-07-25,ATENDIDO,2022-07-25,REMOCION EN MASA,DESLIZAMIENTOS,CMGRD SANTA HELENA DEL OPON,CAS,SANTA HELENA,RURAL,CORREGIMIENTO SAN JUAN BOSCO,100.0,0.0,0.0,0,0.0,0.0,0.0,0.0,,,,0.0,0.0,0.0,2022-07-25,,,"EL CMGRD reporta fenómeno de remoción en masa que cae a la quebrada Galapales, afluente de la quebrada la Verde, Se activó el plan de contingencia y se coordina la evacuación de las familias ubicadas en el corregimiento San Juan Bosco hacia un sitio seguro por estar cerca a la quebrada la Verde, Desde la OGRD se envían ayudas humanitarias (kit de alimentos, kit de cocina y kit de aseo) así mis mismo se envían carpas y se mantiene comunicación permanente con el CMGRD, se adelantan los EDAN.",2022-07-01,0.0,0.0,0.0,False,Responded to,Mass movement,Landslides,Municipal Disaster Risk Management Council Santa Helena of the Opon,CAS Environmental Authority,Santa Helena,Rural,Township San Juan Bosco,Not reported,Not reported,False,,geophysical,Geophysical,No quantified impact recorded
2022 Jul 30 12:00:00 AM,ATENDIDO,2022-07-30T00:00:00.000,GRANIZADA,FUERTES LLUVIAS,CMGRD DE MOGOTES,CAS,MOGOTES,RURAL,AREAS URBANA Y RURAL,0,0.0,0.0,0,0.0,0.0,,0.0,,,,0.0,0.0,0.0,2022-07-30T00:00:00.000,,,"el CMGRD reporta fuertes lluvias y granizada área rural y casco urbano, varios cultivos de café, platano, cítricos, yuca afectados por el granizo, Colapso del alcantarillado en el casco urbano y causa inundaciones en varias viviendas",REPORTE_DE_EVENTOS_POR_DESASTRES_NATURALES_Y_ANTRÓPICOS_(Histórico)_20260415.csv,EVT00539,2022-07-30,ATENDIDO,2022-07-30,GRANIZADA,FUERTES LLUVIAS,CMGRD DE MOGOTES,CAS,MOGOTES,RURAL,AREAS URBANA Y RURAL,0.0,0.0,0.0,0,0.0,0.0,,0.0,,,,0.0,0.0,0.0,2022-07-30,,,"el CMGRD reporta fuertes lluvias y granizada área rural y casco urbano, varios cultivos de café, platano, cítricos, yuca afectados por el granizo, Colapso del alcantarillado en el casco urbano y causa inundaciones en varias viviendas",2022-07-01,0.0,0.0,0.0,False,Responded to,Hailstorm,Heavy rainfall,Municipal Disaster Risk Management Council of Mogotes,CAS Environmental Authority,Mogotes,Rural,Areas Urbana and Rural,Not reported,Not reported,False,,hydrometeorological,Hydrometeorological,No quantified impact recorded
2022 Jul 31 12:00:00 AM,ATENDIDO,2022-07-31T00:00:00.000,GRANIZADA,FUERTES LLUVIAS,CMGRD JESUS MARIA,CAS,JESUS MARIA,RURAL,AREAS URBANA Y RURAL,0,0.0,0.0,0,0.0,0.0,0.0,0.0,,,,0.0,0.0,0.0,2022-07-31T00:00:00.000,,,"el CMGRD reporta fuertes lluvias y granizada área rural y casco urbano, perdida de pastizales afectados por el granizo, y perdida de cultivos de pancoger",REPORTE_DE_EVENTOS_POR_DESASTRES_NATURALES_Y_ANTRÓPICOS_(Histórico)_20260415.csv,EVT00540,2022-07-31,ATENDIDO,2022-07-31,GRANIZADA,FUERTES LLUVIAS,CMGRD JESUS MARIA,CAS,JESUS MARIA,RURAL,AREAS URBANA Y RURAL,0.0,0.0,0.0,0,0.0,0.0,0.0,0.0,,,,0.0,0.0,0.0,2022-07-31,,,"el CMGRD reporta fuertes lluvias y granizada área rural y casco urbano, perdida de pastizales afectados por el granizo, y perdida de cultivos de pancoger",2022-07-01,0.0,0.0,0.0,False,Responded to,Hailstorm,Heavy rainfall,Municipal Disaster Risk Management Council Jesus Maria,CAS Environmental Authority,Jesus Maria,Rural,Areas Urbana and Rural,Not reported,Not reported,False,,hydrometeorological,Hydrometeorological,No quantified impact recorded
2022 Aug 02 12:00:00 AM,ATENDIDO,2022-08-02T00:00:00.000,MOVIMIENTO EN MASA,FUERTES LLUVIAS,CMGRD SUCRE,CAS,SUCRE,RURAL,VIA DEPARTAMENTAL SUCRE A JESUS MARIA,0,0.0,0.0,0,1.0,0.0,0.0,0.0,,,,0.0,0.0,0.0,2022-08-02T00:00:00.000,,,"El CMGRD reporta deslizamientos en la via que comunica al municipio e Sucre con los municipios de Jesus maria y la Belleza, por desbordamiento de la quebrada las Guamas",REPORTE_DE_EVENTOS_POR_DESASTRES_NATURALES_Y_ANTRÓPICOS_(Histórico)_20260415.csv,EVT00541,2022-08-02,ATENDIDO,2022-08-02,MOVIMIENTO EN MASA,FUERTES LLUVIAS,CMGRD SUCRE,CAS,SUCRE,RURAL,VIA DEPARTAMENTAL SUCRE A JESUS MARIA,0.0,0.0,0.0,0,1.0,0.0,0.0,0.0,,,,0.0,0.0,0.0,2022-08-02,,,"El CMGRD reporta deslizamientos en la via que comunica al municipio e Sucre con los municipios de Jesus maria y la Belleza, por desbordamiento de la quebrada las Guamas",2022-08-01,0.0,0.0,1.0,True,Responded to,Mass movement,Heavy rainfall,Municipal Disaster Risk Management Council Sucre,CAS Environmental Authority,Sucre,Rural,Road Departamental Sucre A Jesus Maria,Not reported,Not reported,False,,geophysical,Geophysical,Infrastructure damage recorded
2022 Aug 04 12:00:00 AM,ATENDIDO,,MOVIMIENTO EN MASA,,,,LANDAZURI,,,52,,,,,,,,,,,,,,,,,,REPORTE_DE_EVENTOS_POR_DESASTRES_NATURALES_Y_ANTRÓPICOS_(Histórico)_20260415.csv,EVT00542,2022-08-04,ATENDIDO,,MOVIMIENTO EN MASA,,,,LANDAZURI,,,52.0,,,,,,,,,,,,,,,,,,2022-08-01,0.0,0.0,0.0,False,Responded to,Mass movement,Not reported,Not reported,Not reported,Landazuri,Not reported,Not reported,Not reported,Not reported,False,,geophysical,Geophysical,No quantified impact recorded
2022 Aug 09 12:00:00 AM,ATENDIDO,2022-08-09T00:00:00.000,TORMENTAS ELECTRICAS,FUERTES LLUVIAS,CMGRD CEPITA,CAS,CEPITA,URBANO Y RURAL,TODA LA JURISDICCION,10,0.0,10.0,0,0.0,0.0,0.0,0.0,,,,0.0,0.0,0.0,2022-08-09T00:00:00.000,,,"EL CMGRD reporta las rafas de viento causan caía de árboles, techos y cubiertas, una lámina de zinc golpeó las cuerdas de  energía eléctrica, quedando la población sin este servicio, ATIENDE: el CMGRD junto a la defensa civil adelanta la Evaluación de Daños y Analisis de Necesidades y se requirió a la ESSA la rehabilitación del servicio de energía",REPORTE_DE_EVENTOS_POR_DESASTRES_NATURALES_Y_ANTRÓPICOS_(Histórico)_20260415.csv,EVT00543,2022-08-09,ATENDIDO,2022-08-09,TORMENTAS ELECTRICAS,FUERTES LLUVIAS,CMGRD CEPITA,CAS,CEPITA,URBANO Y RURAL,TODA LA JURISDICCION,10.0,0.0,10.0,0,0.0,0.0,0.0,0.0,,,,0.0,0.0,0.0,2022-08-09,,,"EL CMGRD reporta las rafas de viento causan caía de árboles, techos y cubiertas, una lámina de zinc golpeó las cuerdas de energía eléctrica, quedando la población sin este servicio, ATIENDE: el CMGRD junto a la defensa civil adelanta la Evaluación de Daños y Analisis de Necesidades y se requirió a la ESSA la rehabilitación del servicio de energía",2022-08-01,0.0,10.0,0.0,True,Responded to,Thunderstorms,Heavy rainfall,Municipal Disaster Risk Management Council Cepita,CAS Environmental Authority,Cepita,Urban and rural,Entire jurisdiction,Not reported,Not reported,False,,hydrometeorological,Hydrometeorological,Housing damage recorded
2022 Aug 09 12:00:00 AM,ATENDIDO,2022-08-09T00:00:00.000,TORMENTAS ELECTRICAS,FUERTES LLUVIAS,CMGRD PIEDECUESTA,CDMB,PIEDECUESTA,URBANO Y RURAL,TODA LA JURISDICCION,12,0.0,12.0,0,1.0,0.0,0.0,0.0,,,,0.0,0.0,0.0,2022-08-09T00:00:00.000,,,"El CMGRD reporta Un árbol cayó sobre la vía hacia la masa de los Santos, sector la cristalina quedando incomunicada la mesa de manera momentánea. ATIENDE: el CMGRD de Piedecuesta coordina con la concesión del peaje el retiro del árbol",REPORTE_DE_EVENTOS_POR_DESASTRES_NATURALES_Y_ANTRÓPICOS_(Histórico)_20260415.csv,EVT00544,2022-08-09,ATENDIDO,2022-08-09,TORMENTAS ELECTRICAS,FUERTES LLUVIAS,CMGRD PIEDECUESTA,CDMB,PIEDECUESTA,URBANO Y RURAL,TODA LA JURISDICCION,12.0,0.0,12.0,0,1.0,0.0,0.0,0.0,,,,0.0,0.0,0.0,2022-08-09,,,"El CMGRD reporta Un árbol cayó sobre la vía hacia la masa de los Santos, sector la cristalina quedando incomunicada la mesa de manera momentánea. ATIENDE: el CMGRD de Piedecuesta coordina con la concesión del peaje el retiro del árbol",2022-08-01,0.0,12.0,1.0,True,Responded to,Thunderstorms,Heavy rainfall,Municipal Disaster Risk Management Council Piedecuesta,CDMB Environmental Authority,Piedecuesta,Urban and rural,Entire jurisdiction,Not reported,Not reported,False,,hydrometeorological,Hydrometeorological,Housing damage recorded
2022 Aug 09 12:00:00 AM,ATENDIDO,2022-08-09T00:00:00.000,TORMENTAS ELECTRICAS,FUERTES LLUVIAS,CMGRD SABANA DE TORRES,CAS,SABANA DE TORRES,URBANO Y RURAL,TODA LA JURISDICCION,20,0.0,20.0,0,0.0,0.0,0.0,0.0,,,,0.0,0.0,0.0,2022-08-09T00:00:00.000,,,"El CMGRD reporta afectación el cubiertas y techos de algunas viviendas y locales comerciales a causa de los fuertes vientos y lluvias, se adelantan los EDAN",REPORTE_DE_EVENTOS_POR_DESASTRES_NATURALES_Y_ANTRÓPICOS_(Histórico)_20260415.csv,EVT00545,2022-08-09,ATENDIDO,2022-08-09,TORMENTAS ELECTRICAS,FUERTES LLUVIAS,CMGRD SABANA DE TORRES,CAS,SABANA DE TORRES,URBANO Y RURAL,TODA LA JURISDICCION,20.0,0.0,20.0,0,0.0,0.0,0.0,0.0,,,,0.0,0.0,0.0,2022-08-09,,,"El CMGRD reporta afectación el cubiertas y techos de algunas viviendas y locales comerciales a causa de los fuertes vientos y lluvias, se adelantan los EDAN",2022-08-01,0.0,20.0,0.0,True,Responded to,Thunderstorms,Heavy rainfall,Municipal Disaster Risk Management Council Sabana of Torres,CAS Environmental Authority,Sabana De Torres,Urban and rural,Entire jurisdiction,Not reported,Not reported,False,,hydrometeorological,Hydrometeorological,Housing damage recorded
2022 Aug 14 12:00:00 AM,ATENDIDO,2022-08-14T00:00:00.000,VENDAVAL,FUERTES LLUVIAS,CMGRD LANDAZURI,CAS,LANDAZURI,RURAL,CORREGIMIENTO LA INDIA,30,0.0,30.0,0,0.0,0.0,1.0,0.0,,,,0.0,0.0,0.0,2022-08-14T00:00:00.000,,,"El CMGRD reporta fuertes lluvias y vendaval en el corregimiento la India, afecta varias viviendas y un colegio, se adelantan los EDAN",REPORTE_DE_EVENTOS_POR_DESASTRES_NATURALES_Y_ANTRÓPICOS_(Histórico)_20260415.csv,EVT00546,2022-08-14,ATENDIDO,2022-08-14,VENDAVAL,FUERTES LLUVIAS,CMGRD LANDAZURI,CAS,LANDAZURI,RURAL,CORREGIMIENTO LA INDIA,30.0,0.0,30.0,0,0.0,0.0,1.0,0.0,,,,0.0,0.0,0.0,2022-08-14,,,"El CMGRD reporta fuertes lluvias y vendaval en el corregimiento la India, afecta varias viviendas y un colegio, se adelantan los EDAN",2022-08-01,0.0,30.0,1.0,True,Responded to,Windstorm,Heavy rainfall,Municipal Disaster Risk Management Council Landazuri,CAS Environmental Authority,Landazuri,Rural,Township the India,Not reported,Not reported,False,,hydrometeorological,Hydrometeorological,Housing damage recorded
2022 Aug 18 12:00:00 AM,ATENDIDO,2022-08-18T00:00:00.000,CRECIENTE SUBITA,FUERTES LLUVIAS,CMGRD DE CHARTA,CDMB,CHARTA,RURAL,"SECTOR LA PLAYA, RIO CHARTA",0,0.0,0.0,0,1.0,0.0,0.0,0.0,,,,0.0,0.0,0.0,2022-08-18T00:00:00.000,,,"El CMGRD reporta creciente súbita del rio Charta, afectación en el paso provisional en el sector la Playa, dejando incomunicados los municipios de Matanza, Suratá y California, debiendo tomar rutas alternas",REPORTE_DE_EVENTOS_POR_DESASTRES_NATURALES_Y_ANTRÓPICOS_(Histórico)_20260415.csv,EVT00547,2022-08-18,ATENDIDO,2022-08-18,CRECIENTE SUBITA,FUERTES LLUVIAS,CMGRD DE CHARTA,CDMB,CHARTA,RURAL,"SECTOR LA PLAYA, RIO CHARTA",0.0,0.0,0.0,0,1.0,0.0,0.0,0.0,,,,0.0,0.0,0.0,2022-08-18,,,"El CMGRD reporta creciente súbita del rio Charta, afectación en el paso provisional en el sector la Playa, dejando incomunicados los municipios de Matanza, Suratá y California, debiendo tomar rutas alternas",2022-08-01,0.0,0.0,1.0,True,Responded to,Flash flood,Heavy rainfall,Municipal Disaster Risk Management Council of Charta,CDMB Environmental Authority,Charta,Rural,Sector the Playa Rio Charta,Not reported,Not reported,False,,hydrometeorological,Hydrometeorological,Infrastructure damage recorded
2022 Aug 24 12:00:00 AM,ATENDIDO,2022-08-24T00:00:00.000,DESLIZAMIENTOS,FUERTES LLUVIAS,CMGRD DE GALAN,CAS,GALAN,RURAL,QUEBRADA LA HONDA,0,0.0,0.0,0,1.0,0.0,0.0,0.0,,,,0.0,0.0,0.0,2022-08-24T00:00:00.000,,,"El CMGRD reporta deslizamientos en la parte alta de la quebrada la Honda, se mantiene el monitoreo y la prevención por los organismos de socorro. La vía que conduce hacia el municipio de Palmar presenta eroción y los taludes han sido debilitados",REPORTE_DE_EVENTOS_POR_DESASTRES_NATURALES_Y_ANTRÓPICOS_(Histórico)_20260415.csv,EVT00548,2022-08-24,ATENDIDO,2022-08-24,DESLIZAMIENTOS,FUERTES LLUVIAS,CMGRD DE GALAN,CAS,GALAN,RURAL,QUEBRADA LA HONDA,0.0,0.0,0.0,0,1.0,0.0,0.0,0.0,,,,0.0,0.0,0.0,2022-08-24,,,"El CMGRD reporta deslizamientos en la parte alta de la quebrada la Honda, se mantiene el monitoreo y la prevención por los organismos de socorro. La vía que conduce hacia el municipio de Palmar presenta eroción y los taludes han sido debilitados",2022-08-01,0.0,0.0,1.0,True,Responded to,Landslides,Heavy rainfall,Municipal Disaster Risk Management Council of Galan,CAS Environmental Authority,Galan,Rural,Quebrada the Honda,Not reported,Not reported,False,,geophysical,Geophysical,Infrastructure damage recorded
2022 Aug 27 12:00:00 AM,ATENDIDO,2022-08-27T00:00:00.000,DESLIZAMIENTOS,FUERTES LLUVIAS,CMGRD SANTA BARBARA,CAS,SANTA BARBARA,RURAL,VEREDA EL APURE,1,0.0,1.0,0,1.0,0.0,0.0,0.0,,,,0.0,0.0,3.0,2022-08-27T00:00:00.000,,,"La alcaldesa municipal reporta: en la vereda el Apure, Las fuertes lluvias causaron un deslizamiento que sepultó una vivienda con tres miembros de una misma familia, los cuales fueron hallados  lamentablemente sin vida. Martin Jerez Tami 28 años Liseth Carolina Rodríguez 22 añosDilan Jerez Rodríguez 3 años, Durante más de dos horas de labores de búsqueda por parte de familiares y vecinos encontraron los cuerpos lamentablemente sin vida, los cuerpos fueron trasladados a medicina legal para su respectivo proceso legal de necropsia",REPORTE_DE_EVENTOS_POR_DESASTRES_NATURALES_Y_ANTRÓPICOS_(Histórico)_20260415.csv,EVT00549,2022-08-27,ATENDIDO,2022-08-27,DESLIZAMIENTOS,FUERTES LLUVIAS,CMGRD SANTA BARBARA,CAS,SANTA BARBARA,RURAL,VEREDA EL APURE,1.0,0.0,1.0,0,1.0,0.0,0.0,0.0,,,,0.0,0.0,3.0,2022-08-27,,,"La alcaldesa municipal reporta: en la vereda el Apure, Las fuertes lluvias causaron un deslizamiento que sepultó una vivienda con tres miembros de una misma familia, los cuales fueron hallados lamentablemente sin vida. Martin Jerez Tami 28 años Liseth Carolina Rodríguez 22 añosDilan Jerez Rodríguez 3 años, Durante más de dos horas de labores de búsqueda por parte de familiares y vecinos encontraron los cuerpos lamentablemente sin vida, los cuerpos fueron trasladados a medicina legal para su respectivo proceso legal de necropsia",2022-08-01,3.0,1.0,1.0,True,Responded to,Landslides,Heavy rainfall,Municipal Disaster Risk Management Council Santa Barbara,CAS Environmental Authority,Santa Barbara,Rural,Rural Hamlet the Apure,Not reported,Not reported,False,,geophysical,Geophysical,Human impact recorded
2022 Aug 27 12:00:00 AM,ATENDIDO,2022-08-27T00:00:00.000,CIERRE DE VIA,DESLIZAMIENTOS,CMGRD SANTA BARBARA,CAS,SANTA BARBARA,RURAL,VIA LOS CUROS - MALAGA SECTOR LA JUDIA,0,0.0,0.0,0,1.0,0.0,0.0,0.0,,,,0.0,0.0,0.0,2022-08-27T00:00:00.000,,,"La vía los Curos – Málaga presenta cierre total por la pérdida de banca y deslizamientos en el sector la Judía PR 79+780, atiende el IVIAS Y el consorcio vías Colombia 066",REPORTE_DE_EVENTOS_POR_DESASTRES_NATURALES_Y_ANTRÓPICOS_(Histórico)_20260415.csv,EVT00550,2022-08-27,ATENDIDO,2022-08-27,CIERRE DE VIA,DESLIZAMIENTOS,CMGRD SANTA BARBARA,CAS,SANTA BARBARA,RURAL,VIA LOS CUROS - MALAGA SECTOR LA JUDIA,0.0,0.0,0.0,0,1.0,0.0,0.0,0.0,,,,0.0,0.0,0.0,2022-08-27,,,"La vía los Curos – Málaga presenta cierre total por la pérdida de banca y deslizamientos en el sector la Judía PR 79+780, atiende el IVIAS Y el consorcio vías Colombia 066",2022-08-01,0.0,0.0,1.0,True,Responded to,Road closure,Landslides,Municipal Disaster Risk Management Council Santa Barbara,CAS Environmental Authority,Santa Barbara,Rural,Road Los Curos - Malaga Sector the Judia,Not reported,Not reported,False,,infrastructure_service,Infrastructure and service disruption,Infrastructure damage recorded
2022 Aug 29 12:00:00 AM,ATENDIDO,2022-08-29T00:00:00.000,DESLIZAMIENTOS,DESLIZAMIENTOS,CMGRD DE FLORIDABLANCA,CDMB,FLORIDABLANCA,URBANO,VIA NACIONAL HACIA PIEDECUESTA SECTOR MAC POLLO,0,0.0,0.0,0,1.0,0.0,0.0,0.0,,,,2.0,0.0,0.0,2022-08-29T00:00:00.000,,,"CMGRD reporta  Deslizamientos (caída de rocas y material vegetal) en la vía nacional hacia Piedecuesta (sector Mac Pollo), tres vehículos afectados por la caída de rocas, 2 personas lesionadas, atendido por bomberos voluntarios de Floridablanca, policía nacional y secretaria de tránsito de Floridablanca",REPORTE_DE_EVENTOS_POR_DESASTRES_NATURALES_Y_ANTRÓPICOS_(Histórico)_20260415.csv,EVT00551,2022-08-29,ATENDIDO,2022-08-29,DESLIZAMIENTOS,DESLIZAMIENTOS,CMGRD DE FLORIDABLANCA,CDMB,FLORIDABLANCA,URBANO,VIA NACIONAL HACIA PIEDECUESTA SECTOR MAC POLLO,0.0,0.0,0.0,0,1.0,0.0,0.0,0.0,,,,2.0,0.0,0.0,2022-08-29,,,"CMGRD reporta Deslizamientos (caída de rocas y material vegetal) en la vía nacional hacia Piedecuesta (sector Mac Pollo), tres vehículos afectados por la caída de rocas, 2 personas lesionadas, atendido por bomberos voluntarios de Floridablanca, policía nacional y secretaria de tránsito de Floridablanca",2022-08-01,2.0,0.0,1.0,True,Responded to,Landslides,Landslides,Municipal Disaster Risk Management Council of Floridablanca,CDMB Environmental Authority,Floridablanca,Urban,Road Nacional Hacia Piedecuesta Sector Mac Pollo,Not reported,Not reported,False,,geophysical,Geophysical,Human impact recorded
2022 Aug 29 12:00:00 AM,ATENDIDO,2022-08-29T00:00:00.000,INUNDACIONES,CRECIENTE SUBITA,CMGRD DE MALAGA,CAS,MALAGA,URBANO,QUEBRADA LA MAGNOLIA,5,0.0,5.0,0,1.0,0.0,0.0,0.0,,,,0.0,0.0,0.0,2022-08-29T00:00:00.000,,,"El CMGRD reporta desbordamiento de la quebrada la Magnolia en el casco urbano calle de la Normal, los lodos afectaron algunas áreas del colegio, en la transitabilidad y 5 viviendas afectadas, atendido por bomberos de Málaga y el CMGRD adelantan los EDAN y la limpieza de las zonas afectadas",REPORTE_DE_EVENTOS_POR_DESASTRES_NATURALES_Y_ANTRÓPICOS_(Histórico)_20260415.csv,EVT00552,2022-08-29,ATENDIDO,2022-08-29,INUNDACIONES,CRECIENTE SUBITA,CMGRD DE MALAGA,CAS,MALAGA,URBANO,QUEBRADA LA MAGNOLIA,5.0,0.0,5.0,0,1.0,0.0,0.0,0.0,,,,0.0,0.0,0.0,2022-08-29,,,"El CMGRD reporta desbordamiento de la quebrada la Magnolia en el casco urbano calle de la Normal, los lodos afectaron algunas áreas del colegio, en la transitabilidad y 5 viviendas afectadas, atendido por bomberos de Málaga y el CMGRD adelantan los EDAN y la limpieza de las zonas afectadas",2022-08-01,0.0,5.0,1.0,True,Responded to,Floods,Flash flood,Municipal Disaster Risk Management Council of Malaga,CAS Environmental Authority,Malaga,Urban,Quebrada the Magnolia,Not reported,Not reported,False,,hydrometeorological,Hydrometeorological,Housing damage recorded
2022 Sep 03 12:00:00 AM,ATENDIDO,2022-09-03T00:00:00.000,CRECIENTE SUBITA,FUERTES LLUVIAS,CMGRD DE ONZAGA,CAS,ONZAGA,RURAL,QUEBRADA SANTA CLARA,0,0.0,0.0,0,1.0,0.0,0.0,0.0,,,,0.0,0.0,0.0,2022-09-03T00:00:00.000,,,"EL CMGRD reporta, la creciente de la quebrada Santa Clara arrastra lodos, rocas y material vegetal. Esta quebrada en el sector del puente no tiene la capacidad de evacuar ese material y se desborda sobre la vía, atiende maquinaria de San Joaquin y el INVIAS",REPORTE_DE_EVENTOS_POR_DESASTRES_NATURALES_Y_ANTRÓPICOS_(Histórico)_20260415.csv,EVT00553,2022-09-03,ATENDIDO,2022-09-03,CRECIENTE SUBITA,FUERTES LLUVIAS,CMGRD DE ONZAGA,CAS,ONZAGA,RURAL,QUEBRADA SANTA CLARA,0.0,0.0,0.0,0,1.0,0.0,0.0,0.0,,,,0.0,0.0,0.0,2022-09-03,,,"EL CMGRD reporta, la creciente de la quebrada Santa Clara arrastra lodos, rocas y material vegetal. Esta quebrada en el sector del puente no tiene la capacidad de evacuar ese material y se desborda sobre la vía, atiende maquinaria de San Joaquin y el INVIAS",2022-09-01,0.0,0.0,1.0,True,Responded to,Flash flood,Heavy rainfall,Municipal Disaster Risk Management Council of Onzaga,CAS Environmental Authority,Onzaga,Rural,Quebrada Santa Clara,Not reported,Not reported,False,,hydrometeorological,Hydrometeorological,Infrastructure damage recorded
2022 Sep 03 12:00:00 AM,ATENDIDO,2022-09-03T00:00:00.000,DESBORDAMIENTO,FUERTES LLUVIAS,CMGRD DE SANTA BARBARA,CDMB,SANTA BARBARA,RURAL,QUEBRADA HELECHALES,4,0.0,4.0,0,1.0,0.0,0.0,0.0,,,,0.0,0.0,0.0,2022-09-03T00:00:00.000,,,"La alcaldesa reporta desbordamiento quebrada la Helechales en el sector el Tope, Vía Los Curos – Málaga y una cañada en el barrio San Jorge, 4 viviendas afectadas, daños en muebles y enceres, 50 familias del barrio San Jorge en riesgo de inundación por la creciente de una cañada, atiende el INVIAS y el CMGRD",REPORTE_DE_EVENTOS_POR_DESASTRES_NATURALES_Y_ANTRÓPICOS_(Histórico)_20260415.csv,EVT00554,2022-09-03,ATENDIDO,2022-09-03,DESBORDAMIENTO,FUERTES LLUVIAS,CMGRD DE SANTA BARBARA,CDMB,SANTA BARBARA,RURAL,QUEBRADA HELECHALES,4.0,0.0,4.0,0,1.0,0.0,0.0,0.0,,,,0.0,0.0,0.0,2022-09-03,,,"La alcaldesa reporta desbordamiento quebrada la Helechales en el sector el Tope, Vía Los Curos – Málaga y una cañada en el barrio San Jorge, 4 viviendas afectadas, daños en muebles y enceres, 50 familias del barrio San Jorge en riesgo de inundación por la creciente de una cañada, atiende el INVIAS y el CMGRD",2022-09-01,0.0,4.0,1.0,True,Responded to,Overflow flood,Heavy rainfall,Municipal Disaster Risk Management Council of Santa Barbara,CDMB Environmental Authority,Santa Barbara,Rural,Quebrada Helechales,Not reported,Not reported,False,,hydrometeorological,Hydrometeorological,Housing damage recorded
2022 Sep 03 12:00:00 AM,ATENDIDO,2022-09-03T00:00:00.000,DESBORDAMIENTO,FUERTES LLUVIAS,CMGRD SAN ANDRES,CAS,SAN ANDRES,RURAL,QUEBRADA LA LLORONA,6,0.0,6.0,0,2.0,0.0,0.0,0.0,,,,0.0,0.0,0.0,2022-09-03T00:00:00.000,,,"EL CMGRD reporta desbordamiento quebrada la Llorona afectó la movilidad de las carreras 4, 5 y 6, 4 viviendas afectadas, daños en muebles y enceres, colapso del alcantarillado, atendido por bomberos del municipio,  policía nacional y el CMGRD adelantan los EDAN",REPORTE_DE_EVENTOS_POR_DESASTRES_NATURALES_Y_ANTRÓPICOS_(Histórico)_20260415.csv,EVT00555,2022-09-03,ATENDIDO,2022-09-03,DESBORDAMIENTO,FUERTES LLUVIAS,CMGRD SAN ANDRES,CAS,SAN ANDRES,RURAL,QUEBRADA LA LLORONA,6.0,0.0,6.0,0,2.0,0.0,0.0,0.0,,,,0.0,0.0,0.0,2022-09-03,,,"EL CMGRD reporta desbordamiento quebrada la Llorona afectó la movilidad de las carreras 4, 5 y 6, 4 viviendas afectadas, daños en muebles y enceres, colapso del alcantarillado, atendido por bomberos del municipio, policía nacional y el CMGRD adelantan los EDAN",2022-09-01,0.0,6.0,2.0,True,Responded to,Overflow flood,Heavy rainfall,Municipal Disaster Risk Management Council San Andres,CAS Environmental Authority,San Andres,Rural,Quebrada the Llorona,Not reported,Not reported,False,,hydrometeorological,Hydrometeorological,Housing damage recorded
2022 Sep 04 12:00:00 AM,ATENDIDO,2022-09-04T00:00:00.000,DESLIZAMIENTOS,FUERTES LLUVIAS,CMGRD PALMAS DEL SOCORRO,CAS,PALMAS DEL SOCORRO,RURAL,"VEREDAS LA CHAPA, PAVAS, POZO AZUL",1,0.0,1.0,0,3.0,0.0,0.0,0.0,,,,0.0,0.0,0.0,2022-09-04T00:00:00.000,,,"EL CMGRD reporta varios deslizamientos en vías de las veredas La Chapa, Pavas, Pozo Azul, barro Hondo, 1 vivienda afectada. Se realiza el monitoreo de las zonas de alto riesgo y se coordina movilización de maquinaria amarilla del municipio",REPORTE_DE_EVENTOS_POR_DESASTRES_NATURALES_Y_ANTRÓPICOS_(Histórico)_20260415.csv,EVT00556,2022-09-04,ATENDIDO,2022-09-04,DESLIZAMIENTOS,FUERTES LLUVIAS,CMGRD PALMAS DEL SOCORRO,CAS,PALMAS DEL SOCORRO,RURAL,"VEREDAS LA CHAPA, PAVAS, POZO AZUL",1.0,0.0,1.0,0,3.0,0.0,0.0,0.0,,,,0.0,0.0,0.0,2022-09-04,,,"EL CMGRD reporta varios deslizamientos en vías de las veredas La Chapa, Pavas, Pozo Azul, barro Hondo, 1 vivienda afectada. Se realiza el monitoreo de las zonas de alto riesgo y se coordina movilización de maquinaria amarilla del municipio",2022-09-01,0.0,1.0,3.0,True,Responded to,Landslides,Heavy rainfall,Municipal Disaster Risk Management Council Palmas of the Socorro,CAS Environmental Authority,Palmas Del Socorro,Rural,Veredas the Chapa Pavas Pozo Azul,Not reported,Not reported,False,,geophysical,Geophysical,Housing damage recorded
2022 Sep 04 12:00:00 AM,ATENDIDO,2022-09-04T00:00:00.000,CRECIENTE SUBITA,FUERTES LLUVIAS,CMGRD DE GAMBITA,CAS,GAMBITA,RURAL,QUEBRADA FAVITERA,0,0.0,0.0,0,1.0,0.0,0.0,0.0,,,,0.0,0.0,0.0,2022-09-04T00:00:00.000,,,"EL CMGRD reporta creciente súbita de la quebrada favitera, afectación en la via secundaria Gambita, la Palma, Arcabuco por perdida de la banca y deslizamientos que impiden el paso. ATIENDE: CMGRD quienes adelantan la Evaluación de daños y Análisis de Necesidades,",REPORTE_DE_EVENTOS_POR_DESASTRES_NATURALES_Y_ANTRÓPICOS_(Histórico)_20260415.csv,EVT00557,2022-09-04,ATENDIDO,2022-09-04,CRECIENTE SUBITA,FUERTES LLUVIAS,CMGRD DE GAMBITA,CAS,GAMBITA,RURAL,QUEBRADA FAVITERA,0.0,0.0,0.0,0,1.0,0.0,0.0,0.0,,,,0.0,0.0,0.0,2022-09-04,,,"EL CMGRD reporta creciente súbita de la quebrada favitera, afectación en la via secundaria Gambita, la Palma, Arcabuco por perdida de la banca y deslizamientos que impiden el paso. ATIENDE: CMGRD quienes adelantan la Evaluación de daños y Análisis de Necesidades,",2022-09-01,0.0,0.0,1.0,True,Responded to,Flash flood,Heavy rainfall,Municipal Disaster Risk Management Council of Gambita,CAS Environmental Authority,Gambita,Rural,Quebrada Favitera,Not reported,Not reported,False,,hydrometeorological,Hydrometeorological,Infrastructure damage recorded
2022 Sep 05 12:00:00 AM,ATENDIDO,2022-09-05T00:00:00.000,MOVIMIENTO EN MASA,DESLIZAMIENTOS,CMGRD DE MOGOTES,CAS,MOGOTES,RURAL,VEREDA SAN MIGUEL,1,0.0,1.0,0,0.0,0.0,0.0,0.0,,,,0.0,0.0,0.0,2022-09-05T00:00:00.000,,,"El CMGRD reporta deslizamientos en la vereda San Miguel que causa afectación a cultivos de café y pastizales, se coordina la evaluación de daños y análisis de necesidades EDAN",REPORTE_DE_EVENTOS_POR_DESASTRES_NATURALES_Y_ANTRÓPICOS_(Histórico)_20260415.csv,EVT00558,2022-09-05,ATENDIDO,2022-09-05,MOVIMIENTO EN MASA,DESLIZAMIENTOS,CMGRD DE MOGOTES,CAS,MOGOTES,RURAL,VEREDA SAN MIGUEL,1.0,0.0,1.0,0,0.0,0.0,0.0,0.0,,,,0.0,0.0,0.0,2022-09-05,,,"El CMGRD reporta deslizamientos en la vereda San Miguel que causa afectación a cultivos de café y pastizales, se coordina la evaluación de daños y análisis de necesidades EDAN",2022-09-01,0.0,1.0,0.0,True,Responded to,Mass movement,Landslides,Municipal Disaster Risk Management Council of Mogotes,CAS Environmental Authority,Mogotes,Rural,Rural Hamlet San Miguel,Not reported,Not reported,False,,geophysical,Geophysical,Housing damage recorded
2022 Sep 10 12:00:00 AM,ATENDIDO,2022-09-10T00:00:00.000,VENDAVAL,FUERTES LLUVIAS,CMGRD DE PUERTO WILCHES,CAS,PUERTO WILCHES,RURAL,VEREDA BRISAS DEL TALADRO,47,0.0,30.0,0,0.0,0.0,0.0,0.0,,,,0.0,0.0,0.0,2022-09-10T00:00:00.000,,,"EL CMGRD reporta afectaciones en más de 30 viviendas a causa de un vendaval que se presentó en la vereda Brisas del taladro, atendido por la defensa civil de Puente Sogamoso, el CMGRD adelanta la Evaluación de Daños y Análisis de Necesidades EDAN",REPORTE_DE_EVENTOS_POR_DESASTRES_NATURALES_Y_ANTRÓPICOS_(Histórico)_20260415.csv,EVT00559,2022-09-10,ATENDIDO,2022-09-10,VENDAVAL,FUERTES LLUVIAS,CMGRD DE PUERTO WILCHES,CAS,PUERTO WILCHES,RURAL,VEREDA BRISAS DEL TALADRO,47.0,0.0,30.0,0,0.0,0.0,0.0,0.0,,,,0.0,0.0,0.0,2022-09-10,,,"EL CMGRD reporta afectaciones en más de 30 viviendas a causa de un vendaval que se presentó en la vereda Brisas del taladro, atendido por la defensa civil de Puente Sogamoso, el CMGRD adelanta la Evaluación de Daños y Análisis de Necesidades EDAN",2022-09-01,0.0,30.0,0.0,True,Responded to,Windstorm,Heavy rainfall,Municipal Disaster Risk Management Council of Puerto Wilches,CAS Environmental Authority,Puerto Wilches,Rural,Rural Hamlet Brisas of the Taladro,Not reported,Not reported,False,,hydrometeorological,Hydrometeorological,Housing damage recorded
2022 Sep 10 12:00:00 AM,ATENDIDO,2022-09-10T00:00:00.000,INCENDIO FORESTAL,INDETERMINADO,CMGRD DE GAMBITA,CAS,GAMBITA,RURAL,VEREDA EL TABLON,0,0.0,0.0,0,0.0,0.0,0.0,10.0,,,,0.0,0.0,0.0,2022-09-10T00:00:00.000,,,"El CMGRD reporta la atención de un incendio forestal en la vereda el Tablón, atendido por el cuerpo de bomberos del municipio de Suaita y el apoyo de la comunidad, afectación de 10 hectáreas de bosque nativo, causas desconocidas",REPORTE_DE_EVENTOS_POR_DESASTRES_NATURALES_Y_ANTRÓPICOS_(Histórico)_20260415.csv,EVT00560,2022-09-10,ATENDIDO,2022-09-10,INCENDIO FORESTAL,INDETERMINADO,CMGRD DE GAMBITA,CAS,GAMBITA,RURAL,VEREDA EL TABLON,0.0,0.0,0.0,0,0.0,0.0,0.0,10.0,,,,0.0,0.0,0.0,2022-09-10,,,"El CMGRD reporta la atención de un incendio forestal en la vereda el Tablón, atendido por el cuerpo de bomberos del municipio de Suaita y el apoyo de la comunidad, afectación de 10 hectáreas de bosque nativo, causas desconocidas",2022-09-01,0.0,0.0,0.0,True,Responded to,Forest fire,Undetermined,Municipal Disaster Risk Management Council of Gambita,CAS Environmental Authority,Gambita,Rural,Rural Hamlet the Tablon,Not reported,Not reported,False,,other,Other or unclassified,Agricultural or land impact recorded
2022 Sep 12 12:00:00 AM,ATENDIDO,2022-09-12T00:00:00.000,INUNDACIONES,FUERTES LLUVIAS,CMGRD DE BARRANCABERMEJA,CAS,BARRANCABERMEJA,URBANO,BARRIO LA BENDICION DE DIOS Y 7 DE AGOSTO,200,0.0,200.0,0,0.0,0.0,0.0,0.0,,,,0.0,0.0,0.0,2022-09-12T00:00:00.000,,,"El CMGRD reporta fuertes lluvias y colapso del alcantarillado en los sectores barrios pozo 7, La bendición de Dios, Pueblo Nuevo, La Libertad, Arenales, La Floresta, El colapso del alcantarillado producto de las fuertes lluvias causa inundaciones en mes de 200 viviendas, las cuales están siendo caracterizadas y censadas en formato EDAN, Bomberos de Barrancabermeja, defensa civil, cruz roja, policía nacional y CMGRD",REPORTE_DE_EVENTOS_POR_DESASTRES_NATURALES_Y_ANTRÓPICOS_(Histórico)_20260415.csv,EVT00561,2022-09-12,ATENDIDO,2022-09-12,INUNDACIONES,FUERTES LLUVIAS,CMGRD DE BARRANCABERMEJA,CAS,BARRANCABERMEJA,URBANO,BARRIO LA BENDICION DE DIOS Y 7 DE AGOSTO,200.0,0.0,200.0,0,0.0,0.0,0.0,0.0,,,,0.0,0.0,0.0,2022-09-12,,,"El CMGRD reporta fuertes lluvias y colapso del alcantarillado en los sectores barrios pozo 7, La bendición de Dios, Pueblo Nuevo, La Libertad, Arenales, La Floresta, El colapso del alcantarillado producto de las fuertes lluvias causa inundaciones en mes de 200 viviendas, las cuales están siendo caracterizadas y censadas en formato EDAN, Bomberos de Barrancabermeja, defensa civil, cruz roja, policía nacional y CMGRD",2022-09-01,0.0,200.0,0.0,True,Responded to,Floods,Heavy rainfall,Municipal Disaster Risk Management Council of Barrancabermeja,CAS Environmental Authority,Barrancabermeja,Urban,Neighborhood the Bendicion of Dios and 7 of Agosto,Not reported,Not reported,False,,hydrometeorological,Hydrometeorological,Housing damage recorded
2022 Sep 12 12:00:00 AM,ATENDIDO,2022-09-12T00:00:00.000,INUNDACIONES,FUERTES LLUVIAS,CMGRD DE GUACA,CAS,GUACA,URBANO,BARRIO LA CADENA,30,0.0,30.0,0,1.0,0.0,0.0,0.0,,,,0.0,0.0,0.0,2022-09-12T00:00:00.000,,,"EL CMGRD reporta fuertes lluvias y colapso del alcantarillado en el  Barrio la Cadena salida hacia Bucaramanga, el desbordamiento de una cañada y las fuertes lluvias hicieron colapsar el alcantarillado urbano, 30 viviendas afectadas por lodos, daños en muebles y enceres. Afectación de la vía Los Curos – Málaga en el casco urbano de Guaca",REPORTE_DE_EVENTOS_POR_DESASTRES_NATURALES_Y_ANTRÓPICOS_(Histórico)_20260415.csv,EVT00562,2022-09-12,ATENDIDO,2022-09-12,INUNDACIONES,FUERTES LLUVIAS,CMGRD DE GUACA,CAS,GUACA,URBANO,BARRIO LA CADENA,30.0,0.0,30.0,0,1.0,0.0,0.0,0.0,,,,0.0,0.0,0.0,2022-09-12,,,"EL CMGRD reporta fuertes lluvias y colapso del alcantarillado en el Barrio la Cadena salida hacia Bucaramanga, el desbordamiento de una cañada y las fuertes lluvias hicieron colapsar el alcantarillado urbano, 30 viviendas afectadas por lodos, daños en muebles y enceres. Afectación de la vía Los Curos – Málaga en el casco urbano de Guaca",2022-09-01,0.0,30.0,1.0,True,Responded to,Floods,Heavy rainfall,Municipal Disaster Risk Management Council of Guaca,CAS Environmental Authority,Guaca,Urban,Neighborhood the Cadena,Not reported,Not reported,False,,hydrometeorological,Hydrometeorological,Housing damage recorded
2022 Sep 12 12:00:00 AM,ATENDIDO,2022-09-12T00:00:00.000,DESLIZAMIENTOS,FUERTES LLUVIAS,CMGRD DEL PALMAR,CAS,EL PALMAR,RURAL,VIA HACIA EL SOCORRO,0,0.0,0.0,0,1.0,0.0,0.0,0.0,,,,0.0,0.0,0.0,2022-09-12T00:00:00.000,,,"EL CMGRD reporta Deslizamientos y caída de rocas, las fuertes lluvias de las últimas horas, causa caía de rocas y material vegetal, causa el cierre de la vía hacia el municipio del Socorro, se trabaja con maquinaria amarilla para retirar el material vegetal y los escombros",REPORTE_DE_EVENTOS_POR_DESASTRES_NATURALES_Y_ANTRÓPICOS_(Histórico)_20260415.csv,EVT00563,2022-09-12,ATENDIDO,2022-09-12,DESLIZAMIENTOS,FUERTES LLUVIAS,CMGRD DEL PALMAR,CAS,EL PALMAR,RURAL,VIA HACIA EL SOCORRO,0.0,0.0,0.0,0,1.0,0.0,0.0,0.0,,,,0.0,0.0,0.0,2022-09-12,,,"EL CMGRD reporta Deslizamientos y caída de rocas, las fuertes lluvias de las últimas horas, causa caía de rocas y material vegetal, causa el cierre de la vía hacia el municipio del Socorro, se trabaja con maquinaria amarilla para retirar el material vegetal y los escombros",2022-09-01,0.0,0.0,1.0,True,Responded to,Landslides,Heavy rainfall,Municipal Disaster Risk Management Council of the Palmar,CAS Environmental Authority,El Palmar,Rural,Road Hacia the Socorro,Not reported,Not reported,False,,geophysical,Geophysical,Infrastructure damage recorded
2022 Sep 17 12:00:00 AM,ATENDIDO,2022-09-17T00:00:00.000,MOVIMIENTO EN MASA,DESLIZAMIENTOS,CMGRD DE CONTRATACION,CAS,CONTRATACION,RURAL,VIA HACIA GUADALUPE Y CHIMA,0,0.0,0.0,0,1.0,0.0,0.0,0.0,,,,0.0,0.0,0.0,2022-09-17T00:00:00.000,,,"El CMGRD reporta que las fuertes lluvias causaron deslizamientos de lodos, caída de rocas y cierre de la vía hacia el municipio de Guadalupe y Chima, se coordina traslado de maquinaria amarilla para rehabilitar el paso",REPORTE_DE_EVENTOS_POR_DESASTRES_NATURALES_Y_ANTRÓPICOS_(Histórico)_20260415.csv,EVT00564,2022-09-17,ATENDIDO,2022-09-17,MOVIMIENTO EN MASA,DESLIZAMIENTOS,CMGRD DE CONTRATACION,CAS,CONTRATACION,RURAL,VIA HACIA GUADALUPE Y CHIMA,0.0,0.0,0.0,0,1.0,0.0,0.0,0.0,,,,0.0,0.0,0.0,2022-09-17,,,"El CMGRD reporta que las fuertes lluvias causaron deslizamientos de lodos, caída de rocas y cierre de la vía hacia el municipio de Guadalupe y Chima, se coordina traslado de maquinaria amarilla para rehabilitar el paso",2022-09-01,0.0,0.0,1.0,True,Responded to,Mass movement,Landslides,Municipal Disaster Risk Management Council of Contratacion,CAS Environmental Authority,Contratacion,Rural,Road Hacia Guadalupe and Chima,Not reported,Not reported,False,,geophysical,Geophysical,Infrastructure damage recorded
2022 Sep 19 12:00:00 AM,ATENDIDO,2022-09-19T00:00:00.000,SISMO,INDETERMINADO,CMGRD LOS SANTOS,CDMB,LOS SANTOS,URBANO Y RURAL,TODA LA JURISDICCION,0,0.0,0.0,0,0.0,0.0,0.0,0.0,LOS SANTOS,"5,0º","LOG,-73,16° LAT 6.81°, 151 PROF",0.0,0.0,0.0,2022-09-19T00:00:00.000,,,"EL CMGRD informa que al realizar verificación con las autoridades y organismos de socorro no hey reporte de novedades por el sismo de 5.0° ocurrido a la 01:12 a.m del día de hoy, con epicentro en ese municipio",REPORTE_DE_EVENTOS_POR_DESASTRES_NATURALES_Y_ANTRÓPICOS_(Histórico)_20260415.csv,EVT00565,2022-09-19,ATENDIDO,2022-09-19,SISMO,INDETERMINADO,CMGRD LOS SANTOS,CDMB,LOS SANTOS,URBANO Y RURAL,TODA LA JURISDICCION,0.0,0.0,0.0,0,0.0,0.0,0.0,0.0,LOS SANTOS,5.0,"LOG,-73,16° LAT 6.81°, 151 PROF",0.0,0.0,0.0,2022-09-19,,,"EL CMGRD informa que al realizar verificación con las autoridades y organismos de socorro no hey reporte de novedades por el sismo de 5.0° ocurrido a la 01:12 a.m del día de hoy, con epicentro en ese municipio",2022-09-01,0.0,0.0,0.0,False,Responded to,Earthquake,Undetermined,Municipal Disaster Risk Management Council Los Santos,CDMB Environmental Authority,Los Santos,Urban and rural,Entire jurisdiction,Not reported,Not reported,True,"event_type, observations",geophysical,Geophysical,No quantified impact recorded
2022 Sep 20 12:00:00 AM,ATENDIDO,2022-09-20T00:00:00.000,MOVIMIENTO EN MASA,DESLIZAMIENTOS,CMGRD VALLE DE SAN JOSE,CAS,VALLE DE SAN JOSE,RURAL,VIA VEREDA SAN ANTONIO,0,0.0,0.0,0,1.0,0.0,0.0,0.0,,,,0.0,0.0,0.0,2022-09-20T00:00:00.000,,,"EL CMGRD reporta afectaciones en la vía que comunica a la vereda San Antonio, Vega de Plazas y los municipios de Mogotes y Ocamonte, se coordina traslado de maquinaria amarilla para la rehabilitación",REPORTE_DE_EVENTOS_POR_DESASTRES_NATURALES_Y_ANTRÓPICOS_(Histórico)_20260415.csv,EVT00566,2022-09-20,ATENDIDO,2022-09-20,MOVIMIENTO EN MASA,DESLIZAMIENTOS,CMGRD VALLE DE SAN JOSE,CAS,VALLE DE SAN JOSE,RURAL,VIA VEREDA SAN ANTONIO,0.0,0.0,0.0,0,1.0,0.0,0.0,0.0,,,,0.0,0.0,0.0,2022-09-20,,,"EL CMGRD reporta afectaciones en la vía que comunica a la vereda San Antonio, Vega de Plazas y los municipios de Mogotes y Ocamonte, se coordina traslado de maquinaria amarilla para la rehabilitación",2022-09-01,0.0,0.0,1.0,True,Responded to,Mass movement,Landslides,Municipal Disaster Risk Management Council Valle of San Jose,CAS Environmental Authority,Valle De San Jose,Rural,Road Rural Hamlet San Antonio,Not reported,Not reported,False,,geophysical,Geophysical,Infrastructure damage recorded
2022 Sep 22 12:00:00 AM,ATENDIDO,2022-09-22T00:00:00.000,GRANIZADA,FUERTES LLUVIAS,BOMBEROS DE OIBA,CAS,OIBA,RURAL,VEREDA MONJAS,10,0.0,10.0,0,0.0,0.0,0.0,0.0,,,,0.0,0.0,0.0,2022-09-22T00:00:00.000,,,"El Comandante de Bomberos reporta, fuerte granizada en la vereda Monjas, se desplazan unidades a realizar la evaluación de daños y análisis de necesidades, 10 viviendas afectadas por daños en cubiertas, afectación en cultivos de café y pastizales, la escuela de la vereda también afectada",REPORTE_DE_EVENTOS_POR_DESASTRES_NATURALES_Y_ANTRÓPICOS_(Histórico)_20260415.csv,EVT00567,2022-09-22,ATENDIDO,2022-09-22,GRANIZADA,FUERTES LLUVIAS,BOMBEROS DE OIBA,CAS,OIBA,RURAL,VEREDA MONJAS,10.0,0.0,10.0,0,0.0,0.0,0.0,0.0,,,,0.0,0.0,0.0,2022-09-22,,,"El Comandante de Bomberos reporta, fuerte granizada en la vereda Monjas, se desplazan unidades a realizar la evaluación de daños y análisis de necesidades, 10 viviendas afectadas por daños en cubiertas, afectación en cultivos de café y pastizales, la escuela de la vereda también afectada",2022-09-01,0.0,10.0,0.0,True,Responded to,Hailstorm,Heavy rainfall,Fire Department of Oiba,CAS Environmental Authority,Oiba,Rural,Rural Hamlet Monjas,Not reported,Not reported,False,,hydrometeorological,Hydrometeorological,Housing damage recorded
2022 Sep 22 12:00:00 AM,ATENDIDO,2022-09-22T00:00:00.000,MOVIMIENTO EN MASA,DESLIZAMIENTOS,CMGRD ONZAGA,CAS,ONZAGA,RURAL,"VIA HACIA SAN JOAQUIN, SECTOR PLATANITO",0,0.0,0.0,0,1.0,0.0,0.0,0.0,,,,0.0,0.0,0.0,2022-09-22T00:00:00.000,,,"El CMGRD reporta cierre de la vía hacia San Joaquín por deslizamientos de material vegetal en el sector Platanito, se coordina traslado de maquinaria amarilla para la rehabilitación del paso. Atiende el CMGRD",REPORTE_DE_EVENTOS_POR_DESASTRES_NATURALES_Y_ANTRÓPICOS_(Histórico)_20260415.csv,EVT00568,2022-09-22,ATENDIDO,2022-09-22,MOVIMIENTO EN MASA,DESLIZAMIENTOS,CMGRD ONZAGA,CAS,ONZAGA,RURAL,"VIA HACIA SAN JOAQUIN, SECTOR PLATANITO",0.0,0.0,0.0,0,1.0,0.0,0.0,0.0,,,,0.0,0.0,0.0,2022-09-22,,,"El CMGRD reporta cierre de la vía hacia San Joaquín por deslizamientos de material vegetal en el sector Platanito, se coordina traslado de maquinaria amarilla para la rehabilitación del paso. Atiende el CMGRD",2022-09-01,0.0,0.0,1.0,True,Responded to,Mass movement,Landslides,Municipal Disaster Risk Management Council Onzaga,CAS Environmental Authority,Onzaga,Rural,Road Hacia San Joaquin Sector Platanito,Not reported,Not reported,False,,geophysical,Geophysical,Infrastructure damage recorded
2022 Sep 24 12:00:00 AM,ATENDIDO,2022-09-24T00:00:00.000,GRANIZADA,FUERTES LLUVIAS,CMGRD MOLAGAVITA,CAS,MOLAGAVITA,RURAL,VEREDA EL CANEY SECTOR EL CARRIZAL,50,0.0,50.0,0,1.0,0.0,0.0,0.0,,,,0.0,0.0,0.0,2022-09-24T00:00:00.000,,,"La Comandante de Bomberos reporta, fuerte granizada en las veredas Higuerones, el Caney, y Carrizales, afectación en cultivos de tomate, frijol y varios invernaderos, se coordina enviar personal de la alcaldía a realizar la evaluación de daños y análisis de necesidades",REPORTE_DE_EVENTOS_POR_DESASTRES_NATURALES_Y_ANTRÓPICOS_(Histórico)_20260415.csv,EVT00569,2022-09-24,ATENDIDO,2022-09-24,GRANIZADA,FUERTES LLUVIAS,CMGRD MOLAGAVITA,CAS,MOLAGAVITA,RURAL,VEREDA EL CANEY SECTOR EL CARRIZAL,50.0,0.0,50.0,0,1.0,0.0,0.0,0.0,,,,0.0,0.0,0.0,2022-09-24,,,"La Comandante de Bomberos reporta, fuerte granizada en las veredas Higuerones, el Caney, y Carrizales, afectación en cultivos de tomate, frijol y varios invernaderos, se coordina enviar personal de la alcaldía a realizar la evaluación de daños y análisis de necesidades",2022-09-01,0.0,50.0,1.0,True,Responded to,Hailstorm,Heavy rainfall,Municipal Disaster Risk Management Council Molagavita,CAS Environmental Authority,Molagavita,Rural,Rural Hamlet the Caney Sector the Carrizal,Not reported,Not reported,False,,hydrometeorological,Hydrometeorological,Housing damage recorded
2022 Sep 24 12:00:00 AM,ATENDIDO,2022-09-24T00:00:00.000,CRECIENTE SUBITA,FUERTES LLUVIAS,CMGRD DE CHARTA,CDMB,CHARTA,RURAL,RIO CHARTA SECTOR LA PLAYA,0,0.0,0.0,0,1.0,0.0,0.0,0.0,,,,0.0,0.0,0.0,2022-09-24T00:00:00.000,,,"El CMGRD reporta creciente súbita del rio Charta y causa afectación del paso provisional hacia la provincia de Soto Norte en el sector la Playa, inmediatamente se coordinó maquinaria amarilla de un contratista de la secretaria de infraestructura de la Gobernación, para rehabilitar el tránsito",REPORTE_DE_EVENTOS_POR_DESASTRES_NATURALES_Y_ANTRÓPICOS_(Histórico)_20260415.csv,EVT00570,2022-09-24,ATENDIDO,2022-09-24,CRECIENTE SUBITA,FUERTES LLUVIAS,CMGRD DE CHARTA,CDMB,CHARTA,RURAL,RIO CHARTA SECTOR LA PLAYA,0.0,0.0,0.0,0,1.0,0.0,0.0,0.0,,,,0.0,0.0,0.0,2022-09-24,,,"El CMGRD reporta creciente súbita del rio Charta y causa afectación del paso provisional hacia la provincia de Soto Norte en el sector la Playa, inmediatamente se coordinó maquinaria amarilla de un contratista de la secretaria de infraestructura de la Gobernación, para rehabilitar el tránsito",2022-09-01,0.0,0.0,1.0,True,Responded to,Flash flood,Heavy rainfall,Municipal Disaster Risk Management Council of Charta,CDMB Environmental Authority,Charta,Rural,Rio Charta Sector the Playa,Not reported,Not reported,False,,hydrometeorological,Hydrometeorological,Infrastructure damage recorded
2022 Sep 24 12:00:00 AM,ATENDIDO,2022-09-24T00:00:00.000,CRECIENTE SUBITA,FUERTES LLUVIAS,CMGRD ONZAGA,CAS,ONZAGA,RURAL,SECTOR PUENTE SANTA CLARA,0,0.0,0.0,0,1.0,0.0,0.0,0.0,,,,0.0,0.0,0.0,2022-09-24T00:00:00.000,,,"El CMGRD reporta cierre de la vía hacia San Joaquín por deslizamientos en el sector Santa Clara por creciente súbita de la quebrada la Leona que arrastra lodos impidiendo el paso en el sector Santa Clara.(evento recurrente), varias vías terciarias afectadas por deslizamientos y caía de árboles",REPORTE_DE_EVENTOS_POR_DESASTRES_NATURALES_Y_ANTRÓPICOS_(Histórico)_20260415.csv,EVT00571,2022-09-24,ATENDIDO,2022-09-24,CRECIENTE SUBITA,FUERTES LLUVIAS,CMGRD ONZAGA,CAS,ONZAGA,RURAL,SECTOR PUENTE SANTA CLARA,0.0,0.0,0.0,0,1.0,0.0,0.0,0.0,,,,0.0,0.0,0.0,2022-09-24,,,"El CMGRD reporta cierre de la vía hacia San Joaquín por deslizamientos en el sector Santa Clara por creciente súbita de la quebrada la Leona que arrastra lodos impidiendo el paso en el sector Santa Clara.(evento recurrente), varias vías terciarias afectadas por deslizamientos y caía de árboles",2022-09-01,0.0,0.0,1.0,True,Responded to,Flash flood,Heavy rainfall,Municipal Disaster Risk Management Council Onzaga,CAS Environmental Authority,Onzaga,Rural,Sector Puente Santa Clara,Not reported,Not reported,False,,hydrometeorological,Hydrometeorological,Infrastructure damage recorded
2022 Sep 27 12:00:00 AM,ATENDIDO,2022-09-27T00:00:00.000,CRECIENTE SUBITA,FUERTES LLUVIAS,CMGRD DE CARCASI,CAS,CARCASI,RURAL,VEREDA LLANO GRANDE QUEBRADA LAS CUEVAS,60,0.0,60.0,0,1.0,3.0,1.0,0.0,,,,0.0,0.0,0.0,2022-09-27T00:00:00.000,,,"El CMGRD reporta creciente súbita de las quebradas Las Cuevas y el Rubal, dejando destruidos tres puentes peatonales, inundaciones en la escuela Llano Grande, afectación en cultivos y viviendas, se adelanta la Evaluación de Daños y Analisis de Necesidades.",REPORTE_DE_EVENTOS_POR_DESASTRES_NATURALES_Y_ANTRÓPICOS_(Histórico)_20260415.csv,EVT00572,2022-09-27,ATENDIDO,2022-09-27,CRECIENTE SUBITA,FUERTES LLUVIAS,CMGRD DE CARCASI,CAS,CARCASI,RURAL,VEREDA LLANO GRANDE QUEBRADA LAS CUEVAS,60.0,0.0,60.0,0,1.0,3.0,1.0,0.0,,,,0.0,0.0,0.0,2022-09-27,,,"El CMGRD reporta creciente súbita de las quebradas Las Cuevas y el Rubal, dejando destruidos tres puentes peatonales, inundaciones en la escuela Llano Grande, afectación en cultivos y viviendas, se adelanta la Evaluación de Daños y Analisis de Necesidades.",2022-09-01,0.0,60.0,5.0,True,Responded to,Flash flood,Heavy rainfall,Municipal Disaster Risk Management Council of Carcasi,CAS Environmental Authority,Carcasi,Rural,Rural Hamlet Llano Grande Quebrada Las Cuevas,Not reported,Not reported,False,,hydrometeorological,Hydrometeorological,Housing damage recorded
2022 Oct 17 12:00:00 AM,ATENDIDO,2022-10-17T00:00:00.000,MOVIMIENTO EN MASA,DESLIZAMIENTOS,CMGRD DE COROMORO,CAS,COROMORO,RURAL,VEREDA EL CENTRO,1,0.0,1.0,0,0.0,0.0,0.0,0.0,,,,0.0,0.0,0.0,2022-10-17T00:00:00.000,,,"El comandante de bomberos reporta movimiento en masa en la vereda el Centro, se evacua una familia por afectación en su vivienda y se coordinan ayudas. Un centro recreativo afectado y la vía principal.",REPORTE_DE_EVENTOS_POR_DESASTRES_NATURALES_Y_ANTRÓPICOS_(Histórico)_20260415.csv,EVT00573,2022-10-17,ATENDIDO,2022-10-17,MOVIMIENTO EN MASA,DESLIZAMIENTOS,CMGRD DE COROMORO,CAS,COROMORO,RURAL,VEREDA EL CENTRO,1.0,0.0,1.0,0,0.0,0.0,0.0,0.0,,,,0.0,0.0,0.0,2022-10-17,,,"El comandante de bomberos reporta movimiento en masa en la vereda el Centro, se evacua una familia por afectación en su vivienda y se coordinan ayudas. Un centro recreativo afectado y la vía principal.",2022-10-01,0.0,1.0,0.0,True,Responded to,Mass movement,Landslides,Municipal Disaster Risk Management Council of Coromoro,CAS Environmental Authority,Coromoro,Rural,Rural Hamlet the Centro,Not reported,Not reported,False,,geophysical,Geophysical,Housing damage recorded
2022 Sep 29 12:00:00 AM,ATENDIDO,2022-09-29T00:00:00.000,CRECIENTE SUBITA,FUERTES LLUVIAS,CMGRD DE CIMITARRA,CAS,CIMITARRA,RURAL,SECTOR EL VALIENTE,15,0.0,15.0,0,0.0,0.0,0.0,0.0,,,,0.0,0.0,0.0,2022-09-29T00:00:00.000,,,"El CMGRD reporta creciente súbita del rio Carare, desbordamiento en el sector el Valiente y en el corregimiento Puerto Araujo, afectaciones en cultivos de plátano cítricos y pastizales, se coordina la Evaluación de daños y Análisis de Necesidades",REPORTE_DE_EVENTOS_POR_DESASTRES_NATURALES_Y_ANTRÓPICOS_(Histórico)_20260415.csv,EVT00574,2022-09-29,ATENDIDO,2022-09-29,CRECIENTE SUBITA,FUERTES LLUVIAS,CMGRD DE CIMITARRA,CAS,CIMITARRA,RURAL,SECTOR EL VALIENTE,15.0,0.0,15.0,0,0.0,0.0,0.0,0.0,,,,0.0,0.0,0.0,2022-09-29,,,"El CMGRD reporta creciente súbita del rio Carare, desbordamiento en el sector el Valiente y en el corregimiento Puerto Araujo, afectaciones en cultivos de plátano cítricos y pastizales, se coordina la Evaluación de daños y Análisis de Necesidades",2022-09-01,0.0,15.0,0.0,True,Responded to,Flash flood,Heavy rainfall,Municipal Disaster Risk Management Council of Cimitarra,CAS Environmental Authority,Cimitarra,Rural,Sector the Valiente,Not reported,Not reported,False,,hydrometeorological,Hydrometeorological,Housing damage recorded
2022 Oct 02 12:00:00 AM,ATENDIDO,2022-10-02T00:00:00.000,EXPLOSION,INDETERMINADO,CMGRD BARRANCABERMEJA,CAS,BARRANCABERMEJA,URBANO,SECTOR POZO 7,80,8.0,70.0,0,0.0,0.0,0.0,0.0,,,,22.0,2.0,4.0,2022-10-02T00:00:00.000,,,"EL CMGRD reporta incendio y explosión de bodega de gas en el asentamiento Pozo 7, este generó la muerte de 02 personas, 02 desaparecidos, 22 heridos de los cuales permanecen 01 menor de edad en la Magdalena, 03 menores remitidos a Bucaramanga así: 02 al Hospital Internacional y 01 al Hospital Universitario de Santander. Los demás heridos fueron dados de alta, Más de 80 viviendas averiadas y damnificadas. ATIENDE Bomberos de Barrancabermeja, defensa civil, cruz roja, policía nacional y CMGRD, CTI adelanta las investigaciones",REPORTE_DE_EVENTOS_POR_DESASTRES_NATURALES_Y_ANTRÓPICOS_(Histórico)_20260415.csv,EVT00575,2022-10-02,ATENDIDO,2022-10-02,EXPLOSION,INDETERMINADO,CMGRD BARRANCABERMEJA,CAS,BARRANCABERMEJA,URBANO,SECTOR POZO 7,80.0,8.0,70.0,0,0.0,0.0,0.0,0.0,,,,22.0,2.0,4.0,2022-10-02,,,"EL CMGRD reporta incendio y explosión de bodega de gas en el asentamiento Pozo 7, este generó la muerte de 02 personas, 02 desaparecidos, 22 heridos de los cuales permanecen 01 menor de edad en la Magdalena, 03 menores remitidos a Bucaramanga así: 02 al Hospital Internacional y 01 al Hospital Universitario de Santander. Los demás heridos fueron dados de alta, Más de 80 viviendas averiadas y damnificadas. ATIENDE Bomberos de Barrancabermeja, defensa civil, cruz roja, policía nacional y CMGRD, CTI adelanta las investigaciones",2022-10-01,28.0,78.0,0.0,True,Responded to,Explosion,Undetermined,Municipal Disaster Risk Management Council Barrancabermeja,CAS Environmental Authority,Barrancabermeja,Urban,Sector Pozo 7,Not reported,Not reported,False,,technological_anthropogenic,Technological and anthropogenic,Human impact recorded
2022 Oct 02 12:00:00 AM,ATENDIDO,2022-10-02T00:00:00.000,INCENDIO ESTRUCTURAL,INDETERMINADO,BOMBEROS OFICIALES DE BUCARAMANGA,CDMB,BUCARAMANGA,URBANO,ASENTAMIENTO LUZ DE ESPERANZA,8,0.0,8.0,0,0.0,0.0,0.0,0.0,,,,0.0,0.0,0.0,2022-10-02T00:00:00.000,,,"EL CMGRD reporta incendio estructural en asentamiento Luz de Esperanza Norte de Bucaramanga, 08 viviendas afectadas y evacuadas. No se reportan personas lesionadas ATIENDE Bomberos oficiales de Bucaramanga, defensa civil y CMGRD, causas indeterminadas",REPORTE_DE_EVENTOS_POR_DESASTRES_NATURALES_Y_ANTRÓPICOS_(Histórico)_20260415.csv,EVT00576,2022-10-02,ATENDIDO,2022-10-02,INCENDIO ESTRUCTURAL,INDETERMINADO,BOMBEROS OFICIALES DE BUCARAMANGA,CDMB,BUCARAMANGA,URBANO,ASENTAMIENTO LUZ DE ESPERANZA,8.0,0.0,8.0,0,0.0,0.0,0.0,0.0,,,,0.0,0.0,0.0,2022-10-02,,,"EL CMGRD reporta incendio estructural en asentamiento Luz de Esperanza Norte de Bucaramanga, 08 viviendas afectadas y evacuadas. No se reportan personas lesionadas ATIENDE Bomberos oficiales de Bucaramanga, defensa civil y CMGRD, causas indeterminadas",2022-10-01,0.0,8.0,0.0,True,Responded to,Structural fire,Undetermined,Fire Department Oficiales of Bucaramanga,CDMB Environmental Authority,Bucaramanga,Urban,Asentamiento Luz of Esperanza,Not reported,Not reported,False,,technological_anthropogenic,Technological and anthropogenic,Housing damage recorded
2022 Oct 04 12:00:00 AM,ATENDIDO,2022-10-04T00:00:00.000,INUDACIONES,FUERTES LLUVIAS,CMGRD BARICHARA,CAS,BARICHARA,RURAL,VEREDA LLANO DE HIGUERAS,5,0.0,5.0,0,0.0,0.0,0.0,0.0,,,,0.0,0.0,0.0,2022-10-04T00:00:00.000,,,"El Comandante de Bomberos reporta fuertes lluvias y afectación en 5 viviendas y un hotel con inundaciones a causa del colapso del alcantarillado en la vereda Llano de Higueras y caraquita, se realiza la Evaluación de Daños y Análisis de Necesidades",REPORTE_DE_EVENTOS_POR_DESASTRES_NATURALES_Y_ANTRÓPICOS_(Histórico)_20260415.csv,EVT00577,2022-10-04,ATENDIDO,2022-10-04,INUDACIONES,FUERTES LLUVIAS,CMGRD BARICHARA,CAS,BARICHARA,RURAL,VEREDA LLANO DE HIGUERAS,5.0,0.0,5.0,0,0.0,0.0,0.0,0.0,,,,0.0,0.0,0.0,2022-10-04,,,"El Comandante de Bomberos reporta fuertes lluvias y afectación en 5 viviendas y un hotel con inundaciones a causa del colapso del alcantarillado en la vereda Llano de Higueras y caraquita, se realiza la Evaluación de Daños y Análisis de Necesidades",2022-10-01,0.0,5.0,0.0,True,Responded to,Floods,Heavy rainfall,Municipal Disaster Risk Management Council Barichara,CAS Environmental Authority,Barichara,Rural,Rural Hamlet Llano of Higueras,Not reported,Not reported,False,,hydrometeorological,Hydrometeorological,Housing damage recorded
2022 Oct 04 12:00:00 AM,ATENDIDO,2022-10-04T00:00:00.000,INUDACIONES,FUERTES LLUVIAS,CMGRD DEL SOCORRO,CAS,EL SOCORRO,RURAL,VEREDA EL LUCHADERO,0,0.0,0.0,0,1.0,0.0,0.0,0.0,,,,0.0,0.0,0.0,2022-10-04T00:00:00.000,,,"El CMGRD reporta que las fuertes lluvias de las últimas horas causan desbordamiento de una cañada en la vereda Luchadero, inundaciones en algunos establecimientos comerciales, se adelantan los EDAN",REPORTE_DE_EVENTOS_POR_DESASTRES_NATURALES_Y_ANTRÓPICOS_(Histórico)_20260415.csv,EVT00578,2022-10-04,ATENDIDO,2022-10-04,INUDACIONES,FUERTES LLUVIAS,CMGRD DEL SOCORRO,CAS,EL SOCORRO,RURAL,VEREDA EL LUCHADERO,0.0,0.0,0.0,0,1.0,0.0,0.0,0.0,,,,0.0,0.0,0.0,2022-10-04,,,"El CMGRD reporta que las fuertes lluvias de las últimas horas causan desbordamiento de una cañada en la vereda Luchadero, inundaciones en algunos establecimientos comerciales, se adelantan los EDAN",2022-10-01,0.0,0.0,1.0,True,Responded to,Floods,Heavy rainfall,Municipal Disaster Risk Management Council of the Socorro,CAS Environmental Authority,El Socorro,Rural,Rural Hamlet the Luchadero,Not reported,Not reported,False,,hydrometeorological,Hydrometeorological,Infrastructure damage recorded
2022 Oct 05 12:00:00 AM,ATENDIDO,2022-10-05T00:00:00.000,AVENIDA TORRENCIAL,FUERTES LLUVIAS,CMGRD DE ENCISO,CAS,ENCISO,RURAL,VIA ENCISO - CARCASI SECTOR QUEBRADA CHIQUERITO,0,0.0,0.0,1,1.0,1.0,0.0,0.0,,,,0.0,0.0,0.0,2022-10-05T00:00:00.000,,,"El CMGRD reporta el desbordamiento de la quebrada Chiquerito, afectó el box culver en la vía hacia el municipio de Carcasí, Adicional se presenta fenómeno de remoción en masa en este mismo sector, quedando incomunicadas las dos poblaciones, se coordina traslado de maquinaria amarilla para rehabilitar las zonas",REPORTE_DE_EVENTOS_POR_DESASTRES_NATURALES_Y_ANTRÓPICOS_(Histórico)_20260415.csv,EVT00579,2022-10-05,ATENDIDO,2022-10-05,AVENIDA TORRENCIAL,FUERTES LLUVIAS,CMGRD DE ENCISO,CAS,ENCISO,RURAL,VIA ENCISO - CARCASI SECTOR QUEBRADA CHIQUERITO,0.0,0.0,0.0,1,1.0,1.0,0.0,0.0,,,,0.0,0.0,0.0,2022-10-05,,,"El CMGRD reporta el desbordamiento de la quebrada Chiquerito, afectó el box culver en la vía hacia el municipio de Carcasí, Adicional se presenta fenómeno de remoción en masa en este mismo sector, quedando incomunicadas las dos poblaciones, se coordina traslado de maquinaria amarilla para rehabilitar las zonas",2022-10-01,0.0,0.0,3.0,True,Responded to,Torrential flash flood,Heavy rainfall,Municipal Disaster Risk Management Council of Enciso,CAS Environmental Authority,Enciso,Rural,Road Enciso - Carcasi Sector Quebrada Chiquerito,Not reported,Not reported,False,,hydrometeorological,Hydrometeorological,Infrastructure damage recorded
2022 Oct 05 12:00:00 AM,ATENDIDO,2022-10-05T00:00:00.000,AVENIDA TORRENCIAL,FUERTES LLUVIAS,CMGRD DE CARCASI,CAS,CARCASI,RURAL,VIA ENCISO - CARCASI SECTOR QUEBRADA SUPARI,30,0.0,30.0,0,1.0,1.0,0.0,0.0,,,,0.0,0.0,0.0,2022-10-05T00:00:00.000,,,"El CMGRD reporta el desbordamiento de la quebrada Suparí, en límites con el municipio de Enciso, afectó el box culver en la vía hacia el municipio de Carcasí, se coordina la rehabilitación  de la vía",REPORTE_DE_EVENTOS_POR_DESASTRES_NATURALES_Y_ANTRÓPICOS_(Histórico)_20260415.csv,EVT00580,2022-10-05,ATENDIDO,2022-10-05,AVENIDA TORRENCIAL,FUERTES LLUVIAS,CMGRD DE CARCASI,CAS,CARCASI,RURAL,VIA ENCISO - CARCASI SECTOR QUEBRADA SUPARI,30.0,0.0,30.0,0,1.0,1.0,0.0,0.0,,,,0.0,0.0,0.0,2022-10-05,,,"El CMGRD reporta el desbordamiento de la quebrada Suparí, en límites con el municipio de Enciso, afectó el box culver en la vía hacia el municipio de Carcasí, se coordina la rehabilitación de la vía",2022-10-01,0.0,30.0,2.0,True,Responded to,Torrential flash flood,Heavy rainfall,Municipal Disaster Risk Management Council of Carcasi,CAS Environmental Authority,Carcasi,Rural,Road Enciso - Carcasi Sector Quebrada Supari,Not reported,Not reported,False,,hydrometeorological,Hydrometeorological,Housing damage recorded
2022 Oct 08 12:00:00 AM,ATENDIDO,2022-10-08T00:00:00.000,CRECIENTE SUBITA,FUERTES LLUVIAS,CMGRD EL CARMEN DE CHUCURI,CAS,EL CARMEN DE CHUCURI,RURAL,QUEBRADA EL CONSUELO,0,0.0,0.0,0,1.0,0.0,0.0,0.0,,,,0.0,0.0,0.0,2022-10-08T00:00:00.000,,,"EL CMGRD reporta creciente súbita  de las quebradas el Consuelo y los Venados, vereda el Cuarenta, afectando el tránsito hacia el municipio de San Vicente, se coordina traslado de maquinaria amarilla.",REPORTE_DE_EVENTOS_POR_DESASTRES_NATURALES_Y_ANTRÓPICOS_(Histórico)_20260415.csv,EVT00581,2022-10-08,ATENDIDO,2022-10-08,CRECIENTE SUBITA,FUERTES LLUVIAS,CMGRD EL CARMEN DE CHUCURI,CAS,EL CARMEN DE CHUCURI,RURAL,QUEBRADA EL CONSUELO,0.0,0.0,0.0,0,1.0,0.0,0.0,0.0,,,,0.0,0.0,0.0,2022-10-08,,,"EL CMGRD reporta creciente súbita de las quebradas el Consuelo y los Venados, vereda el Cuarenta, afectando el tránsito hacia el municipio de San Vicente, se coordina traslado de maquinaria amarilla.",2022-10-01,0.0,0.0,1.0,True,Responded to,Flash flood,Heavy rainfall,Municipal Disaster Risk Management Council the Carmen of Chucuri,CAS Environmental Authority,El Carmen De Chucuri,Rural,Quebrada the Consuelo,Not reported,Not reported,False,,hydrometeorological,Hydrometeorological,Infrastructure damage recorded
2022 Oct 08 12:00:00 AM,ATENDIDO,2022-10-08T00:00:00.000,CRECIENTE SUBITA,FUERTES LLUVIAS,CMGRD DE RIONEGRO,CAS,RIONEGRO,RURAL,VEREDA EL SAMAN,0,0.0,0.0,0,1.0,0.0,0.0,0.0,,,,0.0,0.0,0.0,2022-10-08T00:00:00.000,,,"EL CMGRD reporta creciente súbita de la quebrada el Samán, dejando incomunicada la vereda el Samán, por daños en la batea, se realizan los EDAN",REPORTE_DE_EVENTOS_POR_DESASTRES_NATURALES_Y_ANTRÓPICOS_(Histórico)_20260415.csv,EVT00582,2022-10-08,ATENDIDO,2022-10-08,CRECIENTE SUBITA,FUERTES LLUVIAS,CMGRD DE RIONEGRO,CAS,RIONEGRO,RURAL,VEREDA EL SAMAN,0.0,0.0,0.0,0,1.0,0.0,0.0,0.0,,,,0.0,0.0,0.0,2022-10-08,,,"EL CMGRD reporta creciente súbita de la quebrada el Samán, dejando incomunicada la vereda el Samán, por daños en la batea, se realizan los EDAN",2022-10-01,0.0,0.0,1.0,True,Responded to,Flash flood,Heavy rainfall,Municipal Disaster Risk Management Council of Rionegro,CAS Environmental Authority,Rionegro,Rural,Rural Hamlet the Saman,Not reported,Not reported,False,,hydrometeorological,Hydrometeorological,Infrastructure damage recorded
2022 Oct 12 12:00:00 AM,ATENDIDO,2022-10-12T00:00:00.000,INUNDACIONES,CRECIENTE SUBITA,CMGRD DE SIMACOTA,CAS,SIMACOTA,RURAL,BAJO SIMACOTA SECTOR EL OPON,10,0.0,10.0,0,1.0,0.0,0.0,0.0,,,,0.0,0.0,0.0,2022-10-12T00:00:00.000,,,"El CMGRD reporta creciente súbita del río Opón que causa desbordamiento en la vereda Puente Opón, algunos cultivos de plátano, yuca, pastizales afectados",REPORTE_DE_EVENTOS_POR_DESASTRES_NATURALES_Y_ANTRÓPICOS_(Histórico)_20260415.csv,EVT00583,2022-10-12,ATENDIDO,2022-10-12,INUNDACIONES,CRECIENTE SUBITA,CMGRD DE SIMACOTA,CAS,SIMACOTA,RURAL,BAJO SIMACOTA SECTOR EL OPON,10.0,0.0,10.0,0,1.0,0.0,0.0,0.0,,,,0.0,0.0,0.0,2022-10-12,,,"El CMGRD reporta creciente súbita del río Opón que causa desbordamiento en la vereda Puente Opón, algunos cultivos de plátano, yuca, pastizales afectados",2022-10-01,0.0,10.0,1.0,True,Responded to,Floods,Flash flood,Municipal Disaster Risk Management Council of Simacota,CAS Environmental Authority,Simacota,Rural,Bajo Simacota Sector the Opon,Not reported,Not reported,False,,hydrometeorological,Hydrometeorological,Housing damage recorded
2022 Oct 12 12:00:00 AM,ATENDIDO,2022-10-12T00:00:00.000,MOVIMIENTO EN MASA,DESLIZAMIENTOS,CMGRD CONCEPCION,CAS,CONCEPCION,RURAL,VEREDA EL SALADO,30,4.0,26.0,1,0.0,0.0,1.0,0.0,,,,0.0,0.0,0.0,2022-10-12T00:00:00.000,,,"El CMGRD reporta fenómeno de remoción en masa en la vereda Palacé parte alta de la quebrada Manaria, el cual amenaza con represar la quebrada, afectación en cultivos de durazno, pastizales de más de 30 productores agrícolas, se adelantan los EDAN y monitoreo permanente de la zona.",REPORTE_DE_EVENTOS_POR_DESASTRES_NATURALES_Y_ANTRÓPICOS_(Histórico)_20260415.csv,EVT00584,2022-10-12,ATENDIDO,2022-10-12,MOVIMIENTO EN MASA,DESLIZAMIENTOS,CMGRD CONCEPCION,CAS,CONCEPCION,RURAL,VEREDA EL SALADO,30.0,4.0,26.0,1,0.0,0.0,1.0,0.0,,,,0.0,0.0,0.0,2022-10-12,,,"El CMGRD reporta fenómeno de remoción en masa en la vereda Palacé parte alta de la quebrada Manaria, el cual amenaza con represar la quebrada, afectación en cultivos de durazno, pastizales de más de 30 productores agrícolas, se adelantan los EDAN y monitoreo permanente de la zona.",2022-10-01,0.0,30.0,2.0,True,Responded to,Mass movement,Landslides,Municipal Disaster Risk Management Council Concepcion,CAS Environmental Authority,Concepcion,Rural,Rural Hamlet the Salado,Not reported,Not reported,False,,geophysical,Geophysical,Housing damage recorded
2022 Oct 15 12:00:00 AM,ATENDIDO,2022-10-15T00:00:00.000,CRECIENTE SUBITA,FUERTES LLUVIAS,CMGRD DE SANTA HELENA DEL OPON,CAS,SANTA HELENA,RURAL,SAN JUAN BOSC LA VEREDA,60,0.0,60.0,0,0.0,0.0,0.0,0.0,,,,0.0,0.0,0.0,2022-10-15T00:00:00.000,,,"El CMGRD reporta creciente súbita de la quebrada la verde, causando inundaciones en el corregimiento San Juan Bosco , 60 familias afectadas, se mantiene monitoreo permanente en la zona y se realizan los EDAN",REPORTE_DE_EVENTOS_POR_DESASTRES_NATURALES_Y_ANTRÓPICOS_(Histórico)_20260415.csv,EVT00585,2022-10-15,ATENDIDO,2022-10-15,CRECIENTE SUBITA,FUERTES LLUVIAS,CMGRD DE SANTA HELENA DEL OPON,CAS,SANTA HELENA,RURAL,SAN JUAN BOSC LA VEREDA,60.0,0.0,60.0,0,0.0,0.0,0.0,0.0,,,,0.0,0.0,0.0,2022-10-15,,,"El CMGRD reporta creciente súbita de la quebrada la verde, causando inundaciones en el corregimiento San Juan Bosco , 60 familias afectadas, se mantiene monitoreo permanente en la zona y se realizan los EDAN",2022-10-01,0.0,60.0,0.0,True,Responded to,Flash flood,Heavy rainfall,Municipal Disaster Risk Management Council of Santa Helena of the Opon,CAS Environmental Authority,Santa Helena,Rural,San Juan Bosc the Rural Hamlet,Not reported,Not reported,False,,hydrometeorological,Hydrometeorological,Housing damage recorded
2022 Oct 15 12:00:00 AM,ATENDIDO,2022-10-15T00:00:00.000,CRECIENTE SUBITA,FUERTES LLUVIAS,CMGRD DE SAN ANDRES,CAS,SAN ANDRES,URBANO,QUEBRADA LA LLORONA,0,0.0,0.0,0,1.0,0.0,0.0,0.0,,,,0.0,0.0,0.0,2022-10-15T00:00:00.000,,,"EL alcalde municipal reporta creciente de la quebrada la Llorona, causando afectaciones en las carreras 4, 5 y 6, una vivienda afectada por lodos y material de arrastre, se coordinan acciones de limpieza y rehabilitación de las zonas afectadas",REPORTE_DE_EVENTOS_POR_DESASTRES_NATURALES_Y_ANTRÓPICOS_(Histórico)_20260415.csv,EVT00586,2022-10-15,ATENDIDO,2022-10-15,CRECIENTE SUBITA,FUERTES LLUVIAS,CMGRD DE SAN ANDRES,CAS,SAN ANDRES,URBANO,QUEBRADA LA LLORONA,0.0,0.0,0.0,0,1.0,0.0,0.0,0.0,,,,0.0,0.0,0.0,2022-10-15,,,"EL alcalde municipal reporta creciente de la quebrada la Llorona, causando afectaciones en las carreras 4, 5 y 6, una vivienda afectada por lodos y material de arrastre, se coordinan acciones de limpieza y rehabilitación de las zonas afectadas",2022-10-01,0.0,0.0,1.0,True,Responded to,Flash flood,Heavy rainfall,Municipal Disaster Risk Management Council of San Andres,CAS Environmental Authority,San Andres,Urban,Quebrada the Llorona,Not reported,Not reported,False,,hydrometeorological,Hydrometeorological,Infrastructure damage recorded
2022 Oct 16 12:00:00 AM,ATENDIDO,2022-10-16T00:00:00.000,MOVIMIENTO EN MASA,DESLIZAMIENTOS,CMGRD DE TONA,CDMB,TONA,RURAL,KM 6 VIA A BUCARAMANGA,0,0.0,0.0,0,1.0,0.0,0.0,0.0,,,,0.0,0.0,0.0,2022-10-16T00:00:00.000,,,El CMGRD reporta cierre de la vía hacia el municipio en el sector Brisas km 6 + 100 se coordina traslado de maquinaria amarilla para retirar escombros y recuperar el tránsito,REPORTE_DE_EVENTOS_POR_DESASTRES_NATURALES_Y_ANTRÓPICOS_(Histórico)_20260415.csv,EVT00587,2022-10-16,ATENDIDO,2022-10-16,MOVIMIENTO EN MASA,DESLIZAMIENTOS,CMGRD DE TONA,CDMB,TONA,RURAL,KM 6 VIA A BUCARAMANGA,0.0,0.0,0.0,0,1.0,0.0,0.0,0.0,,,,0.0,0.0,0.0,2022-10-16,,,El CMGRD reporta cierre de la vía hacia el municipio en el sector Brisas km 6 + 100 se coordina traslado de maquinaria amarilla para retirar escombros y recuperar el tránsito,2022-10-01,0.0,0.0,1.0,True,Responded to,Mass movement,Landslides,Municipal Disaster Risk Management Council of Tona,CDMB Environmental Authority,Tona,Rural,Km 6 Road A Bucaramanga,Not reported,Not reported,False,,geophysical,Geophysical,Infrastructure damage recorded
2022 Oct 17 12:00:00 AM,ATENDIDO,2022-10-17T00:00:00.000,INUNDACIONES,FUERTES LLUVIAS,CMGRD DE GIRON,CDMB,GIRON,URBANO,BARRIO EL POBLADO Y GALAN,6,0.0,6.0,0,0.0,0.0,0.0,0.0,,,,0.0,0.0,0.0,2022-10-17T00:00:00.000,,,"EL CMGRD reporta inundaciones los barrios el   Poblado, Galán y vía hacia Centroabastos a causa del colapso del alcantarillado por las fuertes lluvias",REPORTE_DE_EVENTOS_POR_DESASTRES_NATURALES_Y_ANTRÓPICOS_(Histórico)_20260415.csv,EVT00588,2022-10-17,ATENDIDO,2022-10-17,INUNDACIONES,FUERTES LLUVIAS,CMGRD DE GIRON,CDMB,GIRON,URBANO,BARRIO EL POBLADO Y GALAN,6.0,0.0,6.0,0,0.0,0.0,0.0,0.0,,,,0.0,0.0,0.0,2022-10-17,,,"EL CMGRD reporta inundaciones los barrios el Poblado, Galán y vía hacia Centroabastos a causa del colapso del alcantarillado por las fuertes lluvias",2022-10-01,0.0,6.0,0.0,True,Responded to,Floods,Heavy rainfall,Municipal Disaster Risk Management Council of Giron,CDMB Environmental Authority,Giron,Urban,Neighborhood the Poblado and Galan,Not reported,Not reported,False,,hydrometeorological,Hydrometeorological,Housing damage recorded
2022 Oct 18 12:00:00 AM,ATENDIDO,2022-10-18T00:00:00.000,MOVIMIENTO EN MASA,DESLIZAMIENTOS,CMGRD DE PIEDECUESTA,CDMB,PIEDECUESTA,RURAL,VIA LOS CUROS - MALAGA PR 121 + 200,0,0.0,0.0,0,1.0,0.0,0.0,0.0,,,,0.0,0.0,0.0,2022-10-18T00:00:00.000,,,"El CMGRD reporta cierre de la vía Los Curos – Málaga por deslizamientos y caída de rocas en el PR – 121 + 200 sector Los Curos, se coordina maquinaria amarilla del INVIAS (consorcio Vias Colombia 066)",REPORTE_DE_EVENTOS_POR_DESASTRES_NATURALES_Y_ANTRÓPICOS_(Histórico)_20260415.csv,EVT00589,2022-10-18,ATENDIDO,2022-10-18,MOVIMIENTO EN MASA,DESLIZAMIENTOS,CMGRD DE PIEDECUESTA,CDMB,PIEDECUESTA,RURAL,VIA LOS CUROS - MALAGA PR 121 + 200,0.0,0.0,0.0,0,1.0,0.0,0.0,0.0,,,,0.0,0.0,0.0,2022-10-18,,,"El CMGRD reporta cierre de la vía Los Curos – Málaga por deslizamientos y caída de rocas en el PR – 121 + 200 sector Los Curos, se coordina maquinaria amarilla del INVIAS (consorcio Vias Colombia 066)",2022-10-01,0.0,0.0,1.0,True,Responded to,Mass movement,Landslides,Municipal Disaster Risk Management Council of Piedecuesta,CDMB Environmental Authority,Piedecuesta,Rural,Road Los Curos - Malaga Pr 121 200,Not reported,Not reported,False,,geophysical,Geophysical,Infrastructure damage recorded
2022 Oct 19 12:00:00 AM,ATENDIDO,2022-10-19T00:00:00.000,MOVIMIENTO EN MASA,DESLIZAMIENTOS,CMGRD DE SURATA,CDMB,SURATA,RURAL,VIA SURATA - CALIFORNIA SECTOR CASA ROJA,0,0.0,0.0,0,1.0,0.0,0.0,0.0,,,,0.0,0.0,0.0,2022-10-19T00:00:00.000,,,"EL comandante de bomberos reporta movimiento en masa en la vereda San Francisco, sector Casa Roja, dejando incomunicado al municipio de California, se coordina desplazar maquinaria amarilla para rehabilitar el paso",REPORTE_DE_EVENTOS_POR_DESASTRES_NATURALES_Y_ANTRÓPICOS_(Histórico)_20260415.csv,EVT00590,2022-10-19,ATENDIDO,2022-10-19,MOVIMIENTO EN MASA,DESLIZAMIENTOS,CMGRD DE SURATA,CDMB,SURATA,RURAL,VIA SURATA - CALIFORNIA SECTOR CASA ROJA,0.0,0.0,0.0,0,1.0,0.0,0.0,0.0,,,,0.0,0.0,0.0,2022-10-19,,,"EL comandante de bomberos reporta movimiento en masa en la vereda San Francisco, sector Casa Roja, dejando incomunicado al municipio de California, se coordina desplazar maquinaria amarilla para rehabilitar el paso",2022-10-01,0.0,0.0,1.0,True,Responded to,Mass movement,Landslides,Municipal Disaster Risk Management Council of Surata,CDMB Environmental Authority,Surata,Rural,Road Surata - California Sector Casa Roja,Not reported,Not reported,False,,geophysical,Geophysical,Infrastructure damage recorded
2022 Oct 20 12:00:00 AM,ATENDIDO,2022-10-20T00:00:00.000,INUNDACIONES,FUERTES LLUVIAS,CMGRD DE PUERTO PARRA,CAS,PUERTO PARRAS,RURAL,VEREDA LAS MONTOYAS Y LA MILITOSA,100,2.0,20.0,0,1.0,0.0,0.0,0.0,,,,0.0,0.0,0.0,2022-10-20T00:00:00.000,,,"El CMGRD reporta desbordamiento del rio Opón en las veredas la Militosa y la Esperanza, el rio Carare se desbordó en las veredas Bocas del Carare, Cienaga del Chucurí y Playa Alta, en el casco urbano se presentaron afectaciones a causa del colapso del alcantarillado por las fuertes lluvias, más de 100 familias afectadas, se adelantan los EDAN",REPORTE_DE_EVENTOS_POR_DESASTRES_NATURALES_Y_ANTRÓPICOS_(Histórico)_20260415.csv,EVT00591,2022-10-20,ATENDIDO,2022-10-20,INUNDACIONES,FUERTES LLUVIAS,CMGRD DE PUERTO PARRA,CAS,PUERTO PARRAS,RURAL,VEREDA LAS MONTOYAS Y LA MILITOSA,100.0,2.0,20.0,0,1.0,0.0,0.0,0.0,,,,0.0,0.0,0.0,2022-10-20,,,"El CMGRD reporta desbordamiento del rio Opón en las veredas la Militosa y la Esperanza, el rio Carare se desbordó en las veredas Bocas del Carare, Cienaga del Chucurí y Playa Alta, en el casco urbano se presentaron afectaciones a causa del colapso del alcantarillado por las fuertes lluvias, más de 100 familias afectadas, se adelantan los EDAN",2022-10-01,0.0,22.0,1.0,True,Responded to,Floods,Heavy rainfall,Municipal Disaster Risk Management Council of Puerto Parra,CAS Environmental Authority,Puerto Parras,Rural,Rural Hamlet Las Montoyas and the Militosa,Not reported,Not reported,False,,hydrometeorological,Hydrometeorological,Housing damage recorded
2022 Oct 20 12:00:00 AM,ATENDIDO,2022-10-20T00:00:00.000,INUNDACIONES,FUERTES LLUVIAS,CMGRD DE SIMACOTA,CAS,SIMACOTA,RURAL,BAJO SIMACOTA SECTOR EL OPON,30,2.0,30.0,0,0.0,0.0,0.0,0.0,,,,0.0,0.0,0.0,2022-10-20T00:00:00.000,,,"EL CMGRD reporta desbordamiento del rio Opón a la alturas de la veredas Puente Opón y la Rochela, más de 30 productores agrícolas afectados y perdida de cultivos de yuca, plátano, palma de aceite, pastizales, se adelantan los EDAN. La vía nacional Troncal del Magdalena, presenta paso restringido en el sector por el desbordamiento del río.",REPORTE_DE_EVENTOS_POR_DESASTRES_NATURALES_Y_ANTRÓPICOS_(Histórico)_20260415.csv,EVT00592,2022-10-20,ATENDIDO,2022-10-20,INUNDACIONES,FUERTES LLUVIAS,CMGRD DE SIMACOTA,CAS,SIMACOTA,RURAL,BAJO SIMACOTA SECTOR EL OPON,30.0,2.0,30.0,0,0.0,0.0,0.0,0.0,,,,0.0,0.0,0.0,2022-10-20,,,"EL CMGRD reporta desbordamiento del rio Opón a la alturas de la veredas Puente Opón y la Rochela, más de 30 productores agrícolas afectados y perdida de cultivos de yuca, plátano, palma de aceite, pastizales, se adelantan los EDAN. La vía nacional Troncal del Magdalena, presenta paso restringido en el sector por el desbordamiento del río.",2022-10-01,0.0,32.0,0.0,True,Responded to,Floods,Heavy rainfall,Municipal Disaster Risk Management Council of Simacota,CAS Environmental Authority,Simacota,Rural,Bajo Simacota Sector the Opon,Not reported,Not reported,False,,hydrometeorological,Hydrometeorological,Housing damage recorded
2022 Oct 22 12:00:00 AM,ATENDIDO,2022-10-22T00:00:00.000,INUNDACIONES,FUERTES LLUVIAS,CMGRD DEL PLAYON,CDMB,EL PLAYON,RURAL,VEREDA BARRIO NUENO,10,2.0,8.0,0,0.0,0.0,0.0,0.0,,,,0.0,0.0,0.0,2022-10-22T00:00:00.000,,,"El CMGRD reporta desbordamiento de la quebrada de la quebrada la sardina en el corregimiento Barrio Nuevo, 2 viviendas evacuadas y 10 viviendas afectadas por las inundaciones, se adelanta la Evaluación de Daños y Análisis de Necesidades",REPORTE_DE_EVENTOS_POR_DESASTRES_NATURALES_Y_ANTRÓPICOS_(Histórico)_20260415.csv,EVT00593,2022-10-22,ATENDIDO,2022-10-22,INUNDACIONES,FUERTES LLUVIAS,CMGRD DEL PLAYON,CDMB,EL PLAYON,RURAL,VEREDA BARRIO NUENO,10.0,2.0,8.0,0,0.0,0.0,0.0,0.0,,,,0.0,0.0,0.0,2022-10-22,,,"El CMGRD reporta desbordamiento de la quebrada de la quebrada la sardina en el corregimiento Barrio Nuevo, 2 viviendas evacuadas y 10 viviendas afectadas por las inundaciones, se adelanta la Evaluación de Daños y Análisis de Necesidades",2022-10-01,0.0,10.0,0.0,True,Responded to,Floods,Heavy rainfall,Municipal Disaster Risk Management Council of the Playon,CDMB Environmental Authority,El Playon,Rural,Rural Hamlet Neighborhood Nueno,Not reported,Not reported,False,,hydrometeorological,Hydrometeorological,Housing damage recorded
2022 Oct 22 12:00:00 AM,ATENDIDO,2022-10-22T00:00:00.000,DESLIZAMIENTOS,CAIDA DE ROCAS,CMGRD EL HATO,CAS,EL HATO,RURAL,VEREDA HOYA NEGRA,0,0.0,0.0,0,1.0,0.0,0.0,0.0,,,,0.0,0.0,0.0,2022-10-22T00:00:00.000,,,"El comandante de bomberos reporta deslizamientos que incomunica la  vereda Hoya negra, una vivienda afectada por el deslizamiento, se coordinan ayudas con el CMGRD.",REPORTE_DE_EVENTOS_POR_DESASTRES_NATURALES_Y_ANTRÓPICOS_(Histórico)_20260415.csv,EVT00594,2022-10-22,ATENDIDO,2022-10-22,DESLIZAMIENTOS,CAIDA DE ROCAS,CMGRD EL HATO,CAS,EL HATO,RURAL,VEREDA HOYA NEGRA,0.0,0.0,0.0,0,1.0,0.0,0.0,0.0,,,,0.0,0.0,0.0,2022-10-22,,,"El comandante de bomberos reporta deslizamientos que incomunica la vereda Hoya negra, una vivienda afectada por el deslizamiento, se coordinan ayudas con el CMGRD.",2022-10-01,0.0,0.0,1.0,True,Responded to,Landslides,Rockfall,Municipal Disaster Risk Management Council the Hato,CAS Environmental Authority,El Hato,Rural,Rural Hamlet Hoya Negra,Not reported,Not reported,False,,geophysical,Geophysical,Infrastructure damage recorded
2022 Oct 24 12:00:00 AM,ATENDIDO,2022-10-24T00:00:00.000,MOVIMIENTO EN MASA,DESLIZAMIENTOS,CMGRD DE SANTA BARBARA,CDMB,SANTA BARBARA,RURAL,VIA LOS CUROS - MALAGA SECTOR LA JUDIA,0,0.0,0.0,0,1.0,0.0,0.0,0.0,,,,4.0,0.0,0.0,2022-10-24T00:00:00.000,,,"EL INVIAS reporta : 4 trabajadores del consorcio Vías Colombia 066 que se encontraban adelantando obras de estabilización, fueron sorprendidos por un deslizamiento, la rápida reacción de los compañeros, lograron rescatarlos sin que se presentaran heridas de consideración",REPORTE_DE_EVENTOS_POR_DESASTRES_NATURALES_Y_ANTRÓPICOS_(Histórico)_20260415.csv,EVT00595,2022-10-24,ATENDIDO,2022-10-24,MOVIMIENTO EN MASA,DESLIZAMIENTOS,CMGRD DE SANTA BARBARA,CDMB,SANTA BARBARA,RURAL,VIA LOS CUROS - MALAGA SECTOR LA JUDIA,0.0,0.0,0.0,0,1.0,0.0,0.0,0.0,,,,4.0,0.0,0.0,2022-10-24,,,"EL INVIAS reporta : 4 trabajadores del consorcio Vías Colombia 066 que se encontraban adelantando obras de estabilización, fueron sorprendidos por un deslizamiento, la rápida reacción de los compañeros, lograron rescatarlos sin que se presentaran heridas de consideración",2022-10-01,4.0,0.0,1.0,True,Responded to,Mass movement,Landslides,Municipal Disaster Risk Management Council of Santa Barbara,CDMB Environmental Authority,Santa Barbara,Rural,Road Los Curos - Malaga Sector the Judia,Not reported,Not reported,False,,geophysical,Geophysical,Human impact recorded
2022 Oct 24 12:00:00 AM,ATENDIDO,2022-10-24T00:00:00.000,CRECIENTE SUBITA,FUERTES LLUVIAS,CMGRD DE ONZAGA,CAS,ONZAGA,RURAL,QUEBRADA LA LEONA SECTOR SANTA CLARA,0,0.0,0.0,0,1.0,0.0,0.0,0.0,,,,0.0,0.0,0.0,2022-10-24T00:00:00.000,,,"La CMGRD reporta cierre de la via San Joaquin – Onzaga por el desbordamiento de la quebrada la Leona en el sector Santa Clara, se coordina traslado de maquinaria amarilla para recuperar el paso. Se mantiene monitoreada la zona por el INVIAS",REPORTE_DE_EVENTOS_POR_DESASTRES_NATURALES_Y_ANTRÓPICOS_(Histórico)_20260415.csv,EVT00596,2022-10-24,ATENDIDO,2022-10-24,CRECIENTE SUBITA,FUERTES LLUVIAS,CMGRD DE ONZAGA,CAS,ONZAGA,RURAL,QUEBRADA LA LEONA SECTOR SANTA CLARA,0.0,0.0,0.0,0,1.0,0.0,0.0,0.0,,,,0.0,0.0,0.0,2022-10-24,,,"La CMGRD reporta cierre de la via San Joaquin – Onzaga por el desbordamiento de la quebrada la Leona en el sector Santa Clara, se coordina traslado de maquinaria amarilla para recuperar el paso. Se mantiene monitoreada la zona por el INVIAS",2022-10-01,0.0,0.0,1.0,True,Responded to,Flash flood,Heavy rainfall,Municipal Disaster Risk Management Council of Onzaga,CAS Environmental Authority,Onzaga,Rural,Quebrada the Leona Sector Santa Clara,Not reported,Not reported,False,,hydrometeorological,Hydrometeorological,Infrastructure damage recorded
2022 Oct 25 12:00:00 AM,ATENDIDO,2022-10-25T00:00:00.000,TORMENTAS ELECTRICAS,FUERTES LLUVIAS,BOMBEROS OFICIALES DE BUCARAMANGA,CDMB,BUCARAMANGA,URBANO,ZONA NORTE,12,0.0,10.0,0,0.0,0.0,0.0,0.0,,,,0.0,0.0,0.0,2022-10-25T00:00:00.000,,,"EL CMGRD reporte inundaciones en varios sectores a causa de las tormentas eléctricas como el el sector el Palenque, vía a Chimitá, Creciente del rio de Oro y Rio Tona en el sector Café Madrid, algunas familias ubicadas en zonas inestables evacuadas de manera preventiva",REPORTE_DE_EVENTOS_POR_DESASTRES_NATURALES_Y_ANTRÓPICOS_(Histórico)_20260415.csv,EVT00597,2022-10-25,ATENDIDO,2022-10-25,TORMENTAS ELECTRICAS,FUERTES LLUVIAS,BOMBEROS OFICIALES DE BUCARAMANGA,CDMB,BUCARAMANGA,URBANO,ZONA NORTE,12.0,0.0,10.0,0,0.0,0.0,0.0,0.0,,,,0.0,0.0,0.0,2022-10-25,,,"EL CMGRD reporte inundaciones en varios sectores a causa de las tormentas eléctricas como el el sector el Palenque, vía a Chimitá, Creciente del rio de Oro y Rio Tona en el sector Café Madrid, algunas familias ubicadas en zonas inestables evacuadas de manera preventiva",2022-10-01,0.0,10.0,0.0,True,Responded to,Thunderstorms,Heavy rainfall,Fire Department Oficiales of Bucaramanga,CDMB Environmental Authority,Bucaramanga,Urban,Zona Norte,Not reported,Not reported,False,,hydrometeorological,Hydrometeorological,Housing damage recorded
2022 Oct 25 12:00:00 AM,ATENDIDO,2022-10-25T00:00:00.000,TORMENTAS ELECTRICAS,FUERTES LLUVIAS,CMGRD DE PIEDECUESTA,CDMB,PIEDECUESTA,RURAL,QUEBRADA LA GRANDE Y RIO DE ORO,0,0.0,0.0,0,1.0,0.0,0.0,0.0,,,,0.0,0.0,0.0,2022-10-25T00:00:00.000,,,"EL CMGRD reporta tormentas eléctricas que causa creciente desbordamiento de la cañada la Mata, causa afectación en la movilidad hacia la capital del departamento, Creciente súbita de la quebrada La Grande, Creciente súbita rio Hato, Creciente súbita rio de Oro, se mantiene el monitoreo permanente de las quebradas y ríos",REPORTE_DE_EVENTOS_POR_DESASTRES_NATURALES_Y_ANTRÓPICOS_(Histórico)_20260415.csv,EVT00598,2022-10-25,ATENDIDO,2022-10-25,TORMENTAS ELECTRICAS,FUERTES LLUVIAS,CMGRD DE PIEDECUESTA,CDMB,PIEDECUESTA,RURAL,QUEBRADA LA GRANDE Y RIO DE ORO,0.0,0.0,0.0,0,1.0,0.0,0.0,0.0,,,,0.0,0.0,0.0,2022-10-25,,,"EL CMGRD reporta tormentas eléctricas que causa creciente desbordamiento de la cañada la Mata, causa afectación en la movilidad hacia la capital del departamento, Creciente súbita de la quebrada La Grande, Creciente súbita rio Hato, Creciente súbita rio de Oro, se mantiene el monitoreo permanente de las quebradas y ríos",2022-10-01,0.0,0.0,1.0,True,Responded to,Thunderstorms,Heavy rainfall,Municipal Disaster Risk Management Council of Piedecuesta,CDMB Environmental Authority,Piedecuesta,Rural,Quebrada the Grande and Rio of Oro,Not reported,Not reported,False,,hydrometeorological,Hydrometeorological,Infrastructure damage recorded
2022 Oct 25 12:00:00 AM,ATENDIDO,2022-10-25T00:00:00.000,TORMENTAS ELECTRICAS,FUERTES LLUVIAS,CMGRD DE FLORIDABLANCA,CDMB,FLORIDABLANCA,URBANO Y RURAL,"barrio la Cumbre, barrio El Carmen, vía hacia Acapulco y Ruitoque, barrio Bucarica",5,0.0,5.0,0,1.0,0.0,0.0,0.0,,,,0.0,0.0,0.0,2022-10-25T00:00:00.000,,,"La CMGRD reporta diferentes novedades a causa de las fuertes lluvias en varios sectores así: barrio la Cumbre, barrio El Carmen, vía hacia Acapulco y Ruitoque, barrio Bucarica. Caída de rocas, caída de árboles, desprendimiento de taludes, especial atención vía a Ruitoque bajo sector Parapente. Deslizamiento en el sector Asovisur 1 Creciente de la cañada la Ruitoca afecta la movilidad hacia Acapulco.",REPORTE_DE_EVENTOS_POR_DESASTRES_NATURALES_Y_ANTRÓPICOS_(Histórico)_20260415.csv,EVT00599,2022-10-25,ATENDIDO,2022-10-25,TORMENTAS ELECTRICAS,FUERTES LLUVIAS,CMGRD DE FLORIDABLANCA,CDMB,FLORIDABLANCA,URBANO Y RURAL,"barrio la Cumbre, barrio El Carmen, vía hacia Acapulco y Ruitoque, barrio Bucarica",5.0,0.0,5.0,0,1.0,0.0,0.0,0.0,,,,0.0,0.0,0.0,2022-10-25,,,"La CMGRD reporta diferentes novedades a causa de las fuertes lluvias en varios sectores así: barrio la Cumbre, barrio El Carmen, vía hacia Acapulco y Ruitoque, barrio Bucarica. Caída de rocas, caída de árboles, desprendimiento de taludes, especial atención vía a Ruitoque bajo sector Parapente. Deslizamiento en el sector Asovisur 1 Creciente de la cañada la Ruitoca afecta la movilidad hacia Acapulco.",2022-10-01,0.0,5.0,1.0,True,Responded to,Thunderstorms,Heavy rainfall,Municipal Disaster Risk Management Council of Floridablanca,CDMB Environmental Authority,Floridablanca,Urban and rural,Neighborhood the Cumbre Neighborhood the Carmen Road Hacia Acapulco and Ruitoque Neighborhood Bucarica,Not reported,Not reported,False,,hydrometeorological,Hydrometeorological,Housing damage recorded
2022 Oct 26 12:00:00 AM,ATENDIDO,2022-10-26T00:00:00.000,INUNDACIONES,FUERTES LLUVIAS,CMGRD DE CIMITARRA,CAS,CIMITARRA,RURAL,CORREGIMIENTO PUERTO ARAUJO Y VEREDA EL VALIENTE,350,0.0,350.0,0,0.0,0.0,1.0,0.0,,,,0.0,0.0,0.0,2022-10-26T00:00:00.000,,,"El CMGRD reporta desbordamiento del rio Carare a la altura del corregimiento Puerto Araujo, se adelanta el censo de familias afectadas y la evaluación de daños y análisis de necesidades EDAN 350 familias en zonas de riesgo, una escuela afectada en el sector el Valiente, perdida de cultivos de yuca, plátano, palma de aceite",REPORTE_DE_EVENTOS_POR_DESASTRES_NATURALES_Y_ANTRÓPICOS_(Histórico)_20260415.csv,EVT00600,2022-10-26,ATENDIDO,2022-10-26,INUNDACIONES,FUERTES LLUVIAS,CMGRD DE CIMITARRA,CAS,CIMITARRA,RURAL,CORREGIMIENTO PUERTO ARAUJO Y VEREDA EL VALIENTE,350.0,0.0,350.0,0,0.0,0.0,1.0,0.0,,,,0.0,0.0,0.0,2022-10-26,,,"El CMGRD reporta desbordamiento del rio Carare a la altura del corregimiento Puerto Araujo, se adelanta el censo de familias afectadas y la evaluación de daños y análisis de necesidades EDAN 350 familias en zonas de riesgo, una escuela afectada en el sector el Valiente, perdida de cultivos de yuca, plátano, palma de aceite",2022-10-01,0.0,350.0,1.0,True,Responded to,Floods,Heavy rainfall,Municipal Disaster Risk Management Council of Cimitarra,CAS Environmental Authority,Cimitarra,Rural,Township Puerto Araujo and Rural Hamlet the Valiente,Not reported,Not reported,False,,hydrometeorological,Hydrometeorological,Housing damage recorded
2022 Oct 26 12:00:00 AM,ATENDIDO,2022-10-26T00:00:00.000,INUNDACIONES,FUERTES LLUVIAS,CMGRD DE RIONEGRO,CDMB,RIONEGRO,RURAL,BAJO RIONEGRO SECTOR EL TALADRO SAN RAFAEL,50,0.0,50.0,0,0.0,0.0,0.0,0.0,,,,0.0,0.0,0.0,2022-10-26T00:00:00.000,,,"El CMGRD reporta desbordamiento del rio Lebrija en el bajo Rionegro sector el Taladro y corregimientos San Rafael, la Tigra y Papayal, afectación principalmente en pastizales y perdida de cultivos de plátano, yuca, guanábana, papaya",REPORTE_DE_EVENTOS_POR_DESASTRES_NATURALES_Y_ANTRÓPICOS_(Histórico)_20260415.csv,EVT00601,2022-10-26,ATENDIDO,2022-10-26,INUNDACIONES,FUERTES LLUVIAS,CMGRD DE RIONEGRO,CDMB,RIONEGRO,RURAL,BAJO RIONEGRO SECTOR EL TALADRO SAN RAFAEL,50.0,0.0,50.0,0,0.0,0.0,0.0,0.0,,,,0.0,0.0,0.0,2022-10-26,,,"El CMGRD reporta desbordamiento del rio Lebrija en el bajo Rionegro sector el Taladro y corregimientos San Rafael, la Tigra y Papayal, afectación principalmente en pastizales y perdida de cultivos de plátano, yuca, guanábana, papaya",2022-10-01,0.0,50.0,0.0,True,Responded to,Floods,Heavy rainfall,Municipal Disaster Risk Management Council of Rionegro,CDMB Environmental Authority,Rionegro,Rural,Bajo Rionegro Sector the Taladro San Rafael,Not reported,Not reported,False,,hydrometeorological,Hydrometeorological,Housing damage recorded
2022 Oct 27 12:00:00 AM,ATENDIDO,2022-10-27T00:00:00.000,MOVIMIENTO EN MASA,DESLIZAMIENTOS,CMGRD DE PIEDECUESTA,CDMB,PIEDECUESTA,RURAL,VIA LOS CUROS - MALAGA VEREDA CARTAGENA,0,0.0,0.0,0,1.0,0.0,0.0,0.0,,,,0.0,0.0,0.0,2022-10-27T00:00:00.000,,,"EL CMGRD reporta cierre total de la vía los Curos - Mlaga a por hundimiento y perdida de la banca en la vereda Cartagena, se coordina con el INVIAS el desplazamiento de maquinara para rehabilitar el paso, 12 municipios incomunicados",REPORTE_DE_EVENTOS_POR_DESASTRES_NATURALES_Y_ANTRÓPICOS_(Histórico)_20260415.csv,EVT00602,2022-10-27,ATENDIDO,2022-10-27,MOVIMIENTO EN MASA,DESLIZAMIENTOS,CMGRD DE PIEDECUESTA,CDMB,PIEDECUESTA,RURAL,VIA LOS CUROS - MALAGA VEREDA CARTAGENA,0.0,0.0,0.0,0,1.0,0.0,0.0,0.0,,,,0.0,0.0,0.0,2022-10-27,,,"EL CMGRD reporta cierre total de la vía los Curos - Mlaga a por hundimiento y perdida de la banca en la vereda Cartagena, se coordina con el INVIAS el desplazamiento de maquinara para rehabilitar el paso, 12 municipios incomunicados",2022-10-01,0.0,0.0,1.0,True,Responded to,Mass movement,Landslides,Municipal Disaster Risk Management Council of Piedecuesta,CDMB Environmental Authority,Piedecuesta,Rural,Road Los Curos - Malaga Rural Hamlet Cartagena,Not reported,Not reported,False,,geophysical,Geophysical,Infrastructure damage recorded
2022 Oct 27 12:00:00 AM,ATENDIDO,2022-10-27T00:00:00.000,MOVIMIENTO EN MASA,CAIDA DE ROCAS,CMGRD DE LANDAZURI,CAS,LANDAZURI,RURAL,VIA TRONCAL DEL CARARE KM 6,0,0.0,0.0,0,1.0,0.0,0.0,0.0,,,,0.0,0.0,1.0,2022-10-27T00:00:00.000,,,"el CMGRD reporta cierre total de la vía Troncal del Carare a la altura del km 6 via hacia Cimitarra, por deslizamiento y caida de rocas, un conductor de volqueta que transitaba por el sector, perdio la vida en el deslizamiento, nombre del occiso felirto Lozada de 28 años",REPORTE_DE_EVENTOS_POR_DESASTRES_NATURALES_Y_ANTRÓPICOS_(Histórico)_20260415.csv,EVT00603,2022-10-27,ATENDIDO,2022-10-27,MOVIMIENTO EN MASA,CAIDA DE ROCAS,CMGRD DE LANDAZURI,CAS,LANDAZURI,RURAL,VIA TRONCAL DEL CARARE KM 6,0.0,0.0,0.0,0,1.0,0.0,0.0,0.0,,,,0.0,0.0,1.0,2022-10-27,,,"el CMGRD reporta cierre total de la vía Troncal del Carare a la altura del km 6 via hacia Cimitarra, por deslizamiento y caida de rocas, un conductor de volqueta que transitaba por el sector, perdio la vida en el deslizamiento, nombre del occiso felirto Lozada de 28 años",2022-10-01,1.0,0.0,1.0,True,Responded to,Mass movement,Rockfall,Municipal Disaster Risk Management Council of Landazuri,CAS Environmental Authority,Landazuri,Rural,Road Troncal of the Carare Km 6,Not reported,Not reported,False,,geophysical,Geophysical,Human impact recorded
2022 Oct 27 12:00:00 AM,ATENDIDO,2022-10-27T00:00:00.000,INUNDACIONES,FUERTES LLUVIAS,CMGRD DE PUERTO PARRA,CAS,PUERTO PARRA,RURAL,VERA LAS MONTUYAS Y CIENAGA DEL CHUCURI,60,0.0,60.0,0,0.0,0.0,0.0,0.0,,,,0.0,0.0,0.0,2022-10-27T00:00:00.000,,,"el CMGRD reporta del desbordamiento del rio carare, se evacuan 4 familias al casco urbano, se adelantan los EDAN mas de 50 familias afectadas por las inundaciones",REPORTE_DE_EVENTOS_POR_DESASTRES_NATURALES_Y_ANTRÓPICOS_(Histórico)_20260415.csv,EVT00604,2022-10-27,ATENDIDO,2022-10-27,INUNDACIONES,FUERTES LLUVIAS,CMGRD DE PUERTO PARRA,CAS,PUERTO PARRA,RURAL,VERA LAS MONTUYAS Y CIENAGA DEL CHUCURI,60.0,0.0,60.0,0,0.0,0.0,0.0,0.0,,,,0.0,0.0,0.0,2022-10-27,,,"el CMGRD reporta del desbordamiento del rio carare, se evacuan 4 familias al casco urbano, se adelantan los EDAN mas de 50 familias afectadas por las inundaciones",2022-10-01,0.0,60.0,0.0,True,Responded to,Floods,Heavy rainfall,Municipal Disaster Risk Management Council of Puerto Parra,CAS Environmental Authority,Puerto Parra,Rural,Vera Las Montuyas and Cienaga of the Chucuri,Not reported,Not reported,False,,hydrometeorological,Hydrometeorological,Housing damage recorded
2022 Nov 01 12:00:00 AM,ATENDIDO,2022-11-01T00:00:00.000,CRECIENTE SUBITA,FUERTES LLUVIAS,CMGRD DE GAMBITA,CAS,GAMBITA,RURAL,RIO HUERTAS,14,0.0,14.0,0,0.0,0.0,0.0,0.0,,,,0.0,0.0,0.0,2022-11-01T00:00:00.000,,,"El CMGRD reporta creciente súbita del río Huertas en el sector san Emigdio, causando afectación a un puente peatonal dejando 14 familias incomunicadas, se coordina la visita técnica para verificar otras afectaciones.",REPORTE_DE_EVENTOS_POR_DESASTRES_NATURALES_Y_ANTRÓPICOS_(Histórico)_20260415.csv,EVT00605,2022-11-01,ATENDIDO,2022-11-01,CRECIENTE SUBITA,FUERTES LLUVIAS,CMGRD DE GAMBITA,CAS,GAMBITA,RURAL,RIO HUERTAS,14.0,0.0,14.0,0,0.0,0.0,0.0,0.0,,,,0.0,0.0,0.0,2022-11-01,,,"El CMGRD reporta creciente súbita del río Huertas en el sector san Emigdio, causando afectación a un puente peatonal dejando 14 familias incomunicadas, se coordina la visita técnica para verificar otras afectaciones.",2022-11-01,0.0,14.0,0.0,True,Responded to,Flash flood,Heavy rainfall,Municipal Disaster Risk Management Council of Gambita,CAS Environmental Authority,Gambita,Rural,Rio Huertas,Not reported,Not reported,False,,hydrometeorological,Hydrometeorological,Housing damage recorded
2022 Nov 02 12:00:00 AM,ATENDIDO,2022-11-02T00:00:00.000,CRECIENTE SUBITA,FUERTES LLUVIAS,CMGRD DE GIRON,CDMB,GIRON,RURAL,CORREGIMIENTO ACAPULCO,0,0.0,0.0,0,1.0,0.0,0.0,0.0,,,,0.0,0.0,0.0,2022-11-02T00:00:00.000,,,"El CMGRD reporta creciente súbita de las quebradas la Ruitoca y la Hormiga y deslizamientos en la vía que conduce hacia el corregimiento Acapulco a causa de las lluvias, bomberos de Floridablanca realizan la prevención y se coordina traslado de maquinaria amarilla para habilitar el paso.",REPORTE_DE_EVENTOS_POR_DESASTRES_NATURALES_Y_ANTRÓPICOS_(Histórico)_20260415.csv,EVT00606,2022-11-02,ATENDIDO,2022-11-02,CRECIENTE SUBITA,FUERTES LLUVIAS,CMGRD DE GIRON,CDMB,GIRON,RURAL,CORREGIMIENTO ACAPULCO,0.0,0.0,0.0,0,1.0,0.0,0.0,0.0,,,,0.0,0.0,0.0,2022-11-02,,,"El CMGRD reporta creciente súbita de las quebradas la Ruitoca y la Hormiga y deslizamientos en la vía que conduce hacia el corregimiento Acapulco a causa de las lluvias, bomberos de Floridablanca realizan la prevención y se coordina traslado de maquinaria amarilla para habilitar el paso.",2022-11-01,0.0,0.0,1.0,True,Responded to,Flash flood,Heavy rainfall,Municipal Disaster Risk Management Council of Giron,CDMB Environmental Authority,Giron,Rural,Township Acapulco,Not reported,Not reported,False,,hydrometeorological,Hydrometeorological,Infrastructure damage recorded
2022 Nov 02 12:00:00 AM,ATENDIDO,2022-11-02T00:00:00.000,CRECIENTE SUBITA,FUERTES LLUVIAS,CMGRD DE MOGOTES,CAS,MOGOTES,RURAL,VEREDA EL ARENAS,12,0.0,12.0,0,0.0,0.0,0.0,0.0,,,,0.0,0.0,0.0,2022-11-02T00:00:00.000,,,"EL CMGRD reporta creciente súbita de las quebradas la Arrollona y la quebrada Guayaguata, ésta se desbordó en la vereda Arenal sector Arrayanales, afectando 12 viviendas, se realizan los EDAN por el COMGRD, atendió bomberos del municipio",REPORTE_DE_EVENTOS_POR_DESASTRES_NATURALES_Y_ANTRÓPICOS_(Histórico)_20260415.csv,EVT00607,2022-11-02,ATENDIDO,2022-11-02,CRECIENTE SUBITA,FUERTES LLUVIAS,CMGRD DE MOGOTES,CAS,MOGOTES,RURAL,VEREDA EL ARENAS,12.0,0.0,12.0,0,0.0,0.0,0.0,0.0,,,,0.0,0.0,0.0,2022-11-02,,,"EL CMGRD reporta creciente súbita de las quebradas la Arrollona y la quebrada Guayaguata, ésta se desbordó en la vereda Arenal sector Arrayanales, afectando 12 viviendas, se realizan los EDAN por el COMGRD, atendió bomberos del municipio",2022-11-01,0.0,12.0,0.0,True,Responded to,Flash flood,Heavy rainfall,Municipal Disaster Risk Management Council of Mogotes,CAS Environmental Authority,Mogotes,Rural,Rural Hamlet the Arenas,Not reported,Not reported,False,,hydrometeorological,Hydrometeorological,Housing damage recorded
2022 Nov 04 12:00:00 AM,ATENDIDO,2022-11-04T00:00:00.000,AVENIDA TORRENCIAL,FUERTES LLUVIAS,CMGRD DE MACARAVITA,CAS,MACARAVITA,RURAL,VEREDAS EL JUNCAL Y HUERTAS,4,0.0,4.0,0,2.0,3.0,0.0,0.0,,,,0.0,0.0,0.0,2022-11-04T00:00:00.000,,,"el CMGRD reporta fuertes lluvias y avenida torrencial de la quebrada Humaletana  el salado dejando tres puentes afectados y cierre de la via hacia Capitanejo, se deja como ruta altesna la vía por San Miguel, varios cultivos afectados y viviendas con daños",REPORTE_DE_EVENTOS_POR_DESASTRES_NATURALES_Y_ANTRÓPICOS_(Histórico)_20260415.csv,EVT00608,2022-11-04,ATENDIDO,2022-11-04,AVENIDA TORRENCIAL,FUERTES LLUVIAS,CMGRD DE MACARAVITA,CAS,MACARAVITA,RURAL,VEREDAS EL JUNCAL Y HUERTAS,4.0,0.0,4.0,0,2.0,3.0,0.0,0.0,,,,0.0,0.0,0.0,2022-11-04,,,"el CMGRD reporta fuertes lluvias y avenida torrencial de la quebrada Humaletana el salado dejando tres puentes afectados y cierre de la via hacia Capitanejo, se deja como ruta altesna la vía por San Miguel, varios cultivos afectados y viviendas con daños",2022-11-01,0.0,4.0,5.0,True,Responded to,Torrential flash flood,Heavy rainfall,Municipal Disaster Risk Management Council of Macaravita,CAS Environmental Authority,Macaravita,Rural,Veredas the Juncal and Huertas,Not reported,Not reported,False,,hydrometeorological,Hydrometeorological,Housing damage recorded
2022 Nov 04 12:00:00 AM,ATENDIDO,2022-11-04T00:00:00.000,CRECIENTE SUBITA,FUERTES LLUVIAS,CMGRD DE CONCEPCION,CAS,CONCEPCION,RURAL,VEREDA MANARIA,2,0.0,2.0,0,0.0,0.0,0.0,0.0,,,,0.0,0.0,0.0,2022-11-04T00:00:00.000,,,"El CMGRD reporta El desbordamiento de la quebrada Manaria deja dos viviendas afectadas con pérdida de enceres y muebles, atienden bomberos del municipio",REPORTE_DE_EVENTOS_POR_DESASTRES_NATURALES_Y_ANTRÓPICOS_(Histórico)_20260415.csv,EVT00609,2022-11-04,ATENDIDO,2022-11-04,CRECIENTE SUBITA,FUERTES LLUVIAS,CMGRD DE CONCEPCION,CAS,CONCEPCION,RURAL,VEREDA MANARIA,2.0,0.0,2.0,0,0.0,0.0,0.0,0.0,,,,0.0,0.0,0.0,2022-11-04,,,"El CMGRD reporta El desbordamiento de la quebrada Manaria deja dos viviendas afectadas con pérdida de enceres y muebles, atienden bomberos del municipio",2022-11-01,0.0,2.0,0.0,True,Responded to,Flash flood,Heavy rainfall,Municipal Disaster Risk Management Council of Concepcion,CAS Environmental Authority,Concepcion,Rural,Rural Hamlet Manaria,Not reported,Not reported,False,,hydrometeorological,Hydrometeorological,Housing damage recorded
2022 Nov 06 12:00:00 AM,ATENDIDO,2022-12-13T00:00:00.000,CRECIENTE SUBITA,FUERTES LLUVIAS,CMGRD DE PIEDECUESTA,CDMB,PIEDECUESTA,URBANO Y RURAL,VEREDA PLANADAS Y SEVILLA,100,14.0,80.0,2,6.0,1.0,0.0,0.0,,,,3.0,0.0,0.0,2022-11-06T00:00:00.000,,,"el CMGRD  de Piedecuesta reporta creciente subita del rio de Oro que generó daños en el acueducto municipal dejando mas de 180,000 habitantes sin aguia, 10 veredas incomunicadas por deslizamientos, mas de 100 familias afectadas, pedridas de cultivos de papa, cebolla, mora, pastizales, se adelantan los EDAN Y se coordina maquinaria para ceruperar las areas afectadas, atiende CMGRD bomberos y defensa civil, apoyo del ejercito nacional y policia",REPORTE_DE_EVENTOS_POR_DESASTRES_NATURALES_Y_ANTRÓPICOS_(Histórico)_20260415.csv,EVT00610,2022-11-06,ATENDIDO,2022-12-13,CRECIENTE SUBITA,FUERTES LLUVIAS,CMGRD DE PIEDECUESTA,CDMB,PIEDECUESTA,URBANO Y RURAL,VEREDA PLANADAS Y SEVILLA,100.0,14.0,80.0,2,6.0,1.0,0.0,0.0,,,,3.0,0.0,0.0,2022-11-06,,,"el CMGRD de Piedecuesta reporta creciente subita del rio de Oro que generó daños en el acueducto municipal dejando mas de 180,000 habitantes sin aguia, 10 veredas incomunicadas por deslizamientos, mas de 100 familias afectadas, pedridas de cultivos de papa, cebolla, mora, pastizales, se adelantan los EDAN Y se coordina maquinaria para ceruperar las areas afectadas, atiende CMGRD bomberos y defensa civil, apoyo del ejercito nacional y policia",2022-11-01,3.0,94.0,9.0,True,Responded to,Flash flood,Heavy rainfall,Municipal Disaster Risk Management Council of Piedecuesta,CDMB Environmental Authority,Piedecuesta,Urban and rural,Rural Hamlet Planadas and Sevilla,Not reported,Not reported,False,,hydrometeorological,Hydrometeorological,Human impact recorded
2022 Nov 06 12:00:00 AM,ATENDIDO,2022-11-06T00:00:00.000,INUNDACIONES,FUERTES LLUVIAS,CMGRD DE CAPITANEJO,CAS,CAPITANEJO,URBANO,BERRIOS EL CENTRO Y SAGRADO CORAZON,10,0.0,10.0,0,0.0,0.0,0.0,0.0,,,,0.0,0.0,0.0,2022-11-06T00:00:00.000,,,"el CMGRD de capitanejo reporta colapso del alcantarillado a causa de las fuertes lluvias , se adelantan los EDAN po ahora reporta 10 vienedas afectadas,",REPORTE_DE_EVENTOS_POR_DESASTRES_NATURALES_Y_ANTRÓPICOS_(Histórico)_20260415.csv,EVT00611,2022-11-06,ATENDIDO,2022-11-06,INUNDACIONES,FUERTES LLUVIAS,CMGRD DE CAPITANEJO,CAS,CAPITANEJO,URBANO,BERRIOS EL CENTRO Y SAGRADO CORAZON,10.0,0.0,10.0,0,0.0,0.0,0.0,0.0,,,,0.0,0.0,0.0,2022-11-06,,,"el CMGRD de capitanejo reporta colapso del alcantarillado a causa de las fuertes lluvias , se adelantan los EDAN po ahora reporta 10 vienedas afectadas,",2022-11-01,0.0,10.0,0.0,True,Responded to,Floods,Heavy rainfall,Municipal Disaster Risk Management Council of Capitanejo,CAS Environmental Authority,Capitanejo,Urban,Berrios the Centro and Sagrado Corazon,Not reported,Not reported,False,,hydrometeorological,Hydrometeorological,Housing damage recorded
2022 Nov 07 12:00:00 AM,ATENDIDO,2022-11-07T00:00:00.000,CRECIENTE SUBITA,FUERTES LLUVIAS,CMGRD DE CEPITA,CAS,CEPITA,RURAL,VEREDA SAN MIGUEL,0,0.0,0.0,0,0.0,1.0,0.0,0.0,,,,0.0,0.0,0.0,2022-11-07T00:00:00.000,,,el CMGRD  reporta creciente subita del rio Chicamocha que causa debilitamiento del puente peatonal en la vereda San Miguel y deja incomunicadas mas de 100 familias con el municipio de Aratoca y Curití,REPORTE_DE_EVENTOS_POR_DESASTRES_NATURALES_Y_ANTRÓPICOS_(Histórico)_20260415.csv,EVT00612,2022-11-07,ATENDIDO,2022-11-07,CRECIENTE SUBITA,FUERTES LLUVIAS,CMGRD DE CEPITA,CAS,CEPITA,RURAL,VEREDA SAN MIGUEL,0.0,0.0,0.0,0,0.0,1.0,0.0,0.0,,,,0.0,0.0,0.0,2022-11-07,,,el CMGRD reporta creciente subita del rio Chicamocha que causa debilitamiento del puente peatonal en la vereda San Miguel y deja incomunicadas mas de 100 familias con el municipio de Aratoca y Curití,2022-11-01,0.0,0.0,1.0,True,Responded to,Flash flood,Heavy rainfall,Municipal Disaster Risk Management Council of Cepita,CAS Environmental Authority,Cepita,Rural,Rural Hamlet San Miguel,Not reported,Not reported,False,,hydrometeorological,Hydrometeorological,Infrastructure damage recorded
2022 Nov 12 12:00:00 AM,ATENDIDO,2022-11-12T00:00:00.000,DESLIZAMIENTOS,FUERTES LLUVIAS,CMGRD DEL PLAYON,CDMB,EL PLAYON,RURAL,CORREGIMIENTO BARRIO NUEVO,12,2.0,10.0,0,1.0,0.0,0.0,0.0,,,,0.0,0.0,0.0,2022-11-12T00:00:00.000,,,"El CMGRD reporta deslizamientos en el corregimiento Barrio Nuevo, 10 viviendas afectadas, 2 viviendas evacuadas, cierre de la vía nacional hacia la costa atlántica, atiende defensa civil e INVIAS.",REPORTE_DE_EVENTOS_POR_DESASTRES_NATURALES_Y_ANTRÓPICOS_(Histórico)_20260415.csv,EVT00613,2022-11-12,ATENDIDO,2022-11-12,DESLIZAMIENTOS,FUERTES LLUVIAS,CMGRD DEL PLAYON,CDMB,EL PLAYON,RURAL,CORREGIMIENTO BARRIO NUEVO,12.0,2.0,10.0,0,1.0,0.0,0.0,0.0,,,,0.0,0.0,0.0,2022-11-12,,,"El CMGRD reporta deslizamientos en el corregimiento Barrio Nuevo, 10 viviendas afectadas, 2 viviendas evacuadas, cierre de la vía nacional hacia la costa atlántica, atiende defensa civil e INVIAS.",2022-11-01,0.0,12.0,1.0,True,Responded to,Landslides,Heavy rainfall,Municipal Disaster Risk Management Council of the Playon,CDMB Environmental Authority,El Playon,Rural,Township Neighborhood Nuevo,Not reported,Not reported,False,,geophysical,Geophysical,Housing damage recorded
2022 Nov 12 12:00:00 AM,ATENDIDO,2022-11-12T00:00:00.000,TORMENTAS ELECTRICAS,FUERTES LLUVIAS,CMGRD DE RIONEGRO,CDMB,RIONEGRO,RURAL,VIA A SANTA CRUZ DE LA COLINA,36,4.0,32.0,0,4.0,0.0,0.0,0.0,,,,0.0,0.0,0.0,2022-10-12T00:00:00.000,,,"El CMGRD reporta fuertes lluvias que causa Deslizamientos, caída de árboles, caída da rocas en las vereda el Paujil, vía al corregimiento Santa Cruz de la Colina 36 viviendas afectadas, 2 viviendas evacuadas",REPORTE_DE_EVENTOS_POR_DESASTRES_NATURALES_Y_ANTRÓPICOS_(Histórico)_20260415.csv,EVT00614,2022-11-12,ATENDIDO,2022-11-12,TORMENTAS ELECTRICAS,FUERTES LLUVIAS,CMGRD DE RIONEGRO,CDMB,RIONEGRO,RURAL,VIA A SANTA CRUZ DE LA COLINA,36.0,4.0,32.0,0,4.0,0.0,0.0,0.0,,,,0.0,0.0,0.0,2022-10-12,,,"El CMGRD reporta fuertes lluvias que causa Deslizamientos, caída de árboles, caída da rocas en las vereda el Paujil, vía al corregimiento Santa Cruz de la Colina 36 viviendas afectadas, 2 viviendas evacuadas",2022-11-01,0.0,36.0,4.0,True,Responded to,Thunderstorms,Heavy rainfall,Municipal Disaster Risk Management Council of Rionegro,CDMB Environmental Authority,Rionegro,Rural,Road A Santa Cruz of the Colina,Not reported,Not reported,False,,hydrometeorological,Hydrometeorological,Housing damage recorded
2022 Nov 13 12:00:00 AM,ATENDIDO,2022-11-13T00:00:00.000,DESLIZAMIENTOS,FUERTES LLUVIAS,CMGRD DE MATANZA,CDMB,MATANZA,RURAL,VIA BUCARAMANGA -  MATANZA,0,0.0,0.0,0,2.0,0.0,0.0,0.0,,,,0.0,0.0,0.0,2022-11-13T00:00:00.000,,,"El CMGRD reporta Deslizamientos, caída de árboles, caída da rocas en el sector el Tanque, esta causa cierre de la vía desde Bucaramanga hacia la provincia de Soto Norte, varios vehículos resultaron afectados y atrapados entre deslizamientos, Atiende: bomberos, CMGRD realizan los EDAN, se coordina maquinaria amarilla para rehabilitar las vías",REPORTE_DE_EVENTOS_POR_DESASTRES_NATURALES_Y_ANTRÓPICOS_(Histórico)_20260415.csv,EVT00615,2022-11-13,ATENDIDO,2022-11-13,DESLIZAMIENTOS,FUERTES LLUVIAS,CMGRD DE MATANZA,CDMB,MATANZA,RURAL,VIA BUCARAMANGA - MATANZA,0.0,0.0,0.0,0,2.0,0.0,0.0,0.0,,,,0.0,0.0,0.0,2022-11-13,,,"El CMGRD reporta Deslizamientos, caída de árboles, caída da rocas en el sector el Tanque, esta causa cierre de la vía desde Bucaramanga hacia la provincia de Soto Norte, varios vehículos resultaron afectados y atrapados entre deslizamientos, Atiende: bomberos, CMGRD realizan los EDAN, se coordina maquinaria amarilla para rehabilitar las vías",2022-11-01,0.0,0.0,2.0,True,Responded to,Landslides,Heavy rainfall,Municipal Disaster Risk Management Council of Matanza,CDMB Environmental Authority,Matanza,Rural,Road Bucaramanga - Matanza,Not reported,Not reported,False,,geophysical,Geophysical,Infrastructure damage recorded
2022 Nov 13 12:00:00 AM,ATENDIDO,2022-11-13T00:00:00.000,DESLIZAMIENTOS,FUERTES LLUVIAS,CMGRD DE GUACA,CAS,GUACA,RURAL,VEREDA EL RETIRO,10,2.0,8.0,0,1.0,0.0,0.0,0.0,,,,0.0,0.0,0.0,2022-11-13T00:00:00.000,,,"El CMGRD reporta fenómenos de remoción en masa en la vereda el Retiro, causa afectaciones en al menos 10 viviendas, perdida de cultivos de maíz, frijol, cebolla, se adelantan los EDAN atiende la defensa civil",REPORTE_DE_EVENTOS_POR_DESASTRES_NATURALES_Y_ANTRÓPICOS_(Histórico)_20260415.csv,EVT00616,2022-11-13,ATENDIDO,2022-11-13,DESLIZAMIENTOS,FUERTES LLUVIAS,CMGRD DE GUACA,CAS,GUACA,RURAL,VEREDA EL RETIRO,10.0,2.0,8.0,0,1.0,0.0,0.0,0.0,,,,0.0,0.0,0.0,2022-11-13,,,"El CMGRD reporta fenómenos de remoción en masa en la vereda el Retiro, causa afectaciones en al menos 10 viviendas, perdida de cultivos de maíz, frijol, cebolla, se adelantan los EDAN atiende la defensa civil",2022-11-01,0.0,10.0,1.0,True,Responded to,Landslides,Heavy rainfall,Municipal Disaster Risk Management Council of Guaca,CAS Environmental Authority,Guaca,Rural,Rural Hamlet the Retiro,Not reported,Not reported,False,,geophysical,Geophysical,Housing damage recorded
2022 Nov 13 12:00:00 AM,ATENDIDO,2022-11-13T00:00:00.000,CRECIENTE SUBITA,FUERTES LLUVIAS,CMGRD DE LANDAZURI,CAS,LANDAZURI,RURAL,CORREGIMIENTO LA INDIA,100,0.0,100.0,0,0.0,0.0,0.0,0.0,,,,0.0,0.0,0.0,2022-11-13T00:00:00.000,,,"El CMGRD reporta desbordamiento del rio Carare a la altura del corregimiento la India, más de 100 familias afectadas, pérdida de cultivos de yuca, plátano y palma de aceite se coordina reubicación de varias familias y se realizan los EDAN",REPORTE_DE_EVENTOS_POR_DESASTRES_NATURALES_Y_ANTRÓPICOS_(Histórico)_20260415.csv,EVT00617,2022-11-13,ATENDIDO,2022-11-13,CRECIENTE SUBITA,FUERTES LLUVIAS,CMGRD DE LANDAZURI,CAS,LANDAZURI,RURAL,CORREGIMIENTO LA INDIA,100.0,0.0,100.0,0,0.0,0.0,0.0,0.0,,,,0.0,0.0,0.0,2022-11-13,,,"El CMGRD reporta desbordamiento del rio Carare a la altura del corregimiento la India, más de 100 familias afectadas, pérdida de cultivos de yuca, plátano y palma de aceite se coordina reubicación de varias familias y se realizan los EDAN",2022-11-01,0.0,100.0,0.0,True,Responded to,Flash flood,Heavy rainfall,Municipal Disaster Risk Management Council of Landazuri,CAS Environmental Authority,Landazuri,Rural,Township the India,Not reported,Not reported,False,,hydrometeorological,Hydrometeorological,Housing damage recorded
2023 Apr 18 12:00:00 AM,ATENDIDO,2023-04-18T00:00:00.000,VENDAVAL,FUERTES LLUVIAS,CMGRD DE AGUADA,CAS,AGUADA,RURAL,VEREDAS SAN ANTONIO Y SAN ALBERTO,8,0.0,8.0,0,0.0,0.0,0.0,0.0,,,,0.0,0.0,0.0,2023-04-18T00:00:00.000,,,"El CMGRD reporta fuertes lluvias con vientos ligeros que causan afectación en cubiertas y techos de varias viviendas en las veredas San Antonio y San Alberto, se realizan los EDAN,",REPORTE_DE_EVENTOS_POR_DESASTRES_NATURALES_Y_ANTRÓPICOS_(Histórico)_20260415.csv,EVT00618,2023-04-18,ATENDIDO,2023-04-18,VENDAVAL,FUERTES LLUVIAS,CMGRD DE AGUADA,CAS,AGUADA,RURAL,VEREDAS SAN ANTONIO Y SAN ALBERTO,8.0,0.0,8.0,0,0.0,0.0,0.0,0.0,,,,0.0,0.0,0.0,2023-04-18,,,"El CMGRD reporta fuertes lluvias con vientos ligeros que causan afectación en cubiertas y techos de varias viviendas en las veredas San Antonio y San Alberto, se realizan los EDAN,",2023-04-01,0.0,8.0,0.0,True,Responded to,Windstorm,Heavy rainfall,Municipal Disaster Risk Management Council of Aguada,CAS Environmental Authority,Aguada,Rural,Veredas San Antonio and San Alberto,Not reported,Not reported,False,,hydrometeorological,Hydrometeorological,Housing damage recorded
2022 Nov 13 12:00:00 AM,ATENDIDO,2022-11-13T00:00:00.000,CRECIENTE SUBITA,FUERTES LLUVIAS,CMGRD DE CIMITARRA,CAS,CIMITARRA,RURAL,CORREGIMIENTO DE PUERTO ARAUJO,350,0.0,350.0,0,0.0,0.0,0.0,0.0,,,,0.0,0.0,0.0,2022-11-13T00:00:00.000,,,"El CMGRD reporta desbordamiento del rio Carare a la altura del corregimiento Puerto Araujo, más de 350 familias afectadas, pérdida de cultivos de yuca, plátano y palma de aceite y pastizales, se coordina reubicación de varias familias y se realizan los EDAN.",REPORTE_DE_EVENTOS_POR_DESASTRES_NATURALES_Y_ANTRÓPICOS_(Histórico)_20260415.csv,EVT00619,2022-11-13,ATENDIDO,2022-11-13,CRECIENTE SUBITA,FUERTES LLUVIAS,CMGRD DE CIMITARRA,CAS,CIMITARRA,RURAL,CORREGIMIENTO DE PUERTO ARAUJO,350.0,0.0,350.0,0,0.0,0.0,0.0,0.0,,,,0.0,0.0,0.0,2022-11-13,,,"El CMGRD reporta desbordamiento del rio Carare a la altura del corregimiento Puerto Araujo, más de 350 familias afectadas, pérdida de cultivos de yuca, plátano y palma de aceite y pastizales, se coordina reubicación de varias familias y se realizan los EDAN.",2022-11-01,0.0,350.0,0.0,True,Responded to,Flash flood,Heavy rainfall,Municipal Disaster Risk Management Council of Cimitarra,CAS Environmental Authority,Cimitarra,Rural,Township of Puerto Araujo,Not reported,Not reported,False,,hydrometeorological,Hydrometeorological,Housing damage recorded
2022 Nov 19 12:00:00 AM,ATENDIDO,2022-11-19T00:00:00.000,MOVIMIENTO EN MASA,DESLIZAMIENTOS,CMGRD DE BUCARAMANGA,CDMB,BUCARAMANGA,URBANO,SECTOR MIRAMANGA,16,0.0,16.0,0,0.0,0.0,0.0,0.0,,,,0.0,0.0,0.0,2022-11-19T00:00:00.000,,,"El CMGRD reporta la evacuación de 16 viviendas en el sector de Miramanga y se adelanta el monitoreo en varios sectores de Morro Rico (Cordoncillo) por deslizamientos, atienden Bomberos Oficiales y defensa civil.",REPORTE_DE_EVENTOS_POR_DESASTRES_NATURALES_Y_ANTRÓPICOS_(Histórico)_20260415.csv,EVT00620,2022-11-19,ATENDIDO,2022-11-19,MOVIMIENTO EN MASA,DESLIZAMIENTOS,CMGRD DE BUCARAMANGA,CDMB,BUCARAMANGA,URBANO,SECTOR MIRAMANGA,16.0,0.0,16.0,0,0.0,0.0,0.0,0.0,,,,0.0,0.0,0.0,2022-11-19,,,"El CMGRD reporta la evacuación de 16 viviendas en el sector de Miramanga y se adelanta el monitoreo en varios sectores de Morro Rico (Cordoncillo) por deslizamientos, atienden Bomberos Oficiales y defensa civil.",2022-11-01,0.0,16.0,0.0,True,Responded to,Mass movement,Landslides,Municipal Disaster Risk Management Council of Bucaramanga,CDMB Environmental Authority,Bucaramanga,Urban,Sector Miramanga,Not reported,Not reported,False,,geophysical,Geophysical,Housing damage recorded
2022 Nov 21 12:00:00 AM,ATENDIDO,2022-11-21T00:00:00.000,MOVIMIENTO EN MASA,DESLIZAMIENTOS,CMGRD PUENTE NACIONAL,CAS,PUENTE NACIONAL,RURAL,VIA HACIA GUAVATA,0,0.0,0.0,0,1.0,0.0,0.0,0.0,,,,0.0,0.0,0.0,2022-11-21T00:00:00.000,,,"El CMGRD reporta cierre de la vía hacia el municipio de Guavatá por deslizamientos en el sector  alto Semisa, se presenta pérdida de la banca, se realiza visita técnica para coordinar acciones de recuperación del paso.",REPORTE_DE_EVENTOS_POR_DESASTRES_NATURALES_Y_ANTRÓPICOS_(Histórico)_20260415.csv,EVT00621,2022-11-21,ATENDIDO,2022-11-21,MOVIMIENTO EN MASA,DESLIZAMIENTOS,CMGRD PUENTE NACIONAL,CAS,PUENTE NACIONAL,RURAL,VIA HACIA GUAVATA,0.0,0.0,0.0,0,1.0,0.0,0.0,0.0,,,,0.0,0.0,0.0,2022-11-21,,,"El CMGRD reporta cierre de la vía hacia el municipio de Guavatá por deslizamientos en el sector alto Semisa, se presenta pérdida de la banca, se realiza visita técnica para coordinar acciones de recuperación del paso.",2022-11-01,0.0,0.0,1.0,True,Responded to,Mass movement,Landslides,Municipal Disaster Risk Management Council Puente Nacional,CAS Environmental Authority,Puente Nacional,Rural,Road Hacia Guavata,Not reported,Not reported,False,,geophysical,Geophysical,Infrastructure damage recorded
2022 Nov 21 12:00:00 AM,ATENDIDO,2022-11-21T00:00:00.000,MOVIMIENTO EN MASA,DESLIZAMIENTOS,CMGRD DE GUACA,CAS,GUACA,RURAL,VEREDA CUPAGA,4,0.0,4.0,1,0.0,0.0,0.0,0.0,,,,0.0,0.0,0.0,2022-11-21T00:00:00.000,,,"EL CMGRD reporta fuertes lluvias que causa afectaciones en el acueducto municipal por deslizamientos en la vereda Cupagá, 4 Ffamilias afectadas por los deslizamientos",REPORTE_DE_EVENTOS_POR_DESASTRES_NATURALES_Y_ANTRÓPICOS_(Histórico)_20260415.csv,EVT00622,2022-11-21,ATENDIDO,2022-11-21,MOVIMIENTO EN MASA,DESLIZAMIENTOS,CMGRD DE GUACA,CAS,GUACA,RURAL,VEREDA CUPAGA,4.0,0.0,4.0,1,0.0,0.0,0.0,0.0,,,,0.0,0.0,0.0,2022-11-21,,,"EL CMGRD reporta fuertes lluvias que causa afectaciones en el acueducto municipal por deslizamientos en la vereda Cupagá, 4 Ffamilias afectadas por los deslizamientos",2022-11-01,0.0,4.0,1.0,True,Responded to,Mass movement,Landslides,Municipal Disaster Risk Management Council of Guaca,CAS Environmental Authority,Guaca,Rural,Rural Hamlet Cupaga,Not reported,Not reported,False,,geophysical,Geophysical,Housing damage recorded
2022 Nov 22 12:00:00 AM,ATENDIDO,2022-11-22T00:00:00.000,DESLIZAMIENTOS,DESLIZAMIENTOS,CMGRD DE CONCEPCION,CAS,CONCEPCION,RURAL,VEREDA PALACÉ,6,0.0,6.0,0,0.0,0.0,0.0,0.0,,,,0.0,0.0,0.0,2022-11-22T00:00:00.000,,,"El CMGRD reporta cinco familias afectadas por las fuertes lluvias, cierre de las vías terciarias a las vereda Palacé y Bomboná, afectación en cultivos de durazno y perdida de pastizales",REPORTE_DE_EVENTOS_POR_DESASTRES_NATURALES_Y_ANTRÓPICOS_(Histórico)_20260415.csv,EVT00623,2022-11-22,ATENDIDO,2022-11-22,DESLIZAMIENTOS,DESLIZAMIENTOS,CMGRD DE CONCEPCION,CAS,CONCEPCION,RURAL,VEREDA PALACÉ,6.0,0.0,6.0,0,0.0,0.0,0.0,0.0,,,,0.0,0.0,0.0,2022-11-22,,,"El CMGRD reporta cinco familias afectadas por las fuertes lluvias, cierre de las vías terciarias a las vereda Palacé y Bomboná, afectación en cultivos de durazno y perdida de pastizales",2022-11-01,0.0,6.0,0.0,True,Responded to,Landslides,Landslides,Municipal Disaster Risk Management Council of Concepcion,CAS Environmental Authority,Concepcion,Rural,Rural Hamlet Palace,Not reported,Not reported,False,,geophysical,Geophysical,Housing damage recorded
2022 Nov 23 12:00:00 AM,ATENDIDO,2022-11-23T00:00:00.000,CAIDA DE ROCAS,DESLIZAMIENTOS,CMGRD DE MATANZA,CDMB,MATANZA,RURAL,SECTOR PUENTE TONA,0,0.0,0.0,0,1.0,0.0,0.0,0.0,,,,0.0,0.0,1.0,2022-11-23T00:00:00.000,,,"El CMGRD reporta deslizamientos y caída de rocas en la vía secundaria sector: Puente Tona Novedad: una persona que se desplazaba en una motocicleta resulta lesionada, la cual fue trasladas en ambulancia del CRUE al hospital del norte donde fallece por la complejidad de las heridas. Datos Daniel Caballero Martínez de 58 años",REPORTE_DE_EVENTOS_POR_DESASTRES_NATURALES_Y_ANTRÓPICOS_(Histórico)_20260415.csv,EVT00624,2022-11-23,ATENDIDO,2022-11-23,CAIDA DE ROCAS,DESLIZAMIENTOS,CMGRD DE MATANZA,CDMB,MATANZA,RURAL,SECTOR PUENTE TONA,0.0,0.0,0.0,0,1.0,0.0,0.0,0.0,,,,0.0,0.0,1.0,2022-11-23,,,"El CMGRD reporta deslizamientos y caída de rocas en la vía secundaria sector: Puente Tona Novedad: una persona que se desplazaba en una motocicleta resulta lesionada, la cual fue trasladas en ambulancia del CRUE al hospital del norte donde fallece por la complejidad de las heridas. Datos Daniel Caballero Martínez de 58 años",2022-11-01,1.0,0.0,1.0,True,Responded to,Rockfall,Landslides,Municipal Disaster Risk Management Council of Matanza,CDMB Environmental Authority,Matanza,Rural,Sector Puente Tona,Not reported,Not reported,False,,geophysical,Geophysical,Human impact recorded
2022 Nov 23 12:00:00 AM,ATENDIDO,2022-11-23T00:00:00.000,INCENDIO FORESTAL,INDETERMINADO,CMGRD DE PIEDECUESTA,CDMB,PIEDECUESTA,RURAL,ALTOS DE GUATIGUARA,0,0.0,0.0,0,0.0,0.0,0.0,30.0,,,,0.0,0.0,0.0,2022-11-23T00:00:00.000,,,"El CMGRD reporta la atención de un incendio forestal en el sector Altos de Guatiguará atendido por 4 máquinas de bomberos voluntarios de Piedecuesta con apoyo de bomberos de Floridablanca, defensa civil de Piedecuesta, pelotón anti desastres del batallón Caldas, controlado hacia las 8:30 p.m, se realiza seguimiento, causas por establecer, afectación 30 hectáreas de bosque nativo y pastizales",REPORTE_DE_EVENTOS_POR_DESASTRES_NATURALES_Y_ANTRÓPICOS_(Histórico)_20260415.csv,EVT00625,2022-11-23,ATENDIDO,2022-11-23,INCENDIO FORESTAL,INDETERMINADO,CMGRD DE PIEDECUESTA,CDMB,PIEDECUESTA,RURAL,ALTOS DE GUATIGUARA,0.0,0.0,0.0,0,0.0,0.0,0.0,30.0,,,,0.0,0.0,0.0,2022-11-23,,,"El CMGRD reporta la atención de un incendio forestal en el sector Altos de Guatiguará atendido por 4 máquinas de bomberos voluntarios de Piedecuesta con apoyo de bomberos de Floridablanca, defensa civil de Piedecuesta, pelotón anti desastres del batallón Caldas, controlado hacia las 8:30 p.m, se realiza seguimiento, causas por establecer, afectación 30 hectáreas de bosque nativo y pastizales",2022-11-01,0.0,0.0,0.0,True,Responded to,Forest fire,Undetermined,Municipal Disaster Risk Management Council of Piedecuesta,CDMB Environmental Authority,Piedecuesta,Rural,Altos of Guatiguara,Not reported,Not reported,False,,other,Other or unclassified,Agricultural or land impact recorded
2022 Nov 23 12:00:00 AM,ATENDIDO,2022-11-23T00:00:00.000,MOVIMIENTO EN MASA,DESLIZAMIENTOS,CMGRD DE CHARTA,CDMB,CHARTA,RURAL,VEREDA AGUAS NEGRAS,2,0.0,2.0,0,0.0,0.0,0.0,0.0,,,,0.0,0.0,0.0,2022-11-23T00:00:00.000,,,"El CMGRD reporta deslizamientos en la vereda Agua Negra finca el Olivo, causa pérdida de la banca hacia la vereda y afectación a dos viviendas, las familias fueron evacuadas de manera preventiva a casa de familiares.",REPORTE_DE_EVENTOS_POR_DESASTRES_NATURALES_Y_ANTRÓPICOS_(Histórico)_20260415.csv,EVT00626,2022-11-23,ATENDIDO,2022-11-23,MOVIMIENTO EN MASA,DESLIZAMIENTOS,CMGRD DE CHARTA,CDMB,CHARTA,RURAL,VEREDA AGUAS NEGRAS,2.0,0.0,2.0,0,0.0,0.0,0.0,0.0,,,,0.0,0.0,0.0,2022-11-23,,,"El CMGRD reporta deslizamientos en la vereda Agua Negra finca el Olivo, causa pérdida de la banca hacia la vereda y afectación a dos viviendas, las familias fueron evacuadas de manera preventiva a casa de familiares.",2022-11-01,0.0,2.0,0.0,True,Responded to,Mass movement,Landslides,Municipal Disaster Risk Management Council of Charta,CDMB Environmental Authority,Charta,Rural,Rural Hamlet Aguas Negras,Not reported,Not reported,False,,geophysical,Geophysical,Housing damage recorded
2022 Nov 23 12:00:00 AM,ATENDIDO,2022-11-23T00:00:00.000,TORMENTAS ELECTRICAS,FUERTES LLUVIAS,CMGRD DE CERRITO,CAS,CERRITO,RURAL,VEREDAS SERVITA Y OVEJERAS,0,0.0,0.0,0,0.0,0.0,0.0,0.0,,,,0.0,0.0,0.0,2022-11-23T00:00:00.000,,,"El CMGRD reporta tormentas eléctricas en las veredas Servitá y Ovejeras, estas causan desbordamiento de cañadas y quebradas, afectación en cultivo",REPORTE_DE_EVENTOS_POR_DESASTRES_NATURALES_Y_ANTRÓPICOS_(Histórico)_20260415.csv,EVT00627,2022-11-23,ATENDIDO,2022-11-23,TORMENTAS ELECTRICAS,FUERTES LLUVIAS,CMGRD DE CERRITO,CAS,CERRITO,RURAL,VEREDAS SERVITA Y OVEJERAS,0.0,0.0,0.0,0,0.0,0.0,0.0,0.0,,,,0.0,0.0,0.0,2022-11-23,,,"El CMGRD reporta tormentas eléctricas en las veredas Servitá y Ovejeras, estas causan desbordamiento de cañadas y quebradas, afectación en cultivo",2022-11-01,0.0,0.0,0.0,False,Responded to,Thunderstorms,Heavy rainfall,Municipal Disaster Risk Management Council of Cerrito,CAS Environmental Authority,Cerrito,Rural,Veredas Servita and Ovejeras,Not reported,Not reported,False,,hydrometeorological,Hydrometeorological,No quantified impact recorded
2022 Nov 26 12:00:00 AM,ATENDIDO,2022-11-26T00:00:00.000,GRANIZADA,FUERTES LLUVIAS,CMGRD DE CONCEPCION,CAS,CONCEPCION,RURAL,VEREDA PALACÉ PARTE ALTA,5,0.0,5.0,0,0.0,0.0,0.0,0.0,,,,0.0,0.0,0.0,2022-11-26T00:00:00.000,,,"El CMGRD reporta fuertes lluvias y granizada en la vereda Palacé sector Barsalí generaron creciente súbita de la quebrada Manaria, amenaza con desbordarse, Afectación en techos y cubiertas de algunas viviendas, Daños en cultivos de papa, ajo, cebolla y pastizales, se coordina desplazamiento de organismos de socorro y funcionarios de la alcaldía a realizar los EDAN",REPORTE_DE_EVENTOS_POR_DESASTRES_NATURALES_Y_ANTRÓPICOS_(Histórico)_20260415.csv,EVT00628,2022-11-26,ATENDIDO,2022-11-26,GRANIZADA,FUERTES LLUVIAS,CMGRD DE CONCEPCION,CAS,CONCEPCION,RURAL,VEREDA PALACÉ PARTE ALTA,5.0,0.0,5.0,0,0.0,0.0,0.0,0.0,,,,0.0,0.0,0.0,2022-11-26,,,"El CMGRD reporta fuertes lluvias y granizada en la vereda Palacé sector Barsalí generaron creciente súbita de la quebrada Manaria, amenaza con desbordarse, Afectación en techos y cubiertas de algunas viviendas, Daños en cultivos de papa, ajo, cebolla y pastizales, se coordina desplazamiento de organismos de socorro y funcionarios de la alcaldía a realizar los EDAN",2022-11-01,0.0,5.0,0.0,True,Responded to,Hailstorm,Heavy rainfall,Municipal Disaster Risk Management Council of Concepcion,CAS Environmental Authority,Concepcion,Rural,Rural Hamlet Palace Parte Alta,Not reported,Not reported,False,,hydrometeorological,Hydrometeorological,Housing damage recorded
2022 Nov 26 12:00:00 AM,ATENDIDO,2022-11-26T00:00:00.000,CRECIENTE SUBITA,FUERTES LLUVIAS,CMGRD DE GAMBITA,CAS,GAMBITA,RURAL,RIO PALERMO,0,0.0,0.0,0,1.0,1.0,0.0,0.0,,,,0.0,0.0,0.0,2022-11-26T00:00:00.000,,,"El CMGRD reporta creciente súbita y desbordamiento del rio Palermo en la vereda Chinata, afectación de un puente peatonal y un puente vehicular, se mantienen unas 80 familias de la vereda incomunicadas.",REPORTE_DE_EVENTOS_POR_DESASTRES_NATURALES_Y_ANTRÓPICOS_(Histórico)_20260415.csv,EVT00629,2022-11-26,ATENDIDO,2022-11-26,CRECIENTE SUBITA,FUERTES LLUVIAS,CMGRD DE GAMBITA,CAS,GAMBITA,RURAL,RIO PALERMO,0.0,0.0,0.0,0,1.0,1.0,0.0,0.0,,,,0.0,0.0,0.0,2022-11-26,,,"El CMGRD reporta creciente súbita y desbordamiento del rio Palermo en la vereda Chinata, afectación de un puente peatonal y un puente vehicular, se mantienen unas 80 familias de la vereda incomunicadas.",2022-11-01,0.0,0.0,2.0,True,Responded to,Flash flood,Heavy rainfall,Municipal Disaster Risk Management Council of Gambita,CAS Environmental Authority,Gambita,Rural,Rio Palermo,Not reported,Not reported,False,,hydrometeorological,Hydrometeorological,Infrastructure damage recorded
2022 Nov 26 12:00:00 AM,ATENDIDO,2022-11-26T00:00:00.000,INUNDACIONES,FUERTES LLUVIAS,CMGRD DE BUCARAMANGA,CDMB,BUCARAMANGA,URBANO,AVENIDA LA ROSITA,0,0.0,0.0,0,1.0,0.0,0.0,0.0,,,,0.0,0.0,0.0,2022-11-26T00:00:00.000,,,"El CMGRD reporta fuertes lluvias que causan colapso de alcantarillados en los sectores la Rosita, el Palenque y la via entre Girón y el Norte de la ciudad, afectación en algunos vehículos. Atienden bomberos oficiales de Bucaramanga.",REPORTE_DE_EVENTOS_POR_DESASTRES_NATURALES_Y_ANTRÓPICOS_(Histórico)_20260415.csv,EVT00630,2022-11-26,ATENDIDO,2022-11-26,INUNDACIONES,FUERTES LLUVIAS,CMGRD DE BUCARAMANGA,CDMB,BUCARAMANGA,URBANO,AVENIDA LA ROSITA,0.0,0.0,0.0,0,1.0,0.0,0.0,0.0,,,,0.0,0.0,0.0,2022-11-26,,,"El CMGRD reporta fuertes lluvias que causan colapso de alcantarillados en los sectores la Rosita, el Palenque y la via entre Girón y el Norte de la ciudad, afectación en algunos vehículos. Atienden bomberos oficiales de Bucaramanga.",2022-11-01,0.0,0.0,1.0,True,Responded to,Floods,Heavy rainfall,Municipal Disaster Risk Management Council of Bucaramanga,CDMB Environmental Authority,Bucaramanga,Urban,Avenida the Rosita,Not reported,Not reported,False,,hydrometeorological,Hydrometeorological,Infrastructure damage recorded
2022 Nov 28 12:00:00 AM,ATENDIDO,2022-11-28T00:00:00.000,MOVIMIENTO EN MASA,DESLIZAMIENTOS,CMGRD SAN BENITO,CAS,SAN BENITO,RURAL,CORREGIMIENTO SAN BENITO NUEVO,4,0.0,4.0,0,0.0,0.0,0.0,0.0,,,,0.0,0.0,0.0,2022-11-26T00:00:00.000,,,"El CMGR reporta deslizamientos en algunos sectores del casco urbano que causa afectación en varias viviendas, la vía hacia el municipio de Guepsa se encuentra cerrada en el sector corregimiento San Benito Nuevo por deslizamientos. Se adelantan los EDAN",REPORTE_DE_EVENTOS_POR_DESASTRES_NATURALES_Y_ANTRÓPICOS_(Histórico)_20260415.csv,EVT00631,2022-11-28,ATENDIDO,2022-11-28,MOVIMIENTO EN MASA,DESLIZAMIENTOS,CMGRD SAN BENITO,CAS,SAN BENITO,RURAL,CORREGIMIENTO SAN BENITO NUEVO,4.0,0.0,4.0,0,0.0,0.0,0.0,0.0,,,,0.0,0.0,0.0,2022-11-26,,,"El CMGR reporta deslizamientos en algunos sectores del casco urbano que causa afectación en varias viviendas, la vía hacia el municipio de Guepsa se encuentra cerrada en el sector corregimiento San Benito Nuevo por deslizamientos. Se adelantan los EDAN",2022-11-01,0.0,4.0,0.0,True,Responded to,Mass movement,Landslides,Municipal Disaster Risk Management Council San Benito,CAS Environmental Authority,San Benito,Rural,Township San Benito Nuevo,Not reported,Not reported,False,,geophysical,Geophysical,Housing damage recorded
2022 Nov 28 12:00:00 AM,ATENDIDO,2022-11-28T00:00:00.000,DESLIZAMIENTOS,DESLIZAMIENTOS,CMGRD DE MATANZA,CDMB,MATANZA,RURAL,VEREDA LA CUCHILLA,0,0.0,0.0,1,1.0,0.0,0.0,0.0,,,,0.0,0.0,0.0,2022-11-28T00:00:00.000,,,"El CMGRD reporta deslizamientos por creciente de la quebrada las Tarazona que afecta la captación del acueducto municipal de Matanza, las vías hacia el sector la Cuchilla afectadas por fenómenos de remoción en masa, se coordina maquinaria amarilla para rehabilitar el paso y se suministra agua al casco urbano a través de otras fuentes de agua.",REPORTE_DE_EVENTOS_POR_DESASTRES_NATURALES_Y_ANTRÓPICOS_(Histórico)_20260415.csv,EVT00632,2022-11-28,ATENDIDO,2022-11-28,DESLIZAMIENTOS,DESLIZAMIENTOS,CMGRD DE MATANZA,CDMB,MATANZA,RURAL,VEREDA LA CUCHILLA,0.0,0.0,0.0,1,1.0,0.0,0.0,0.0,,,,0.0,0.0,0.0,2022-11-28,,,"El CMGRD reporta deslizamientos por creciente de la quebrada las Tarazona que afecta la captación del acueducto municipal de Matanza, las vías hacia el sector la Cuchilla afectadas por fenómenos de remoción en masa, se coordina maquinaria amarilla para rehabilitar el paso y se suministra agua al casco urbano a través de otras fuentes de agua.",2022-11-01,0.0,0.0,2.0,True,Responded to,Landslides,Landslides,Municipal Disaster Risk Management Council of Matanza,CDMB Environmental Authority,Matanza,Rural,Rural Hamlet the Cuchilla,Not reported,Not reported,False,,geophysical,Geophysical,Infrastructure damage recorded
2022 Nov 29 12:00:00 AM,ATENDIDO,2022-11-29T00:00:00.000,INUNDACIONES,CRECIENTE SUBITA,AMGRD DE CIMITARRA,CAS,CIMITARRA,RURAL,VEREDA LA TERRAZA,6,0.0,6.0,0,0.0,0.0,0.0,0.0,,,,0.0,0.0,0.0,2022-11-29T00:00:00.000,,,"El CMGRD reporta desbordamiento de la quebrada la Terraza, afectaciones en muebles y enceres de 6 viviendas y afectación en cultivos de cacao y cítricos, se adelantan los EDAN",REPORTE_DE_EVENTOS_POR_DESASTRES_NATURALES_Y_ANTRÓPICOS_(Histórico)_20260415.csv,EVT00633,2022-11-29,ATENDIDO,2022-11-29,INUNDACIONES,CRECIENTE SUBITA,AMGRD DE CIMITARRA,CAS,CIMITARRA,RURAL,VEREDA LA TERRAZA,6.0,0.0,6.0,0,0.0,0.0,0.0,0.0,,,,0.0,0.0,0.0,2022-11-29,,,"El CMGRD reporta desbordamiento de la quebrada la Terraza, afectaciones en muebles y enceres de 6 viviendas y afectación en cultivos de cacao y cítricos, se adelantan los EDAN",2022-11-01,0.0,6.0,0.0,True,Responded to,Floods,Flash flood,Amgrd of Cimitarra,CAS Environmental Authority,Cimitarra,Rural,Rural Hamlet the Terraza,Not reported,Not reported,False,,hydrometeorological,Hydrometeorological,Housing damage recorded
2022 Nov 30 12:00:00 AM,ATENDIDO,2022-11-30T00:00:00.000,REMOCION EN MASA,DESLIZAMIENTOS,CMGRD DE MALAGA,CAS,MALAGA,RURAL,VEREDA EL GUACIMO,7,0.0,7.0,0,1.0,0.0,0.0,0.0,,,,0.0,0.0,0.0,2022-11-30T00:00:00.000,,,"El CMGRD reporta movimientos en masa en varias zonas de la vereda el Guacimo, la vía presenta hundimientos y 7 viviendas se registran en zona de riesgo, se coordina maquinaria del municipio y ayudas para las familias afectadas.",REPORTE_DE_EVENTOS_POR_DESASTRES_NATURALES_Y_ANTRÓPICOS_(Histórico)_20260415.csv,EVT00634,2022-11-30,ATENDIDO,2022-11-30,REMOCION EN MASA,DESLIZAMIENTOS,CMGRD DE MALAGA,CAS,MALAGA,RURAL,VEREDA EL GUACIMO,7.0,0.0,7.0,0,1.0,0.0,0.0,0.0,,,,0.0,0.0,0.0,2022-11-30,,,"El CMGRD reporta movimientos en masa en varias zonas de la vereda el Guacimo, la vía presenta hundimientos y 7 viviendas se registran en zona de riesgo, se coordina maquinaria del municipio y ayudas para las familias afectadas.",2022-11-01,0.0,7.0,1.0,True,Responded to,Mass movement,Landslides,Municipal Disaster Risk Management Council of Malaga,CAS Environmental Authority,Malaga,Rural,Rural Hamlet the Guacimo,Not reported,Not reported,False,,geophysical,Geophysical,Housing damage recorded
2022 Dec 10 12:00:00 AM,ATENDIDO,2022-12-10T00:00:00.000,REMOCION EN MASA,DESLIZAMIENTOS,CMGRD DE SAN ANDRES,CAS,SAN ANDRES,RURAL,VIA NACIONAL LOS CUROS - MALAGA,0,0.0,0.0,0,1.0,0.0,0.0,0.0,,,,0.0,0.0,0.0,2022-12-10T00:00:00.000,,,"El CMGRD reporta deslizamientos en el sector Subida de las Viejas cerca al corregimiento de Pangote en la vía nacional los Curos- Málaga que causa cierre total de la vía, se coordina maquinaria del contratista del INVIAS para habilitar el paso.",REPORTE_DE_EVENTOS_POR_DESASTRES_NATURALES_Y_ANTRÓPICOS_(Histórico)_20260415.csv,EVT00635,2022-12-10,ATENDIDO,2022-12-10,REMOCION EN MASA,DESLIZAMIENTOS,CMGRD DE SAN ANDRES,CAS,SAN ANDRES,RURAL,VIA NACIONAL LOS CUROS - MALAGA,0.0,0.0,0.0,0,1.0,0.0,0.0,0.0,,,,0.0,0.0,0.0,2022-12-10,,,"El CMGRD reporta deslizamientos en el sector Subida de las Viejas cerca al corregimiento de Pangote en la vía nacional los Curos- Málaga que causa cierre total de la vía, se coordina maquinaria del contratista del INVIAS para habilitar el paso.",2022-12-01,0.0,0.0,1.0,True,Responded to,Mass movement,Landslides,Municipal Disaster Risk Management Council of San Andres,CAS Environmental Authority,San Andres,Rural,Road Nacional Los Curos - Malaga,Not reported,Not reported,False,,geophysical,Geophysical,Infrastructure damage recorded
2022 Dec 27 12:00:00 AM,ATENDIDO,2022-12-27T00:00:00.000,INCENDIO FORESTAL,INDETERMINADO,BOMBEROS DE OCAMONTE,CAS,OCAMONTE,RURAL,VEREDA AGUA FRIA,0,0.0,0.0,0,0.0,0.0,0.0,1.0,,,,0.0,0.0,0.0,2022-12-27T00:00:00.000,,,"El comandante de bomberos reporta la atención de un incendio de cobertura vegetal en la vereda Agua Fría, afectando 1 hectárea de cultivo de caña, causa probable por quema controlada, se deja a disposición de la policía nacional para los respectivos comparendos.",REPORTE_DE_EVENTOS_POR_DESASTRES_NATURALES_Y_ANTRÓPICOS_(Histórico)_20260415.csv,EVT00636,2022-12-27,ATENDIDO,2022-12-27,INCENDIO FORESTAL,INDETERMINADO,BOMBEROS DE OCAMONTE,CAS,OCAMONTE,RURAL,VEREDA AGUA FRIA,0.0,0.0,0.0,0,0.0,0.0,0.0,1.0,,,,0.0,0.0,0.0,2022-12-27,,,"El comandante de bomberos reporta la atención de un incendio de cobertura vegetal en la vereda Agua Fría, afectando 1 hectárea de cultivo de caña, causa probable por quema controlada, se deja a disposición de la policía nacional para los respectivos comparendos.",2022-12-01,0.0,0.0,0.0,True,Responded to,Forest fire,Undetermined,Fire Department of Ocamonte,CAS Environmental Authority,Ocamonte,Rural,Rural Hamlet Agua Fria,Not reported,Not reported,False,,other,Other or unclassified,Agricultural or land impact recorded
2023 Jan 02 12:00:00 AM,ATENDIDO,2023-01-02T00:00:00.000,MOVIMIENTO EN MASA,DESLIZAMIENTOS,CMGRD DE LEBRIJA,CAS,LEBRIJA,RURAL,RUTA DEL CACAO  PR-44+700,0,0.0,0.0,0,1.0,0.0,0.0,0.0,,,,0.0,0.0,0.0,2023-01-02T00:00:00.000,,,"El administrados vial Ruta del cacao reporta deslizamientos en el sector de Brisas en el PR 44 + 700 causando cierre total de la vía entre Bucaramanga y Barrancabermeja, lo anterior a causa de las fuertes lluvias, durante 3 horas se trabajó con maquinaria amarilla y se rehabilitó el paso.",REPORTE_DE_EVENTOS_POR_DESASTRES_NATURALES_Y_ANTRÓPICOS_(Histórico)_20260415.csv,EVT00637,2023-01-02,ATENDIDO,2023-01-02,MOVIMIENTO EN MASA,DESLIZAMIENTOS,CMGRD DE LEBRIJA,CAS,LEBRIJA,RURAL,RUTA DEL CACAO PR-44+700,0.0,0.0,0.0,0,1.0,0.0,0.0,0.0,,,,0.0,0.0,0.0,2023-01-02,,,"El administrados vial Ruta del cacao reporta deslizamientos en el sector de Brisas en el PR 44 + 700 causando cierre total de la vía entre Bucaramanga y Barrancabermeja, lo anterior a causa de las fuertes lluvias, durante 3 horas se trabajó con maquinaria amarilla y se rehabilitó el paso.",2023-01-01,0.0,0.0,1.0,True,Responded to,Mass movement,Landslides,Municipal Disaster Risk Management Council of Lebrija,CAS Environmental Authority,Lebrija,Rural,Ruta of the Cacao Pr-44 700,Not reported,Not reported,False,,geophysical,Geophysical,Infrastructure damage recorded
2023 Jan 02 12:00:00 AM,ATENDIDO,2023-01-02T00:00:00.000,MOVIMIENTO EN MASA,DESLIZAMIENTOS,CMGRD FLORIDABLANCA,CDMB,FLORIDABLANCA,RURAL,AUTOVIA BUCARAMANGA Pamplona,0,0.0,0.0,0,1.0,0.0,0.0,0.0,,,,2.0,0.0,0.0,2023-01-02T00:00:00.000,,,"El administrador vial Autovia Bucaramanga – Pamplona, reporta deslizamientos en el sector la Corcova, en el PR 23, gracias al apoyo de bomberos de Floridablanca, PONALSAR y el ejercito, se logró el rescate con vida de dos trabajadores que habían quedado atrapados en los escombros",REPORTE_DE_EVENTOS_POR_DESASTRES_NATURALES_Y_ANTRÓPICOS_(Histórico)_20260415.csv,EVT00638,2023-01-02,ATENDIDO,2023-01-02,MOVIMIENTO EN MASA,DESLIZAMIENTOS,CMGRD FLORIDABLANCA,CDMB,FLORIDABLANCA,RURAL,AUTOVIA BUCARAMANGA Pamplona,0.0,0.0,0.0,0,1.0,0.0,0.0,0.0,,,,2.0,0.0,0.0,2023-01-02,,,"El administrador vial Autovia Bucaramanga – Pamplona, reporta deslizamientos en el sector la Corcova, en el PR 23, gracias al apoyo de bomberos de Floridablanca, PONALSAR y el ejercito, se logró el rescate con vida de dos trabajadores que habían quedado atrapados en los escombros",2023-01-01,2.0,0.0,1.0,True,Responded to,Mass movement,Landslides,Municipal Disaster Risk Management Council Floridablanca,CDMB Environmental Authority,Floridablanca,Rural,Autovia Bucaramanga Pamplona,Not reported,Not reported,False,,geophysical,Geophysical,Human impact recorded
2023 Jan 25 12:00:00 AM,ATENDIDO,2023-01-25T00:00:00.000,HELADAS,TEMPORADA SECA,CMGRD DE TONA,CDMB,TONA,RURAL,CORREGIMIENTO DE BERLIN,0,0.0,0.0,0,0.0,0.0,0.0,25.0,,,,0.0,0.0,0.0,2023-01-25T00:00:00.000,,,El CMGRD reporta bajas temperaturas en el corregimiento de Berlín con presencia de heladas que afecta cultivos de papa y cebolla junca. Se adelantan los EDAN.,REPORTE_DE_EVENTOS_POR_DESASTRES_NATURALES_Y_ANTRÓPICOS_(Histórico)_20260415.csv,EVT00639,2023-01-25,ATENDIDO,2023-01-25,HELADAS,TEMPORADA SECA,CMGRD DE TONA,CDMB,TONA,RURAL,CORREGIMIENTO DE BERLIN,0.0,0.0,0.0,0,0.0,0.0,0.0,25.0,,,,0.0,0.0,0.0,2023-01-25,,,El CMGRD reporta bajas temperaturas en el corregimiento de Berlín con presencia de heladas que afecta cultivos de papa y cebolla junca. Se adelantan los EDAN.,2023-01-01,0.0,0.0,0.0,True,Responded to,Frost,Dry season,Municipal Disaster Risk Management Council of Tona,CDMB Environmental Authority,Tona,Rural,Township of Berlin,Not reported,Not reported,False,,hydrometeorological,Hydrometeorological,Agricultural or land impact recorded
2023 Jan 25 12:00:00 AM,ATENDIDO,2023-01-25T00:00:00.000,HELADAS,TEMPORADA SECA,CMGRD CERRITO,CAS,CERRITO,RURAL,VEREDAS EL MORTIÑO Y BOYAGA,0,0.0,0.0,0,0.0,0.0,0.0,20.0,,,,0.0,0.0,0.0,2023-01-25T00:00:00.000,,,"El CMGRD reporta bajas temperaturas en las veredas Boyagá y el Mortiño con presencia de heladas que afecta cultivos de papa, ajo y hortalizas. Se adelantan los EDAN.",REPORTE_DE_EVENTOS_POR_DESASTRES_NATURALES_Y_ANTRÓPICOS_(Histórico)_20260415.csv,EVT00640,2023-01-25,ATENDIDO,2023-01-25,HELADAS,TEMPORADA SECA,CMGRD CERRITO,CAS,CERRITO,RURAL,VEREDAS EL MORTIÑO Y BOYAGA,0.0,0.0,0.0,0,0.0,0.0,0.0,20.0,,,,0.0,0.0,0.0,2023-01-25,,,"El CMGRD reporta bajas temperaturas en las veredas Boyagá y el Mortiño con presencia de heladas que afecta cultivos de papa, ajo y hortalizas. Se adelantan los EDAN.",2023-01-01,0.0,0.0,0.0,True,Responded to,Frost,Dry season,Municipal Disaster Risk Management Council Cerrito,CAS Environmental Authority,Cerrito,Rural,Veredas the Mortino and Boyaga,Not reported,Not reported,False,,hydrometeorological,Hydrometeorological,Agricultural or land impact recorded
2023 Jan 28 12:00:00 AM,ATENDIDO,2023-01-28T00:00:00.000,INCENDIO FORESTAL,INDETERMINADO,CMGRD EL PLAYON,CDMB,EL PLAYON,RURAL,VEREDA CACHIRICITO BAJO,0,0.0,0.0,0,0.0,0.0,0.0,10.0,,,,0.0,0.0,0.0,2023-01-28T00:00:00.000,,,"El CMGRD reporta la atención de un incendio forestal en la vereda Cachiricito bajo, atendido por la defensa civil y la comunidad, afectación de 10 hectáreas de bosque nativo, causas desconocidas, estado liquidado.",REPORTE_DE_EVENTOS_POR_DESASTRES_NATURALES_Y_ANTRÓPICOS_(Histórico)_20260415.csv,EVT00641,2023-01-28,ATENDIDO,2023-01-28,INCENDIO FORESTAL,INDETERMINADO,CMGRD EL PLAYON,CDMB,EL PLAYON,RURAL,VEREDA CACHIRICITO BAJO,0.0,0.0,0.0,0,0.0,0.0,0.0,10.0,,,,0.0,0.0,0.0,2023-01-28,,,"El CMGRD reporta la atención de un incendio forestal en la vereda Cachiricito bajo, atendido por la defensa civil y la comunidad, afectación de 10 hectáreas de bosque nativo, causas desconocidas, estado liquidado.",2023-01-01,0.0,0.0,0.0,True,Responded to,Forest fire,Undetermined,Municipal Disaster Risk Management Council the Playon,CDMB Environmental Authority,El Playon,Rural,Rural Hamlet Cachiricito Bajo,Not reported,Not reported,False,,other,Other or unclassified,Agricultural or land impact recorded
2023 Jan 28 12:00:00 AM,ATENDIDO,2023-01-28T00:00:00.000,INCENDIO FORESTAL,INDETERMINADO,CMGRD DE CURITI,CAS,CURITI,RURAL,VEREDA LA MESA,0,0.0,0.0,0,0.0,0.0,0.0,5.0,,,,0.0,0.0,0.0,2023-01-28T00:00:00.000,,,"El CMGRD reporta la atención de un incendio forestal en la vereda la Mesa, atendido por la defensa civil y la comunidad, afectación de 05 hectáreas de pastizales y bosque nativo, causas desconocidas, estado liquidado.",REPORTE_DE_EVENTOS_POR_DESASTRES_NATURALES_Y_ANTRÓPICOS_(Histórico)_20260415.csv,EVT00642,2023-01-28,ATENDIDO,2023-01-28,INCENDIO FORESTAL,INDETERMINADO,CMGRD DE CURITI,CAS,CURITI,RURAL,VEREDA LA MESA,0.0,0.0,0.0,0,0.0,0.0,0.0,5.0,,,,0.0,0.0,0.0,2023-01-28,,,"El CMGRD reporta la atención de un incendio forestal en la vereda la Mesa, atendido por la defensa civil y la comunidad, afectación de 05 hectáreas de pastizales y bosque nativo, causas desconocidas, estado liquidado.",2023-01-01,0.0,0.0,0.0,True,Responded to,Forest fire,Undetermined,Municipal Disaster Risk Management Council of Curiti,CAS Environmental Authority,Curiti,Rural,Rural Hamlet the Mesa,Not reported,Not reported,False,,other,Other or unclassified,Agricultural or land impact recorded
2023 Jan 29 12:00:00 AM,ATENDIDO,2023-01-29T00:00:00.000,INCENDIO FORESTAL,INDETERMINADO,CMGRD DE GUEPSA,CAS,GUEPSA,RURAL,FINCA SAN ANTONIO VEREDA SAN ISIDRO,0,0.0,0.0,0,0.0,0.0,0.0,2.0,,,,0.0,0.0,0.0,2023-01-29T00:00:00.000,,,"El CMGRD reporta la atención de un incendio forestal en la finca San Antonio vereda Isidro, atendido por  la comunidad y apoyo del cuerpo de bomberos de Vélez, afectación de 2 hectáreas de cultivo de caña de azúcar, causas desconocidas, estado liquidado",REPORTE_DE_EVENTOS_POR_DESASTRES_NATURALES_Y_ANTRÓPICOS_(Histórico)_20260415.csv,EVT00643,2023-01-29,ATENDIDO,2023-01-29,INCENDIO FORESTAL,INDETERMINADO,CMGRD DE GUEPSA,CAS,GUEPSA,RURAL,FINCA SAN ANTONIO VEREDA SAN ISIDRO,0.0,0.0,0.0,0,0.0,0.0,0.0,2.0,,,,0.0,0.0,0.0,2023-01-29,,,"El CMGRD reporta la atención de un incendio forestal en la finca San Antonio vereda Isidro, atendido por la comunidad y apoyo del cuerpo de bomberos de Vélez, afectación de 2 hectáreas de cultivo de caña de azúcar, causas desconocidas, estado liquidado",2023-01-01,0.0,0.0,0.0,True,Responded to,Forest fire,Undetermined,Municipal Disaster Risk Management Council of Guepsa,CAS Environmental Authority,Guepsa,Rural,Finca San Antonio Rural Hamlet San Isidro,Not reported,Not reported,False,,other,Other or unclassified,Agricultural or land impact recorded
2023 Jan 31 12:00:00 AM,ATENDIDO,2023-01-31T00:00:00.000,INCENDIO FORESTAL,INDETERMINADO,BOMBEROS DE CERRITO,CAS,CERRITO,RURAL,VEREDA BOYAGA SECTOR LA PAJA,0,0.0,0.0,0,0.0,0.0,0.0,10.0,,,,0.0,0.0,0.0,2023-01-31T00:00:00.000,,,"El comandante de bomberos reporta la atención de un incendio forestal en la vereda Boyagá sector la Paja, se realizan labores de control apoyados por la defensa civil y la comunidad. Afectación de 10 hectáreas de vegetación nativa de páramo. Estado liquidado",REPORTE_DE_EVENTOS_POR_DESASTRES_NATURALES_Y_ANTRÓPICOS_(Histórico)_20260415.csv,EVT00644,2023-01-31,ATENDIDO,2023-01-31,INCENDIO FORESTAL,INDETERMINADO,BOMBEROS DE CERRITO,CAS,CERRITO,RURAL,VEREDA BOYAGA SECTOR LA PAJA,0.0,0.0,0.0,0,0.0,0.0,0.0,10.0,,,,0.0,0.0,0.0,2023-01-31,,,"El comandante de bomberos reporta la atención de un incendio forestal en la vereda Boyagá sector la Paja, se realizan labores de control apoyados por la defensa civil y la comunidad. Afectación de 10 hectáreas de vegetación nativa de páramo. Estado liquidado",2023-01-01,0.0,0.0,0.0,True,Responded to,Forest fire,Undetermined,Fire Department of Cerrito,CAS Environmental Authority,Cerrito,Rural,Rural Hamlet Boyaga Sector the Paja,Not reported,Not reported,False,,other,Other or unclassified,Agricultural or land impact recorded
2023 Jan 31 12:00:00 AM,ATENDIDO,2023-01-31T00:00:00.000,INCENDIO FORESTAL,INDETERMINADO,CMGRD DE CONTRATACION,CAS,CONTRATACION,RURAL,VEREDA EL TIGRE,0,0.0,0.0,0,0.0,0.0,0.0,2.0,,,,0.0,0.0,0.0,2023-01-31T00:00:00.000,,,"El CMGRD reporta la atención y control de un incendio forestal en la vereda el Tigre, atendido por la policía nacional y el CMGRD afectación de 2 hectáreas de pastizales y vegetación nativa. Estado liquidado.",REPORTE_DE_EVENTOS_POR_DESASTRES_NATURALES_Y_ANTRÓPICOS_(Histórico)_20260415.csv,EVT00645,2023-01-31,ATENDIDO,2023-01-31,INCENDIO FORESTAL,INDETERMINADO,CMGRD DE CONTRATACION,CAS,CONTRATACION,RURAL,VEREDA EL TIGRE,0.0,0.0,0.0,0,0.0,0.0,0.0,2.0,,,,0.0,0.0,0.0,2023-01-31,,,"El CMGRD reporta la atención y control de un incendio forestal en la vereda el Tigre, atendido por la policía nacional y el CMGRD afectación de 2 hectáreas de pastizales y vegetación nativa. Estado liquidado.",2023-01-01,0.0,0.0,0.0,True,Responded to,Forest fire,Undetermined,Municipal Disaster Risk Management Council of Contratacion,CAS Environmental Authority,Contratacion,Rural,Rural Hamlet the Tigre,Not reported,Not reported,False,,other,Other or unclassified,Agricultural or land impact recorded
2023 Feb 01 12:00:00 AM,ATENDIDO,2023-02-01T00:00:00.000,INCENDIO FORESTAL,INDETERMINADO,CMGRD DE CURITI,CAS,CURITI,RURAL,SECTOR LAS JUNTAS,0,0.0,0.0,0,0.0,0.0,0.0,6.0,,,,0.0,0.0,0.0,2023-02-01T00:00:00.000,,,"El CMGRD reporta la atención y control de un incendio forestal en el sector Las Juntas atendido por el cuerpo de bomberos voluntarios de Curití, apoyados por bomberos de San Gil, Valle de San José y el Páramo afectación de 6 hectáreas de pastizales y cultivo de maíz, estado LIQUIDADO",REPORTE_DE_EVENTOS_POR_DESASTRES_NATURALES_Y_ANTRÓPICOS_(Histórico)_20260415.csv,EVT00646,2023-02-01,ATENDIDO,2023-02-01,INCENDIO FORESTAL,INDETERMINADO,CMGRD DE CURITI,CAS,CURITI,RURAL,SECTOR LAS JUNTAS,0.0,0.0,0.0,0,0.0,0.0,0.0,6.0,,,,0.0,0.0,0.0,2023-02-01,,,"El CMGRD reporta la atención y control de un incendio forestal en el sector Las Juntas atendido por el cuerpo de bomberos voluntarios de Curití, apoyados por bomberos de San Gil, Valle de San José y el Páramo afectación de 6 hectáreas de pastizales y cultivo de maíz, estado LIQUIDADO",2023-02-01,0.0,0.0,0.0,True,Responded to,Forest fire,Undetermined,Municipal Disaster Risk Management Council of Curiti,CAS Environmental Authority,Curiti,Rural,Sector Las Juntas,Not reported,Not reported,False,,other,Other or unclassified,Agricultural or land impact recorded
2023 Feb 01 12:00:00 AM,ATENDIDO,2023-02-01T00:00:00.000,INCENDIO FORESTAL,INDETERMINADO,CMGRD DE CARCASI,CAS,CARCASI,RURAL,LIMITES CON COBARACHIA (BOYACA),0,0.0,0.0,0,0.0,0.0,0.0,40.0,,,,0.0,0.0,0.0,2023-02-01T00:00:00.000,,,"El CMGRD reporta la atención y control de un incendio forestal en límites con el municipio de Chiscas (Boyacá) atendido por el cuerpo de bomberos voluntarios de Carcasí, apoyados por la comunidad de los dos municipios afectación de 40 hectáreas de pastizales y vegetación nativa de páramos, estado LIQUIDADO.",REPORTE_DE_EVENTOS_POR_DESASTRES_NATURALES_Y_ANTRÓPICOS_(Histórico)_20260415.csv,EVT00647,2023-02-01,ATENDIDO,2023-02-01,INCENDIO FORESTAL,INDETERMINADO,CMGRD DE CARCASI,CAS,CARCASI,RURAL,LIMITES CON COBARACHIA (BOYACA),0.0,0.0,0.0,0,0.0,0.0,0.0,40.0,,,,0.0,0.0,0.0,2023-02-01,,,"El CMGRD reporta la atención y control de un incendio forestal en límites con el municipio de Chiscas (Boyacá) atendido por el cuerpo de bomberos voluntarios de Carcasí, apoyados por la comunidad de los dos municipios afectación de 40 hectáreas de pastizales y vegetación nativa de páramos, estado LIQUIDADO.",2023-02-01,0.0,0.0,0.0,True,Responded to,Forest fire,Undetermined,Municipal Disaster Risk Management Council of Carcasi,CAS Environmental Authority,Carcasi,Rural,Limites Con Cobarachia (Boyaca),Not reported,Not reported,False,,other,Other or unclassified,Agricultural or land impact recorded
2023 Feb 01 12:00:00 AM,ATENDIDO,2023-02-01T00:00:00.000,INCENDIO FORESTAL,INDETERMINADO,CMGRD DE CIMITARRA,CAS,CIMITARRA,RURAL,SECTOR EL CRUCE RUTA DEL SOL,0,0.0,0.0,0,0.0,0.0,0.0,2.0,,,,0.0,0.0,0.0,2023-02-01T00:00:00.000,,,"El CMGRD reporta la atención y control de un incendio forestal en el sector del cruce hacia la ruta el Sol atendido por el cuerpo de bomberos voluntarios de Cimitarra, afectación de 2 hectáreas de pastizales, estado LIQUIDADO",REPORTE_DE_EVENTOS_POR_DESASTRES_NATURALES_Y_ANTRÓPICOS_(Histórico)_20260415.csv,EVT00648,2023-02-01,ATENDIDO,2023-02-01,INCENDIO FORESTAL,INDETERMINADO,CMGRD DE CIMITARRA,CAS,CIMITARRA,RURAL,SECTOR EL CRUCE RUTA DEL SOL,0.0,0.0,0.0,0,0.0,0.0,0.0,2.0,,,,0.0,0.0,0.0,2023-02-01,,,"El CMGRD reporta la atención y control de un incendio forestal en el sector del cruce hacia la ruta el Sol atendido por el cuerpo de bomberos voluntarios de Cimitarra, afectación de 2 hectáreas de pastizales, estado LIQUIDADO",2023-02-01,0.0,0.0,0.0,True,Responded to,Forest fire,Undetermined,Municipal Disaster Risk Management Council of Cimitarra,CAS Environmental Authority,Cimitarra,Rural,Sector the Cruce Ruta of the Sol,Not reported,Not reported,False,,other,Other or unclassified,Agricultural or land impact recorded
2023 Apr 18 12:00:00 AM,ATENDIDO,2023-04-18T00:00:00.000,INUNDACIONES,FUERTES LLUVIAS,CMGRD DE MALAGA,CAS,MALAGA,URBANO,BARRIO LA UNIVERSIDAD,4,0.0,4.0,0,0.0,0.0,0.0,0.0,,,,0.0,0.0,0.0,2023-04-18T00:00:00.000,,,"El CMGRD reporta fuertes lluvias y el colapso de alcantarillados por saturación causan inundaciones en tres viviendas del barrio la Universidad, se adelantan los EDAN",REPORTE_DE_EVENTOS_POR_DESASTRES_NATURALES_Y_ANTRÓPICOS_(Histórico)_20260415.csv,EVT00649,2023-04-18,ATENDIDO,2023-04-18,INUNDACIONES,FUERTES LLUVIAS,CMGRD DE MALAGA,CAS,MALAGA,URBANO,BARRIO LA UNIVERSIDAD,4.0,0.0,4.0,0,0.0,0.0,0.0,0.0,,,,0.0,0.0,0.0,2023-04-18,,,"El CMGRD reporta fuertes lluvias y el colapso de alcantarillados por saturación causan inundaciones en tres viviendas del barrio la Universidad, se adelantan los EDAN",2023-04-01,0.0,4.0,0.0,True,Responded to,Floods,Heavy rainfall,Municipal Disaster Risk Management Council of Malaga,CAS Environmental Authority,Malaga,Urban,Neighborhood the Universidad,Not reported,Not reported,False,,hydrometeorological,Hydrometeorological,Housing damage recorded
2023 Feb 02 12:00:00 AM,ATENDIDO,2023-02-02T00:00:00.000,INCENDIO FORESTAL,INDETERMINADO,CMGRD DE GAMBITA,CAS,GAMBITA,RURAL,VEREDA GUAUSA,0,0.0,0.0,0,0.0,0.0,0.0,6.0,,,,0.0,0.0,0.0,2023-02-02T00:00:00.000,,,"El CMGRD reporta la atención de un incendio forestal en la vereda Guausa, se realizan labores de control por la policía nacional, defensa civil y comunidad, causas posible quema controlada, se aplica el comparendo ambiental, afectación de 6 hectáreas de bosque nativo y pastizales.",REPORTE_DE_EVENTOS_POR_DESASTRES_NATURALES_Y_ANTRÓPICOS_(Histórico)_20260415.csv,EVT00650,2023-02-02,ATENDIDO,2023-02-02,INCENDIO FORESTAL,INDETERMINADO,CMGRD DE GAMBITA,CAS,GAMBITA,RURAL,VEREDA GUAUSA,0.0,0.0,0.0,0,0.0,0.0,0.0,6.0,,,,0.0,0.0,0.0,2023-02-02,,,"El CMGRD reporta la atención de un incendio forestal en la vereda Guausa, se realizan labores de control por la policía nacional, defensa civil y comunidad, causas posible quema controlada, se aplica el comparendo ambiental, afectación de 6 hectáreas de bosque nativo y pastizales.",2023-02-01,0.0,0.0,0.0,True,Responded to,Forest fire,Undetermined,Municipal Disaster Risk Management Council of Gambita,CAS Environmental Authority,Gambita,Rural,Rural Hamlet Guausa,Not reported,Not reported,False,,other,Other or unclassified,Agricultural or land impact recorded
2023 Feb 04 12:00:00 AM,ATENDIDO,2023-02-04T00:00:00.000,INCENDIO FORESTAL,INDETERMINADO,CMGRD LOS SANTOS,CAS,LOS SANTOS,RURAL,VEREDA SAN RAFAEL,0,0.0,0.0,0,0.0,0.0,0.0,5.0,,,,0.0,0.0,0.0,2023-02-04T00:00:00.000,,,"El cuerpo de Bomberos de los Santos reporta la atención de un incendio forestal en la vereda San Rafael sector mirador de Panachi, se realizan labores de control a la hora se encuentra en seguimiento y monitoreo.",REPORTE_DE_EVENTOS_POR_DESASTRES_NATURALES_Y_ANTRÓPICOS_(Histórico)_20260415.csv,EVT00651,2023-02-04,ATENDIDO,2023-02-04,INCENDIO FORESTAL,INDETERMINADO,CMGRD LOS SANTOS,CAS,LOS SANTOS,RURAL,VEREDA SAN RAFAEL,0.0,0.0,0.0,0,0.0,0.0,0.0,5.0,,,,0.0,0.0,0.0,2023-02-04,,,"El cuerpo de Bomberos de los Santos reporta la atención de un incendio forestal en la vereda San Rafael sector mirador de Panachi, se realizan labores de control a la hora se encuentra en seguimiento y monitoreo.",2023-02-01,0.0,0.0,0.0,True,Responded to,Forest fire,Undetermined,Municipal Disaster Risk Management Council Los Santos,CAS Environmental Authority,Los Santos,Rural,Rural Hamlet San Rafael,Not reported,Not reported,False,,other,Other or unclassified,Agricultural or land impact recorded
2023 Feb 06 12:00:00 AM,ATENDIDO,2023-02-06T00:00:00.000,INCENDIO FORESTAL,INDETERMINADO,BOMBEROS DE FLORIDABLANCA,CDMB,FLORIDABLANCA,URBANO,SECTOR RUITOQUE,0,0.0,0.0,0,0.0,0.0,0.0,4.0,,,,0.0,0.0,0.0,2023-02-06T00:00:00.000,,,"El cuerpo de Bomberos de Floridablanca reporta la atención de un incendio forestal en el sector Ruitoque Alto, afectación de 4 hectáreas de helechos y vegetación nativa, estado liquidado.",REPORTE_DE_EVENTOS_POR_DESASTRES_NATURALES_Y_ANTRÓPICOS_(Histórico)_20260415.csv,EVT00652,2023-02-06,ATENDIDO,2023-02-06,INCENDIO FORESTAL,INDETERMINADO,BOMBEROS DE FLORIDABLANCA,CDMB,FLORIDABLANCA,URBANO,SECTOR RUITOQUE,0.0,0.0,0.0,0,0.0,0.0,0.0,4.0,,,,0.0,0.0,0.0,2023-02-06,,,"El cuerpo de Bomberos de Floridablanca reporta la atención de un incendio forestal en el sector Ruitoque Alto, afectación de 4 hectáreas de helechos y vegetación nativa, estado liquidado.",2023-02-01,0.0,0.0,0.0,True,Responded to,Forest fire,Undetermined,Fire Department of Floridablanca,CDMB Environmental Authority,Floridablanca,Urban,Sector Ruitoque,Not reported,Not reported,False,,other,Other or unclassified,Agricultural or land impact recorded
2023 Feb 06 12:00:00 AM,ATENDIDO,2023-02-06T00:00:00.000,GRANIZADA,FUERTES LLUVIAS,CMGRD DE BOLIVAR,CAS,BOLIVAR,RURAL,VEREDA LA AMISTAD,4,0.0,4.0,0,0.0,0.0,0.0,0.0,,,,0.0,0.0,0.0,2023-02-06T00:00:00.000,,,"El CMGRD reporta fuertes lluvias y presencia de granizo en la vereda la Amistad, afectando cultivos de mora, papa y cebolla, se adelantan los EDAN",REPORTE_DE_EVENTOS_POR_DESASTRES_NATURALES_Y_ANTRÓPICOS_(Histórico)_20260415.csv,EVT00653,2023-02-06,ATENDIDO,2023-02-06,GRANIZADA,FUERTES LLUVIAS,CMGRD DE BOLIVAR,CAS,BOLIVAR,RURAL,VEREDA LA AMISTAD,4.0,0.0,4.0,0,0.0,0.0,0.0,0.0,,,,0.0,0.0,0.0,2023-02-06,,,"El CMGRD reporta fuertes lluvias y presencia de granizo en la vereda la Amistad, afectando cultivos de mora, papa y cebolla, se adelantan los EDAN",2023-02-01,0.0,4.0,0.0,True,Responded to,Hailstorm,Heavy rainfall,Municipal Disaster Risk Management Council of Bolivar,CAS Environmental Authority,Bolivar,Rural,Rural Hamlet the Amistad,Not reported,Not reported,False,,hydrometeorological,Hydrometeorological,Housing damage recorded
2023 Feb 06 12:00:00 AM,ATENDIDO,2023-02-06T00:00:00.000,GRANIZADA,FUERTES LLUVIAS,CMGRD DE ONZAGA,CAS,ONZAGA,RURAL,VEREDA TOMBITA,2,0.0,2.0,0,0.0,0.0,0.0,0.0,,,,0.0,0.0,0.0,2023-02-06T00:00:00.000,,,"El CMGRD reporta fuertes lluvias y presencia de granizo en la vereda Tombita afectación de pastizales, cultivos de papa y hortalizas, se adelantan los EDAN.",REPORTE_DE_EVENTOS_POR_DESASTRES_NATURALES_Y_ANTRÓPICOS_(Histórico)_20260415.csv,EVT00654,2023-02-06,ATENDIDO,2023-02-06,GRANIZADA,FUERTES LLUVIAS,CMGRD DE ONZAGA,CAS,ONZAGA,RURAL,VEREDA TOMBITA,2.0,0.0,2.0,0,0.0,0.0,0.0,0.0,,,,0.0,0.0,0.0,2023-02-06,,,"El CMGRD reporta fuertes lluvias y presencia de granizo en la vereda Tombita afectación de pastizales, cultivos de papa y hortalizas, se adelantan los EDAN.",2023-02-01,0.0,2.0,0.0,True,Responded to,Hailstorm,Heavy rainfall,Municipal Disaster Risk Management Council of Onzaga,CAS Environmental Authority,Onzaga,Rural,Rural Hamlet Tombita,Not reported,Not reported,False,,hydrometeorological,Hydrometeorological,Housing damage recorded
2023 Feb 08 12:00:00 AM,ATENDIDO,2023-02-08T00:00:00.000,INCENDIO FORESTAL,INDETERMINADO,BOMBEROS DE CONCEPCION,CAS,CONCEPCION,RURAL,VEREDA BOMBONÁ SECTOR EL TERMINO,0,0.0,0.0,0,0.0,0.0,0.0,6.0,,,,0.0,0.0,0.0,2023-02-08T00:00:00.000,,,"el comandante de bomberos reporta la atención de un incendio forestal en la vereda Bomboná sector el Término, afecuación de 6 hectáreas de vegetación y bosque nativo, estado liquidado, causas desconocidas",REPORTE_DE_EVENTOS_POR_DESASTRES_NATURALES_Y_ANTRÓPICOS_(Histórico)_20260415.csv,EVT00655,2023-02-08,ATENDIDO,2023-02-08,INCENDIO FORESTAL,INDETERMINADO,BOMBEROS DE CONCEPCION,CAS,CONCEPCION,RURAL,VEREDA BOMBONÁ SECTOR EL TERMINO,0.0,0.0,0.0,0,0.0,0.0,0.0,6.0,,,,0.0,0.0,0.0,2023-02-08,,,"el comandante de bomberos reporta la atención de un incendio forestal en la vereda Bomboná sector el Término, afecuación de 6 hectáreas de vegetación y bosque nativo, estado liquidado, causas desconocidas",2023-02-01,0.0,0.0,0.0,True,Responded to,Forest fire,Undetermined,Fire Department of Concepcion,CAS Environmental Authority,Concepcion,Rural,Rural Hamlet Bombona Sector the Termino,Not reported,Not reported,False,,other,Other or unclassified,Agricultural or land impact recorded
2023 Feb 08 12:00:00 AM,ATENDIDO,2023-02-08T00:00:00.000,INCENDIO FORESTAL,INDETERMINADO,CMGRD DE GUADALUPE,CAS,GUADALUPE,RURAL,CERRO SAN RAMON,0,0.0,0.0,0,0.0,0.0,0.0,6.0,,,,0.0,0.0,0.0,2023-02-08T00:00:00.000,,,"el CMGRD reporta la atención de un incendio forestal en el  sector cerro San ramón, afectación de 6 hectáreas de vegetación y bosque nativo, atendido por la defensa civil y la comunidad, estado liquidado, causas desconocidas",REPORTE_DE_EVENTOS_POR_DESASTRES_NATURALES_Y_ANTRÓPICOS_(Histórico)_20260415.csv,EVT00656,2023-02-08,ATENDIDO,2023-02-08,INCENDIO FORESTAL,INDETERMINADO,CMGRD DE GUADALUPE,CAS,GUADALUPE,RURAL,CERRO SAN RAMON,0.0,0.0,0.0,0,0.0,0.0,0.0,6.0,,,,0.0,0.0,0.0,2023-02-08,,,"el CMGRD reporta la atención de un incendio forestal en el sector cerro San ramón, afectación de 6 hectáreas de vegetación y bosque nativo, atendido por la defensa civil y la comunidad, estado liquidado, causas desconocidas",2023-02-01,0.0,0.0,0.0,True,Responded to,Forest fire,Undetermined,Municipal Disaster Risk Management Council of Guadalupe,CAS Environmental Authority,Guadalupe,Rural,Cerro San Ramon,Not reported,Not reported,False,,other,Other or unclassified,Agricultural or land impact recorded
2023 Feb 08 12:00:00 AM,ATENDIDO,2023-02-08T00:00:00.000,GRANIZADA,FUERTES LLUVIAS,CMGRD DE CHARALA,CAS,CHARALA,RURAL,VIA NACIONAL HACIA SAN GIL,0,0.0,0.0,0,0.0,0.0,0.0,0.0,,,,0.0,0.0,0.0,2023-02-08T00:00:00.000,,,"El comandante de bomberos reporta fuertes lluvias y granizada en la via hacia el municipio de San Gil que afecta cultivos de café, cítricos y maíz, se adelantan los EDAN.",REPORTE_DE_EVENTOS_POR_DESASTRES_NATURALES_Y_ANTRÓPICOS_(Histórico)_20260415.csv,EVT00657,2023-02-08,ATENDIDO,2023-02-08,GRANIZADA,FUERTES LLUVIAS,CMGRD DE CHARALA,CAS,CHARALA,RURAL,VIA NACIONAL HACIA SAN GIL,0.0,0.0,0.0,0,0.0,0.0,0.0,0.0,,,,0.0,0.0,0.0,2023-02-08,,,"El comandante de bomberos reporta fuertes lluvias y granizada en la via hacia el municipio de San Gil que afecta cultivos de café, cítricos y maíz, se adelantan los EDAN.",2023-02-01,0.0,0.0,0.0,False,Responded to,Hailstorm,Heavy rainfall,Municipal Disaster Risk Management Council of Charala,CAS Environmental Authority,Charala,Rural,Road Nacional Hacia San Gil,Not reported,Not reported,False,,hydrometeorological,Hydrometeorological,No quantified impact recorded
2023 Feb 09 12:00:00 AM,ATENDIDO,2023-02-11T00:00:00.000,INCENDIO FORESTAL,INDETERMINADO,CMGRD DE GIRON,CDMB,GIRON,RURAL,VEREDA CHOCOA,0,0.0,0.0,0,0.0,0.0,0.0,70.0,,,,0.0,0.0,0.0,2023-02-09T00:00:00.000,,,"el CMGRD reporta incendio forestal en la vereda Chocoa, atendido por el cuerpo de bomberos de Floridablanca, apoyo de bomberos e Piedecuesta, Zapatoca y los Santos, pelotón antidesastres del ejército, PONALSAR y la comunidad, causas desconocidas, el incendio inició el jueves 09-02-2023 y fue liquidado el sábado 11-02-2023, afectación 70 hectáreas de vegetación nativa y helechos",REPORTE_DE_EVENTOS_POR_DESASTRES_NATURALES_Y_ANTRÓPICOS_(Histórico)_20260415.csv,EVT00658,2023-02-09,ATENDIDO,2023-02-11,INCENDIO FORESTAL,INDETERMINADO,CMGRD DE GIRON,CDMB,GIRON,RURAL,VEREDA CHOCOA,0.0,0.0,0.0,0,0.0,0.0,0.0,70.0,,,,0.0,0.0,0.0,2023-02-09,,,"el CMGRD reporta incendio forestal en la vereda Chocoa, atendido por el cuerpo de bomberos de Floridablanca, apoyo de bomberos e Piedecuesta, Zapatoca y los Santos, pelotón antidesastres del ejército, PONALSAR y la comunidad, causas desconocidas, el incendio inició el jueves 09-02-2023 y fue liquidado el sábado 11-02-2023, afectación 70 hectáreas de vegetación nativa y helechos",2023-02-01,0.0,0.0,0.0,True,Responded to,Forest fire,Undetermined,Municipal Disaster Risk Management Council of Giron,CDMB Environmental Authority,Giron,Rural,Rural Hamlet Chocoa,Not reported,Not reported,False,,other,Other or unclassified,Agricultural or land impact recorded
2023 Feb 10 12:00:00 AM,ATENDIDO,2023-02-10T00:00:00.000,INCENDIO FORESTAL,INDETERMINADO,CMGRD DE MOGOTES,CAS,MOGOTES,RURAL,VEREDA LOS ARRAYANES,0,0.0,0.0,0,0.0,0.0,0.0,30.0,,,,0.0,0.0,0.0,2023-02-10T00:00:00.000,,,"El CMGRD reporta la atención de un incendio forestal en  la vereda Arrayanes, atendido por el cuerpo de bomberos, la policía nacional y la comunidad, estado liquidado, afectación de 30 hectáreas de bosque nativo, causas indeterminadas.",REPORTE_DE_EVENTOS_POR_DESASTRES_NATURALES_Y_ANTRÓPICOS_(Histórico)_20260415.csv,EVT00659,2023-02-10,ATENDIDO,2023-02-10,INCENDIO FORESTAL,INDETERMINADO,CMGRD DE MOGOTES,CAS,MOGOTES,RURAL,VEREDA LOS ARRAYANES,0.0,0.0,0.0,0,0.0,0.0,0.0,30.0,,,,0.0,0.0,0.0,2023-02-10,,,"El CMGRD reporta la atención de un incendio forestal en la vereda Arrayanes, atendido por el cuerpo de bomberos, la policía nacional y la comunidad, estado liquidado, afectación de 30 hectáreas de bosque nativo, causas indeterminadas.",2023-02-01,0.0,0.0,0.0,True,Responded to,Forest fire,Undetermined,Municipal Disaster Risk Management Council of Mogotes,CAS Environmental Authority,Mogotes,Rural,Rural Hamlet Los Arrayanes,Not reported,Not reported,False,,other,Other or unclassified,Agricultural or land impact recorded
2023 Feb 13 12:00:00 AM,ATENDIDO,2023-02-13T00:00:00.000,INCENDIO FORESTAL,INDETERMINADO,BOMBEROS DE SABANA,CAS,SABANA DE TORRES,RURAL,VEREDA PROVINCIA Y BARRANCO COLORADO,0,0.0,0.0,0,0.0,0.0,0.0,1.0,,,,0.0,0.0,0.0,2023-02-13T00:00:00.000,,,"El comandante de bomberos reporta incendio forestal en la vereda provincia, atendido por el cuerpo de bomberos apoyado por la policía nacional y comunidad, 1 hectárea de pastizales afectada, causas desconocidas, estado liquidado.",REPORTE_DE_EVENTOS_POR_DESASTRES_NATURALES_Y_ANTRÓPICOS_(Histórico)_20260415.csv,EVT00660,2023-02-13,ATENDIDO,2023-02-13,INCENDIO FORESTAL,INDETERMINADO,BOMBEROS DE SABANA,CAS,SABANA DE TORRES,RURAL,VEREDA PROVINCIA Y BARRANCO COLORADO,0.0,0.0,0.0,0,0.0,0.0,0.0,1.0,,,,0.0,0.0,0.0,2023-02-13,,,"El comandante de bomberos reporta incendio forestal en la vereda provincia, atendido por el cuerpo de bomberos apoyado por la policía nacional y comunidad, 1 hectárea de pastizales afectada, causas desconocidas, estado liquidado.",2023-02-01,0.0,0.0,0.0,True,Responded to,Forest fire,Undetermined,Fire Department of Sabana,CAS Environmental Authority,Sabana De Torres,Rural,Rural Hamlet Provincia and Barranco Colorado,Not reported,Not reported,False,,other,Other or unclassified,Agricultural or land impact recorded
2023 Feb 15 12:00:00 AM,ATENDIDO,2023-02-15T00:00:00.000,SISMO,INDETERMINADO,CMGRD DE LOS SANTOS,CAS,LOS SANTOS,URBANO Y RURAL,TODA LA JURISDICCION,0,0.0,0.0,0,0.0,0.0,0.0,0.0,LOS SANTOS,"5,2º",6.81° -73.19° 150KM,0.0,0.0,0.0,2023-02-15T00:00:00.000,,,"El CMGRD reporta que ante el sismo de 5.2° localizada a 9 kilómetros del municipio de los Santos no se presentaron personas lesionadas, tampoco daños a la infraestructura.",REPORTE_DE_EVENTOS_POR_DESASTRES_NATURALES_Y_ANTRÓPICOS_(Histórico)_20260415.csv,EVT00661,2023-02-15,ATENDIDO,2023-02-15,SISMO,INDETERMINADO,CMGRD DE LOS SANTOS,CAS,LOS SANTOS,URBANO Y RURAL,TODA LA JURISDICCION,0.0,0.0,0.0,0,0.0,0.0,0.0,0.0,LOS SANTOS,5.2,6.81° -73.19° 150KM,0.0,0.0,0.0,2023-02-15,,,"El CMGRD reporta que ante el sismo de 5.2° localizada a 9 kilómetros del municipio de los Santos no se presentaron personas lesionadas, tampoco daños a la infraestructura.",2023-02-01,0.0,0.0,0.0,False,Responded to,Earthquake,Undetermined,Municipal Disaster Risk Management Council of Los Santos,CAS Environmental Authority,Los Santos,Urban and rural,Entire jurisdiction,Not reported,Not reported,True,"event_type, observations",geophysical,Geophysical,No quantified impact recorded
2023 Feb 18 12:00:00 AM,ATENDIDO,2023-02-18T00:00:00.000,INCENDIO FORESTAL,INDETERMINADO,BOMBEROS DE BARRANCABERMEJA,CAS,BARRANCABERMEJA,RURAL,CEMENTERIO LA RESURRECCION,0,0.0,0.0,0,0.0,0.0,0.0,3.0,,,,0.0,0.0,0.0,2023-02-18T00:00:00.000,,,"El comandante de bomberos reporta atención de incendio forestal en el cementerio la Resurrección, afectando unas 3 hectáreas de pastizales, causas en investigación (posibles ritos satánicos)",REPORTE_DE_EVENTOS_POR_DESASTRES_NATURALES_Y_ANTRÓPICOS_(Histórico)_20260415.csv,EVT00662,2023-02-18,ATENDIDO,2023-02-18,INCENDIO FORESTAL,INDETERMINADO,BOMBEROS DE BARRANCABERMEJA,CAS,BARRANCABERMEJA,RURAL,CEMENTERIO LA RESURRECCION,0.0,0.0,0.0,0,0.0,0.0,0.0,3.0,,,,0.0,0.0,0.0,2023-02-18,,,"El comandante de bomberos reporta atención de incendio forestal en el cementerio la Resurrección, afectando unas 3 hectáreas de pastizales, causas en investigación (posibles ritos satánicos)",2023-02-01,0.0,0.0,0.0,True,Responded to,Forest fire,Undetermined,Fire Department of Barrancabermeja,CAS Environmental Authority,Barrancabermeja,Rural,Cementerio the Resurreccion,Not reported,Not reported,False,,other,Other or unclassified,Agricultural or land impact recorded
2023 Feb 20 12:00:00 AM,ATENDIDO,2023-02-20T00:00:00.000,CRECIENTE SUBITA,FUERTES LLUVIAS,CMGRD DE ONZAGA,CAS,ONZAGA,RURAL,QUEBRRADA SANTA CLARA,0,0.0,0.0,0,1.0,0.0,0.0,0.0,,,,0.0,0.0,0.0,20/02/202233,,,"El comandante de bomberos reporta atención de incendio forestal en el cementerio la Resurrección, afectando unas 3 hectáreas de pastizales, causas en investigación (posibles ritos satánicos)",REPORTE_DE_EVENTOS_POR_DESASTRES_NATURALES_Y_ANTRÓPICOS_(Histórico)_20260415.csv,EVT00663,2023-02-20,ATENDIDO,2023-02-20,CRECIENTE SUBITA,FUERTES LLUVIAS,CMGRD DE ONZAGA,CAS,ONZAGA,RURAL,QUEBRRADA SANTA CLARA,0.0,0.0,0.0,0,1.0,0.0,0.0,0.0,,,,0.0,0.0,0.0,,,,"El comandante de bomberos reporta atención de incendio forestal en el cementerio la Resurrección, afectando unas 3 hectáreas de pastizales, causas en investigación (posibles ritos satánicos)",2023-02-01,0.0,0.0,1.0,True,Responded to,Flash flood,Heavy rainfall,Municipal Disaster Risk Management Council of Onzaga,CAS Environmental Authority,Onzaga,Rural,Quebrrada Santa Clara,Not reported,Not reported,False,,hydrometeorological,Hydrometeorological,Infrastructure damage recorded
2023 Feb 20 12:00:00 AM,ATENDIDO,2023-02-20T00:00:00.000,INCENDIO FORESTAL,INDETERMINADO,CMGRD DE RIONEGRO,CDMB,RIONEGRO,RURAL,VEREDA MUSANDA,0,0.0,0.0,0,0.0,0.0,0.0,5.0,,,,0.0,0.0,0.0,20/02/20233,,,"EL CMGRD reporta la atención de un incendio forestal en el bajo Rionegro sector Musanda, afectando 5 hectáreas de cultivo de palma de aceite y pastizales, atendido por bomberos de Rionegro y la comunidad",REPORTE_DE_EVENTOS_POR_DESASTRES_NATURALES_Y_ANTRÓPICOS_(Histórico)_20260415.csv,EVT00664,2023-02-20,ATENDIDO,2023-02-20,INCENDIO FORESTAL,INDETERMINADO,CMGRD DE RIONEGRO,CDMB,RIONEGRO,RURAL,VEREDA MUSANDA,0.0,0.0,0.0,0,0.0,0.0,0.0,5.0,,,,0.0,0.0,0.0,,,,"EL CMGRD reporta la atención de un incendio forestal en el bajo Rionegro sector Musanda, afectando 5 hectáreas de cultivo de palma de aceite y pastizales, atendido por bomberos de Rionegro y la comunidad",2023-02-01,0.0,0.0,0.0,True,Responded to,Forest fire,Undetermined,Municipal Disaster Risk Management Council of Rionegro,CDMB Environmental Authority,Rionegro,Rural,Rural Hamlet Musanda,Not reported,Not reported,False,,other,Other or unclassified,Agricultural or land impact recorded
2023 Feb 21 12:00:00 AM,ATENDIDO,2023-02-21T00:00:00.000,GRANIZADA,FUERTES LLUVIAS,CMGRD DE CHARTA,CDMB,CHARTA,RURAL,SUCTORES DEL PARAMO,0,0.0,0.0,0,0.0,0.0,0.0,0.0,,,,0.0,0.0,0.0,2023-02-21T00:00:00.000,,,"El CMGRD reporta fuertes lluvias y presencia de granizo en varios sectores rurales, afectación de techos y cubiertas y cultivos de mora y hortalizas. Se realizan los EDAN",REPORTE_DE_EVENTOS_POR_DESASTRES_NATURALES_Y_ANTRÓPICOS_(Histórico)_20260415.csv,EVT00665,2023-02-21,ATENDIDO,2023-02-21,GRANIZADA,FUERTES LLUVIAS,CMGRD DE CHARTA,CDMB,CHARTA,RURAL,SUCTORES DEL PARAMO,0.0,0.0,0.0,0,0.0,0.0,0.0,0.0,,,,0.0,0.0,0.0,2023-02-21,,,"El CMGRD reporta fuertes lluvias y presencia de granizo en varios sectores rurales, afectación de techos y cubiertas y cultivos de mora y hortalizas. Se realizan los EDAN",2023-02-01,0.0,0.0,0.0,False,Responded to,Hailstorm,Heavy rainfall,Municipal Disaster Risk Management Council of Charta,CDMB Environmental Authority,Charta,Rural,Suctores of the Paramo,Not reported,Not reported,False,,hydrometeorological,Hydrometeorological,No quantified impact recorded
2023 Feb 21 12:00:00 AM,ATENDIDO,2023-02-21T00:00:00.000,TORMENTAS ELECTRICAS,FUERTES LLUVIAS,CMGRD DE GIRON,CDMB,GIRON,RURAL,ANILLO VIAL Y SECTOR ACAPULCO,0,0.0,0.0,0,0.0,0.0,0.0,0.0,,,,0.0,0.0,0.0,2023-02-21T00:00:00.000,,,"El CMGRD reporta fuertes lluvias y tormentas que causó colapso del alcantarillado en la vía hacia el anillo vial, afectaciones en cultivos de limón y cítricos. Se realizan los EDAN",REPORTE_DE_EVENTOS_POR_DESASTRES_NATURALES_Y_ANTRÓPICOS_(Histórico)_20260415.csv,EVT00666,2023-02-21,ATENDIDO,2023-02-21,TORMENTAS ELECTRICAS,FUERTES LLUVIAS,CMGRD DE GIRON,CDMB,GIRON,RURAL,ANILLO VIAL Y SECTOR ACAPULCO,0.0,0.0,0.0,0,0.0,0.0,0.0,0.0,,,,0.0,0.0,0.0,2023-02-21,,,"El CMGRD reporta fuertes lluvias y tormentas que causó colapso del alcantarillado en la vía hacia el anillo vial, afectaciones en cultivos de limón y cítricos. Se realizan los EDAN",2023-02-01,0.0,0.0,0.0,False,Responded to,Thunderstorms,Heavy rainfall,Municipal Disaster Risk Management Council of Giron,CDMB Environmental Authority,Giron,Rural,Anillo Vial and Sector Acapulco,Not reported,Not reported,False,,hydrometeorological,Hydrometeorological,No quantified impact recorded
2023 Feb 24 12:00:00 AM,ATENDIDO,2023-02-24T00:00:00.000,INCENDIO FORESTAL,INDETERMINADO,CMGRD EL GUACAMAYO,CAS,EL GUACAMAYO,RURAL,CERRO PICACHO DEL ZORRO,0,0.0,0.0,0,0.0,0.0,0.0,15.0,,,,0.0,0.0,0.0,2023-02-24T00:00:00.000,,,"El CMGRD reporta la atención de un incendio forestal en el cerro Picacho del Zorro, atendido por bomberos de Contratación, policía nacional y el ejército que afectó 15 hectáreas de vegetación nativa , estado liquidado",REPORTE_DE_EVENTOS_POR_DESASTRES_NATURALES_Y_ANTRÓPICOS_(Histórico)_20260415.csv,EVT00667,2023-02-24,ATENDIDO,2023-02-24,INCENDIO FORESTAL,INDETERMINADO,CMGRD EL GUACAMAYO,CAS,EL GUACAMAYO,RURAL,CERRO PICACHO DEL ZORRO,0.0,0.0,0.0,0,0.0,0.0,0.0,15.0,,,,0.0,0.0,0.0,2023-02-24,,,"El CMGRD reporta la atención de un incendio forestal en el cerro Picacho del Zorro, atendido por bomberos de Contratación, policía nacional y el ejército que afectó 15 hectáreas de vegetación nativa , estado liquidado",2023-02-01,0.0,0.0,0.0,True,Responded to,Forest fire,Undetermined,Municipal Disaster Risk Management Council the Guacamayo,CAS Environmental Authority,El Guacamayo,Rural,Cerro Picacho of the Zorro,Not reported,Not reported,False,,other,Other or unclassified,Agricultural or land impact recorded
2023 Feb 25 12:00:00 AM,ATENDIDO,2023-02-25T00:00:00.000,INCENDIO FORESTAL,INDETERMINADO,CMGRD DE PUERTO WILCHES,CAS,PUERTO WILCHES,RURAL,SALIDA HACIA BUCARAMANGA,0,0.0,0.0,0,0.0,0.0,0.0,10.0,,,,0.0,0.0,0.0,2023-02-25T00:00:00.000,,,"El CMGRD reporta la atención de un incendio forestal la salida del casco urbano , hacia Bucaramanga atendido por bomberos de Puerto Wilches que afectó 10 hectáreas de vegetación nativa , estado liquidado",REPORTE_DE_EVENTOS_POR_DESASTRES_NATURALES_Y_ANTRÓPICOS_(Histórico)_20260415.csv,EVT00668,2023-02-25,ATENDIDO,2023-02-25,INCENDIO FORESTAL,INDETERMINADO,CMGRD DE PUERTO WILCHES,CAS,PUERTO WILCHES,RURAL,SALIDA HACIA BUCARAMANGA,0.0,0.0,0.0,0,0.0,0.0,0.0,10.0,,,,0.0,0.0,0.0,2023-02-25,,,"El CMGRD reporta la atención de un incendio forestal la salida del casco urbano , hacia Bucaramanga atendido por bomberos de Puerto Wilches que afectó 10 hectáreas de vegetación nativa , estado liquidado",2023-02-01,0.0,0.0,0.0,True,Responded to,Forest fire,Undetermined,Municipal Disaster Risk Management Council of Puerto Wilches,CAS Environmental Authority,Puerto Wilches,Rural,Salida Hacia Bucaramanga,Not reported,Not reported,False,,other,Other or unclassified,Agricultural or land impact recorded
2023 Feb 25 12:00:00 AM,ATENDIDO,2023-02-25T00:00:00.000,INCENDIO FORESTAL,INDETERMINADO,BOMBEROS DE BARRANCABERMEJA,CAS,BARRANCABERMEJA,RURAL,VEREDA CAMPO GALA,0,0.0,0.0,0,0.0,0.0,0.0,6.0,,,,0.0,0.0,0.0,2023-02-25T00:00:00.000,,,"El CMGRD reporta la atención de un incendio forestal en la vereda Campo Gala, atendido por bomberos de Barrancabermeja que afectó 6 hectáreas de  pastizales y rastrojos , estado liquidado",REPORTE_DE_EVENTOS_POR_DESASTRES_NATURALES_Y_ANTRÓPICOS_(Histórico)_20260415.csv,EVT00669,2023-02-25,ATENDIDO,2023-02-25,INCENDIO FORESTAL,INDETERMINADO,BOMBEROS DE BARRANCABERMEJA,CAS,BARRANCABERMEJA,RURAL,VEREDA CAMPO GALA,0.0,0.0,0.0,0,0.0,0.0,0.0,6.0,,,,0.0,0.0,0.0,2023-02-25,,,"El CMGRD reporta la atención de un incendio forestal en la vereda Campo Gala, atendido por bomberos de Barrancabermeja que afectó 6 hectáreas de pastizales y rastrojos , estado liquidado",2023-02-01,0.0,0.0,0.0,True,Responded to,Forest fire,Undetermined,Fire Department of Barrancabermeja,CAS Environmental Authority,Barrancabermeja,Rural,Rural Hamlet Campo Gala,Not reported,Not reported,False,,other,Other or unclassified,Agricultural or land impact recorded
2023 Feb 26 12:00:00 AM,ATENDIDO,2023-02-26T00:00:00.000,INCENDIO FORESTAL,INDETERMINADO,BOMBEROS DE BETULIA,CAS,BETULIA,RURAL,VEREDA SAN RAFAEL,0,0.0,0.0,0,0.0,0.0,0.0,3.0,,,,0.0,0.0,0.0,2023-02-26T00:00:00.000,,,"El comandante de bomberos reporta la atención de un incendio forestal en la vereda San Rafael que afectó 3 hectáreas de pino y pastizales, atendido por bomberos de Betulia, estado liquidado",REPORTE_DE_EVENTOS_POR_DESASTRES_NATURALES_Y_ANTRÓPICOS_(Histórico)_20260415.csv,EVT00670,2023-02-26,ATENDIDO,2023-02-26,INCENDIO FORESTAL,INDETERMINADO,BOMBEROS DE BETULIA,CAS,BETULIA,RURAL,VEREDA SAN RAFAEL,0.0,0.0,0.0,0,0.0,0.0,0.0,3.0,,,,0.0,0.0,0.0,2023-02-26,,,"El comandante de bomberos reporta la atención de un incendio forestal en la vereda San Rafael que afectó 3 hectáreas de pino y pastizales, atendido por bomberos de Betulia, estado liquidado",2023-02-01,0.0,0.0,0.0,True,Responded to,Forest fire,Undetermined,Fire Department of Betulia,CAS Environmental Authority,Betulia,Rural,Rural Hamlet San Rafael,Not reported,Not reported,False,,other,Other or unclassified,Agricultural or land impact recorded
2023 Feb 26 12:00:00 AM,ATENDIDO,2023-02-26T00:00:00.000,INCENDIO FORESTAL,INDETERMINADO,CMGRD EL PLAYON,CDMB,EL PLAYON,RURAL,VEREDA QUINALES,0,0.0,0.0,0,0.0,0.0,0.0,5.0,,,,0.0,0.0,0.0,2023-02-26T00:00:00.000,,,"El CMGRD reporta la atención de un incendio forestal en la vereda Quinales que afectó 05 hectáreas vegetación nativa y pastizales, atendido por la defensa civil, estado liquidado",REPORTE_DE_EVENTOS_POR_DESASTRES_NATURALES_Y_ANTRÓPICOS_(Histórico)_20260415.csv,EVT00671,2023-02-26,ATENDIDO,2023-02-26,INCENDIO FORESTAL,INDETERMINADO,CMGRD EL PLAYON,CDMB,EL PLAYON,RURAL,VEREDA QUINALES,0.0,0.0,0.0,0,0.0,0.0,0.0,5.0,,,,0.0,0.0,0.0,2023-02-26,,,"El CMGRD reporta la atención de un incendio forestal en la vereda Quinales que afectó 05 hectáreas vegetación nativa y pastizales, atendido por la defensa civil, estado liquidado",2023-02-01,0.0,0.0,0.0,True,Responded to,Forest fire,Undetermined,Municipal Disaster Risk Management Council the Playon,CDMB Environmental Authority,El Playon,Rural,Rural Hamlet Quinales,Not reported,Not reported,False,,other,Other or unclassified,Agricultural or land impact recorded
2023 Feb 27 12:00:00 AM,ATENDIDO,2023-02-27T00:00:00.000,TORMENTAS ELECTRICAS,FUERTES LLUVIAS,CMGRD DE FLORIDABLANCA,CDMB,FLORIDABLANCA,URBANO Y RURAL,VIA HACIA EL CORREGIMIENTO ACAPULCO,0,0.0,0.0,0,0.0,0.0,0.0,0.0,,,,0.0,0.0,0.0,2023-02-27T00:00:00.000,,,"El CMGRD reporta fuertes lluvias y tormentas eléctricas en el casco urbano y sectores vía a Acapulco, afectaciones en techos y cubiertas, cortes de energía eléctrica por la caída de árboles, se adelantan los EDAN.",REPORTE_DE_EVENTOS_POR_DESASTRES_NATURALES_Y_ANTRÓPICOS_(Histórico)_20260415.csv,EVT00672,2023-02-27,ATENDIDO,2023-02-27,TORMENTAS ELECTRICAS,FUERTES LLUVIAS,CMGRD DE FLORIDABLANCA,CDMB,FLORIDABLANCA,URBANO Y RURAL,VIA HACIA EL CORREGIMIENTO ACAPULCO,0.0,0.0,0.0,0,0.0,0.0,0.0,0.0,,,,0.0,0.0,0.0,2023-02-27,,,"El CMGRD reporta fuertes lluvias y tormentas eléctricas en el casco urbano y sectores vía a Acapulco, afectaciones en techos y cubiertas, cortes de energía eléctrica por la caída de árboles, se adelantan los EDAN.",2023-02-01,0.0,0.0,0.0,False,Responded to,Thunderstorms,Heavy rainfall,Municipal Disaster Risk Management Council of Floridablanca,CDMB Environmental Authority,Floridablanca,Urban and rural,Road Hacia the Township Acapulco,Not reported,Not reported,False,,hydrometeorological,Hydrometeorological,No quantified impact recorded
2023 Mar 10 12:00:00 AM,ATENDIDO,2023-03-10T00:00:00.000,SISMO,INDETERMINADO,CMGRD LOS SANTOS,CAS,LOS SANTOS,URBANO Y RURAL,TODA LA JURISDICCION,0,0.0,35.0,0,0.0,0.0,2.0,0.0,LOS SANTOS,"5,9º",Latitud: 6.83° Longitud: -73.17°,0.0,0.0,0.0,2023-03-10T00:00:00.000,,,"El viernes 10 de marzo del 2023 a las 4:18 minutos,  El Servicio geológico colombiano nos confirmó un sismo de  5.9° Richter, localizado a  11 km del municipio de los Santos con una profundidad de 151 km. El cual fue sentido en 22 departamentos y en los países de Venezuela y Panamá, REPORTAN AFECTACIONES EN 5 VIVIENDAS DE San Gil, 5 en el municipio de Charta, 20 en Matanza, 2 edificios en Floridablanca, un colegio en Vetas y una escuela en Lebrija, continúan los EDAN",REPORTE_DE_EVENTOS_POR_DESASTRES_NATURALES_Y_ANTRÓPICOS_(Histórico)_20260415.csv,EVT00673,2023-03-10,ATENDIDO,2023-03-10,SISMO,INDETERMINADO,CMGRD LOS SANTOS,CAS,LOS SANTOS,URBANO Y RURAL,TODA LA JURISDICCION,0.0,0.0,35.0,0,0.0,0.0,2.0,0.0,LOS SANTOS,5.9,Latitud: 6.83° Longitud: -73.17°,0.0,0.0,0.0,2023-03-10,,,"El viernes 10 de marzo del 2023 a las 4:18 minutos, El Servicio geológico colombiano nos confirmó un sismo de 5.9° Richter, localizado a 11 km del municipio de los Santos con una profundidad de 151 km. El cual fue sentido en 22 departamentos y en los países de Venezuela y Panamá, REPORTAN AFECTACIONES EN 5 VIVIENDAS DE San Gil, 5 en el municipio de Charta, 20 en Matanza, 2 edificios en Floridablanca, un colegio en Vetas y una escuela en Lebrija, continúan los EDAN",2023-03-01,0.0,35.0,2.0,True,Responded to,Earthquake,Undetermined,Municipal Disaster Risk Management Council Los Santos,CAS Environmental Authority,Los Santos,Urban and rural,Entire jurisdiction,Not reported,Not reported,True,"event_type, observations",geophysical,Geophysical,Housing damage recorded
2023 Mar 10 12:00:00 AM,ATENDIDO,2023-03-10T00:00:00.000,MOVIMIENTO EN MASA,DESLIZAMIENTOS,CMGRD RIONEGRO,CDMB,RIONEGRO,RURAL,VIA HACIA EL CORREGIMIENTO SANTA CRUZ DE LA COLINA,0,0.0,0.0,0,1.0,0.0,0.0,0.0,,,,0.0,0.0,0.0,2023-03-10T00:00:00.000,,,"El CMGRD reporta deslizamientos y perdida de la banca en la vía que comunica al corregimiento Santa Cruz de la Colina con el municipio de Rionegro, se coordina envío de maquinaria para la rehabilitación del paso vehicular.",REPORTE_DE_EVENTOS_POR_DESASTRES_NATURALES_Y_ANTRÓPICOS_(Histórico)_20260415.csv,EVT00674,2023-03-10,ATENDIDO,2023-03-10,MOVIMIENTO EN MASA,DESLIZAMIENTOS,CMGRD RIONEGRO,CDMB,RIONEGRO,RURAL,VIA HACIA EL CORREGIMIENTO SANTA CRUZ DE LA COLINA,0.0,0.0,0.0,0,1.0,0.0,0.0,0.0,,,,0.0,0.0,0.0,2023-03-10,,,"El CMGRD reporta deslizamientos y perdida de la banca en la vía que comunica al corregimiento Santa Cruz de la Colina con el municipio de Rionegro, se coordina envío de maquinaria para la rehabilitación del paso vehicular.",2023-03-01,0.0,0.0,1.0,True,Responded to,Mass movement,Landslides,Municipal Disaster Risk Management Council Rionegro,CDMB Environmental Authority,Rionegro,Rural,Road Hacia the Township Santa Cruz of the Colina,Not reported,Not reported,False,,geophysical,Geophysical,Infrastructure damage recorded
2023 Mar 13 12:00:00 AM,ATENDIDO,2023-03-13T00:00:00.000,MOVIMIENTO EN MASA,DESLIZAMIENTOS,CMGRD DE TONA,CDMB,TONA,RURAL,VIA HACIA BUCARAMANGA SECTOR ARBOL SOLO,0,0.0,0.0,0,1.0,0.0,0.0,0.0,,,,0.0,0.0,0.0,2023-03-13T00:00:00.000,,,"El CMGRD reporta deslizamientos en la vía que conduce del km 16 al municipio en el sector Arbol Solo km 5, la vía hacia Bucaramanga se mantiene cerrada, se coordina traslado de maquinaria para rehabilitar el paso.",REPORTE_DE_EVENTOS_POR_DESASTRES_NATURALES_Y_ANTRÓPICOS_(Histórico)_20260415.csv,EVT00675,2023-03-13,ATENDIDO,2023-03-13,MOVIMIENTO EN MASA,DESLIZAMIENTOS,CMGRD DE TONA,CDMB,TONA,RURAL,VIA HACIA BUCARAMANGA SECTOR ARBOL SOLO,0.0,0.0,0.0,0,1.0,0.0,0.0,0.0,,,,0.0,0.0,0.0,2023-03-13,,,"El CMGRD reporta deslizamientos en la vía que conduce del km 16 al municipio en el sector Arbol Solo km 5, la vía hacia Bucaramanga se mantiene cerrada, se coordina traslado de maquinaria para rehabilitar el paso.",2023-03-01,0.0,0.0,1.0,True,Responded to,Mass movement,Landslides,Municipal Disaster Risk Management Council of Tona,CDMB Environmental Authority,Tona,Rural,Road Hacia Bucaramanga Sector Arbol Solo,Not reported,Not reported,False,,geophysical,Geophysical,Infrastructure damage recorded
2023 Mar 14 12:00:00 AM,ATENDIDO,2023-03-14T00:00:00.000,CRECIENTE SUBITA,FUERTES LLUVIAS,CMGRD DE ONZAGA,CAS,ONZAGA,RURAL,VIA NACIONAL ONZAGA - SAN JOAQUIN,0,0.0,0.0,0,1.0,0.0,0.0,0.0,,,,0.0,0.0,0.0,2023-03-14T00:00:00.000,,,"El CMGRD reporta creciente súbita del rio Susa, causa debilitamiento en el puente sector Campo Bello, se mantiene monitoreo permanente. Además se presentaron deslizamientos en el sector la Ladrillera que afecta la vía Onzaga – San Joaquín, se coordina traslado de maquinaria para rehabilitar el paso",REPORTE_DE_EVENTOS_POR_DESASTRES_NATURALES_Y_ANTRÓPICOS_(Histórico)_20260415.csv,EVT00676,2023-03-14,ATENDIDO,2023-03-14,CRECIENTE SUBITA,FUERTES LLUVIAS,CMGRD DE ONZAGA,CAS,ONZAGA,RURAL,VIA NACIONAL ONZAGA - SAN JOAQUIN,0.0,0.0,0.0,0,1.0,0.0,0.0,0.0,,,,0.0,0.0,0.0,2023-03-14,,,"El CMGRD reporta creciente súbita del rio Susa, causa debilitamiento en el puente sector Campo Bello, se mantiene monitoreo permanente. Además se presentaron deslizamientos en el sector la Ladrillera que afecta la vía Onzaga – San Joaquín, se coordina traslado de maquinaria para rehabilitar el paso",2023-03-01,0.0,0.0,1.0,True,Responded to,Flash flood,Heavy rainfall,Municipal Disaster Risk Management Council of Onzaga,CAS Environmental Authority,Onzaga,Rural,Road Nacional Onzaga - San Joaquin,Not reported,Not reported,False,,hydrometeorological,Hydrometeorological,Infrastructure damage recorded
2023 Mar 15 12:00:00 AM,ATENDIDO,2023-03-15T00:00:00.000,INUNDACIONES,CRECIENTE SUBITA,CMGRD DE SIMACOTA,CAS,SIMACOTA,RURAL,"BAJO SIMACOTA, SECTOR EL OPON Y LA ROCHELA",30,0.0,30.0,0,1.0,0.0,0.0,0.0,,,,0.0,0.0,0.0,2023-03-15T00:00:00.000,,,"El CMGRD reporta creciente súbita del rio Opón en sectores de las veredas el Opón y la Rochela, afectación en viviendas, establecimientos comerciales, cultivos de yuca, plátano y cítricos. Afectación en la vía nacional troncal del Magdalena por el desbordamiento a la altura del puente el Opón. Se realizan los EDAN por funcionarios del CMGRD",REPORTE_DE_EVENTOS_POR_DESASTRES_NATURALES_Y_ANTRÓPICOS_(Histórico)_20260415.csv,EVT00677,2023-03-15,ATENDIDO,2023-03-15,INUNDACIONES,CRECIENTE SUBITA,CMGRD DE SIMACOTA,CAS,SIMACOTA,RURAL,"BAJO SIMACOTA, SECTOR EL OPON Y LA ROCHELA",30.0,0.0,30.0,0,1.0,0.0,0.0,0.0,,,,0.0,0.0,0.0,2023-03-15,,,"El CMGRD reporta creciente súbita del rio Opón en sectores de las veredas el Opón y la Rochela, afectación en viviendas, establecimientos comerciales, cultivos de yuca, plátano y cítricos. Afectación en la vía nacional troncal del Magdalena por el desbordamiento a la altura del puente el Opón. Se realizan los EDAN por funcionarios del CMGRD",2023-03-01,0.0,30.0,1.0,True,Responded to,Floods,Flash flood,Municipal Disaster Risk Management Council of Simacota,CAS Environmental Authority,Simacota,Rural,Bajo Simacota Sector the Opon and the Rochela,Not reported,Not reported,False,,hydrometeorological,Hydrometeorological,Housing damage recorded
2023 Mar 16 12:00:00 AM,ATENDIDO,2023-03-16T00:00:00.000,INUNDACIONES,CRECIENTE SUBITA,CMGRD DE RIONEGRO,CDMB,RIONEGRO,RURAL,RIO CACHIRA SECTOR EL TALADRO,20,0.0,0.0,0,0.0,0.0,0.0,0.0,,,,0.0,0.0,0.0,2023-03-16T00:00:00.000,,,"El CMGRD reporta el desbordamiento del rio Cachira en el sector el Taladro causando inundación en gran cantidad de hectáreas de cultivos de palma de aceite, pastos para ganadería y afectación en viviendas, se coordina el desplazamiento de personal del CMGRD  para realizar la Evaluación de Daños y Análisis de Necesidades EDAN.",REPORTE_DE_EVENTOS_POR_DESASTRES_NATURALES_Y_ANTRÓPICOS_(Histórico)_20260415.csv,EVT00678,2023-03-16,ATENDIDO,2023-03-16,INUNDACIONES,CRECIENTE SUBITA,CMGRD DE RIONEGRO,CDMB,RIONEGRO,RURAL,RIO CACHIRA SECTOR EL TALADRO,20.0,0.0,0.0,0,0.0,0.0,0.0,0.0,,,,0.0,0.0,0.0,2023-03-16,,,"El CMGRD reporta el desbordamiento del rio Cachira en el sector el Taladro causando inundación en gran cantidad de hectáreas de cultivos de palma de aceite, pastos para ganadería y afectación en viviendas, se coordina el desplazamiento de personal del CMGRD para realizar la Evaluación de Daños y Análisis de Necesidades EDAN.",2023-03-01,0.0,0.0,0.0,False,Responded to,Floods,Flash flood,Municipal Disaster Risk Management Council of Rionegro,CDMB Environmental Authority,Rionegro,Rural,Rio Cachira Sector the Taladro,Not reported,Not reported,False,,hydrometeorological,Hydrometeorological,No quantified impact recorded
2023 Mar 16 12:00:00 AM,ATENDIDO,2023-03-16T00:00:00.000,INUNDACIONES,CRECIENTE SUBITA,CMGRD SABANA DE TORRES,CAS,SABANA DE TORRES,RURAL,RIO LEBRIJA SECTOR BOCAS DE LA TIGRA,25,0.0,5.0,0,0.0,0.0,0.0,0.0,,,,0.0,0.0,0.0,2023-03-16T00:00:00.000,,,"El CMGRD reporta el desbordamiento del rio Lebrija en el sector el Bocas de la Tigra causando inundación en gran cantidad de hectáreas de cultivos de palma de aceite, pastos para ganadería y afectación en viviendas, se coordina el desplazamiento de personal del CMGRD  para realizar la Evaluación de Daños y Análisis de Necesidades EDAN.",REPORTE_DE_EVENTOS_POR_DESASTRES_NATURALES_Y_ANTRÓPICOS_(Histórico)_20260415.csv,EVT00679,2023-03-16,ATENDIDO,2023-03-16,INUNDACIONES,CRECIENTE SUBITA,CMGRD SABANA DE TORRES,CAS,SABANA DE TORRES,RURAL,RIO LEBRIJA SECTOR BOCAS DE LA TIGRA,25.0,0.0,5.0,0,0.0,0.0,0.0,0.0,,,,0.0,0.0,0.0,2023-03-16,,,"El CMGRD reporta el desbordamiento del rio Lebrija en el sector el Bocas de la Tigra causando inundación en gran cantidad de hectáreas de cultivos de palma de aceite, pastos para ganadería y afectación en viviendas, se coordina el desplazamiento de personal del CMGRD para realizar la Evaluación de Daños y Análisis de Necesidades EDAN.",2023-03-01,0.0,5.0,0.0,True,Responded to,Floods,Flash flood,Municipal Disaster Risk Management Council Sabana of Torres,CAS Environmental Authority,Sabana De Torres,Rural,Rio Lebrija Sector Bocas of the Tigra,Not reported,Not reported,False,,hydrometeorological,Hydrometeorological,Housing damage recorded
2023 Mar 17 12:00:00 AM,ATENDIDO,2023-03-17T00:00:00.000,MOVIMIENTO EN MASA,DESLIZAMIENTOS,CMGRD DE FLORIDABLANCA,CDMB,FLORIDABLANCA,RURAL,"VEREDA HELECHALES, SECTOR LA JUDIA",3,0.0,3.0,0,1.0,0.0,0.0,0.0,,,,0.0,0.0,0.0,2023-03-17T00:00:00.000,,,"El CMGRD reporta deslizamientos y creciente súbita Quebrada la Judía 03 viviendas afectadas y cierre de la vía entre el Santísimo y la Judía, atiende el CMGRD bomberos de Floridablanca y la comunidad",REPORTE_DE_EVENTOS_POR_DESASTRES_NATURALES_Y_ANTRÓPICOS_(Histórico)_20260415.csv,EVT00680,2023-03-17,ATENDIDO,2023-03-17,MOVIMIENTO EN MASA,DESLIZAMIENTOS,CMGRD DE FLORIDABLANCA,CDMB,FLORIDABLANCA,RURAL,"VEREDA HELECHALES, SECTOR LA JUDIA",3.0,0.0,3.0,0,1.0,0.0,0.0,0.0,,,,0.0,0.0,0.0,2023-03-17,,,"El CMGRD reporta deslizamientos y creciente súbita Quebrada la Judía 03 viviendas afectadas y cierre de la vía entre el Santísimo y la Judía, atiende el CMGRD bomberos de Floridablanca y la comunidad",2023-03-01,0.0,3.0,1.0,True,Responded to,Mass movement,Landslides,Municipal Disaster Risk Management Council of Floridablanca,CDMB Environmental Authority,Floridablanca,Rural,Rural Hamlet Helechales Sector the Judia,Not reported,Not reported,False,,geophysical,Geophysical,Housing damage recorded
2023 Apr 18 12:00:00 AM,ATENDIDO,2023-04-18T00:00:00.000,MOVIMIENTO EN MASA,DESLIZAMIENTOS,CMGRD DE GAMBITA,CAS,GAMBITA,RURAL,VIA HACIA EL DEPARTAMENTO DE BOYACA,0,0.0,0.0,0,1.0,0.0,0.0,0.0,,,,0.0,0.0,0.0,2023-04-18T00:00:00.000,,,"El CMGRD reporta cierre de la vía que comunica al municipio de Gambita con el departamento de Boyacá por deslizamientos a causa de las lluvias, se coordina envío de maquinaria amarilla para rehabilitar el paso.",REPORTE_DE_EVENTOS_POR_DESASTRES_NATURALES_Y_ANTRÓPICOS_(Histórico)_20260415.csv,EVT00681,2023-04-18,ATENDIDO,2023-04-18,MOVIMIENTO EN MASA,DESLIZAMIENTOS,CMGRD DE GAMBITA,CAS,GAMBITA,RURAL,VIA HACIA EL DEPARTAMENTO DE BOYACA,0.0,0.0,0.0,0,1.0,0.0,0.0,0.0,,,,0.0,0.0,0.0,2023-04-18,,,"El CMGRD reporta cierre de la vía que comunica al municipio de Gambita con el departamento de Boyacá por deslizamientos a causa de las lluvias, se coordina envío de maquinaria amarilla para rehabilitar el paso.",2023-04-01,0.0,0.0,1.0,True,Responded to,Mass movement,Landslides,Municipal Disaster Risk Management Council of Gambita,CAS Environmental Authority,Gambita,Rural,Road Hacia the Departamento of Boyaca,Not reported,Not reported,False,,geophysical,Geophysical,Infrastructure damage recorded
2023 Mar 17 12:00:00 AM,ATENDIDO,2023-03-17T00:00:00.000,MOVIMIENTO EN MASA,INDETERMINADO,CMGRD DE BUCARAMANGA,CDMB,BUCARAMANGA,URBANO,BARRIO LA FERIA,50,8.0,35.0,0,1.0,0.0,0.0,0.0,,,,0.0,0.0,0.0,2022-03-17T00:00:00.000,,,"El CMGRD. movimiento en masa y activación de falla geológico, que genera hundimiento de la vía y grietas en varias viviendas 20 viviendas evacuadas hacia el salón comunal, Las lluvias del lunes 21 en horas de la noche, causó la evacuación de dos viviendas más en el sector Zarabanda al norte de la ciudad",REPORTE_DE_EVENTOS_POR_DESASTRES_NATURALES_Y_ANTRÓPICOS_(Histórico)_20260415.csv,EVT00682,2023-03-17,ATENDIDO,2023-03-17,MOVIMIENTO EN MASA,INDETERMINADO,CMGRD DE BUCARAMANGA,CDMB,BUCARAMANGA,URBANO,BARRIO LA FERIA,50.0,8.0,35.0,0,1.0,0.0,0.0,0.0,,,,0.0,0.0,0.0,2022-03-17,,,"El CMGRD. movimiento en masa y activación de falla geológico, que genera hundimiento de la vía y grietas en varias viviendas 20 viviendas evacuadas hacia el salón comunal, Las lluvias del lunes 21 en horas de la noche, causó la evacuación de dos viviendas más en el sector Zarabanda al norte de la ciudad",2023-03-01,0.0,43.0,1.0,True,Responded to,Mass movement,Undetermined,Municipal Disaster Risk Management Council of Bucaramanga,CDMB Environmental Authority,Bucaramanga,Urban,Neighborhood the Feria,Not reported,Not reported,False,,geophysical,Geophysical,Housing damage recorded
2023 Mar 21 12:00:00 AM,ATENDIDO,2023-03-21T00:00:00.000,INUNDACIONES,CRECIENTE SUBITA,CMGRD DE RIONEGRO,CDMB,RIONEGRO,RURAL,"BAJO RIONEGRO, PAPAYA, SAN JOSE DE LOS CHORROS",100,0.0,15.0,0,0.0,0.0,0.0,0.0,,,,0.0,0.0,0.0,2023-03-21T00:00:00.000,,,"EL CMGRD reporta creciente súbita del rio Lebrija que causa desbordamiento en el bajo Rionegro, sectores de Papaya, el Taladro, la Platanala, San Rafael y los Chorros. Se adelantan vivitas técnicas para coordinar la respuesta a las emergencias y caracterizar las familias afectadas.",REPORTE_DE_EVENTOS_POR_DESASTRES_NATURALES_Y_ANTRÓPICOS_(Histórico)_20260415.csv,EVT00683,2023-03-21,ATENDIDO,2023-03-21,INUNDACIONES,CRECIENTE SUBITA,CMGRD DE RIONEGRO,CDMB,RIONEGRO,RURAL,"BAJO RIONEGRO, PAPAYA, SAN JOSE DE LOS CHORROS",100.0,0.0,15.0,0,0.0,0.0,0.0,0.0,,,,0.0,0.0,0.0,2023-03-21,,,"EL CMGRD reporta creciente súbita del rio Lebrija que causa desbordamiento en el bajo Rionegro, sectores de Papaya, el Taladro, la Platanala, San Rafael y los Chorros. Se adelantan vivitas técnicas para coordinar la respuesta a las emergencias y caracterizar las familias afectadas.",2023-03-01,0.0,15.0,0.0,True,Responded to,Floods,Flash flood,Municipal Disaster Risk Management Council of Rionegro,CDMB Environmental Authority,Rionegro,Rural,Bajo Rionegro Papaya San Jose of Los Chorros,Not reported,Not reported,False,,hydrometeorological,Hydrometeorological,Housing damage recorded
2023 Mar 27 12:00:00 AM,ATENDIDO,2023-03-27T00:00:00.000,GRANIZADA,FUERTES LLUVIAS,CMGRD DE CHARALA,CAS,CHARALA,RURAL,AREAS URBANA Y RURAL,10,0.0,0.0,0,0.0,0.0,0.0,10.0,,,,0.0,0.0,0.0,2023-03-27T00:00:00.000,,,"El CMGRD reporta Granizadas durante dos días seguidos en Charalá, afectación en cultivos de café, cítricos y pastizales, se adelanta la evaluación de daños y análisis de necesidades EDAN",REPORTE_DE_EVENTOS_POR_DESASTRES_NATURALES_Y_ANTRÓPICOS_(Histórico)_20260415.csv,EVT00684,2023-03-27,ATENDIDO,2023-03-27,GRANIZADA,FUERTES LLUVIAS,CMGRD DE CHARALA,CAS,CHARALA,RURAL,AREAS URBANA Y RURAL,10.0,0.0,0.0,0,0.0,0.0,0.0,10.0,,,,0.0,0.0,0.0,2023-03-27,,,"El CMGRD reporta Granizadas durante dos días seguidos en Charalá, afectación en cultivos de café, cítricos y pastizales, se adelanta la evaluación de daños y análisis de necesidades EDAN",2023-03-01,0.0,0.0,0.0,True,Responded to,Hailstorm,Heavy rainfall,Municipal Disaster Risk Management Council of Charala,CAS Environmental Authority,Charala,Rural,Areas Urbana and Rural,Not reported,Not reported,False,,hydrometeorological,Hydrometeorological,Agricultural or land impact recorded
2023 Apr 03 12:00:00 AM,ATENDIDO,2023-04-03T00:00:00.000,MOVIMIENTO EN MASA,CRECIENTE SUBITA,CMGRD DE ONZAGA,CAS,ONZAGA,RURAL,VIA NACIONAL ONZAGA - SAN JOAQUIN,0,0.0,0.0,0,1.0,0.0,0.0,0.0,,,,0.0,0.0,0.0,2023-04-03T00:00:00.000,,,"El CMGRD reportó creciente súbita de la quebrada Santa Clara, causando cierre de la vía nacional entre San Joaquin y Onzaga por la cantidad de material de arrastre de un fenómeno de remoción en masa que se encuentra en el sector, atendió INVIAS con maquinaria amarilla, PASO RESTRINGIDO",REPORTE_DE_EVENTOS_POR_DESASTRES_NATURALES_Y_ANTRÓPICOS_(Histórico)_20260415.csv,EVT00685,2023-04-03,ATENDIDO,2023-04-03,MOVIMIENTO EN MASA,CRECIENTE SUBITA,CMGRD DE ONZAGA,CAS,ONZAGA,RURAL,VIA NACIONAL ONZAGA - SAN JOAQUIN,0.0,0.0,0.0,0,1.0,0.0,0.0,0.0,,,,0.0,0.0,0.0,2023-04-03,,,"El CMGRD reportó creciente súbita de la quebrada Santa Clara, causando cierre de la vía nacional entre San Joaquin y Onzaga por la cantidad de material de arrastre de un fenómeno de remoción en masa que se encuentra en el sector, atendió INVIAS con maquinaria amarilla, PASO RESTRINGIDO",2023-04-01,0.0,0.0,1.0,True,Responded to,Mass movement,Flash flood,Municipal Disaster Risk Management Council of Onzaga,CAS Environmental Authority,Onzaga,Rural,Road Nacional Onzaga - San Joaquin,Not reported,Not reported,False,,geophysical,Geophysical,Infrastructure damage recorded
2023 Apr 03 12:00:00 AM,ATENDIDO,2023-04-03T00:00:00.000,MOVIMIENTO EN MASA,DESLIZAMIENTOS,CMGRD DE SIMACOTA,CAS,SIMACOTA,RURAL,VEREDA EL SALTO,0,0.0,0.0,0,1.0,0.0,0.0,0.0,,,,0.0,0.0,0.0,2023-04-03T00:00:00.000,,,"El CMGRD reportó cierre de la vía terciaria  hacia la vereda el Salto por deslizamientos causados por las fuertes lluvias en la zona, se rehabilitó el paso con maquinaria amarilla de la alcaldía municipal.",REPORTE_DE_EVENTOS_POR_DESASTRES_NATURALES_Y_ANTRÓPICOS_(Histórico)_20260415.csv,EVT00686,2023-04-03,ATENDIDO,2023-04-03,MOVIMIENTO EN MASA,DESLIZAMIENTOS,CMGRD DE SIMACOTA,CAS,SIMACOTA,RURAL,VEREDA EL SALTO,0.0,0.0,0.0,0,1.0,0.0,0.0,0.0,,,,0.0,0.0,0.0,2023-04-03,,,"El CMGRD reportó cierre de la vía terciaria hacia la vereda el Salto por deslizamientos causados por las fuertes lluvias en la zona, se rehabilitó el paso con maquinaria amarilla de la alcaldía municipal.",2023-04-01,0.0,0.0,1.0,True,Responded to,Mass movement,Landslides,Municipal Disaster Risk Management Council of Simacota,CAS Environmental Authority,Simacota,Rural,Rural Hamlet the Salto,Not reported,Not reported,False,,geophysical,Geophysical,Infrastructure damage recorded
2023 Apr 04 12:00:00 AM,ATENDIDO,2023-04-04T00:00:00.000,INCENDIO FORESTAL,INDETERMINADO,BOMBEROS DE CERRITO,CAS,CERRITO,RURAL,VEREDA SIBERIA - PARAMO DEL ALMORZADERO,0,0.0,0.0,0,0.0,0.0,0.0,2.0,,,,0.0,0.0,0.0,2023-04-04T00:00:00.000,,,"El comandante de bomberos reporta la atención y liquidación de un incendio forestal en la vereda Siberia que amenazaba con expandirse hacia el páramo del Almorzadero, afectación de 2 hectáreas de vegetación nativa de paramos (frailejones y Romeros)",REPORTE_DE_EVENTOS_POR_DESASTRES_NATURALES_Y_ANTRÓPICOS_(Histórico)_20260415.csv,EVT00687,2023-04-04,ATENDIDO,2023-04-04,INCENDIO FORESTAL,INDETERMINADO,BOMBEROS DE CERRITO,CAS,CERRITO,RURAL,VEREDA SIBERIA - PARAMO DEL ALMORZADERO,0.0,0.0,0.0,0,0.0,0.0,0.0,2.0,,,,0.0,0.0,0.0,2023-04-04,,,"El comandante de bomberos reporta la atención y liquidación de un incendio forestal en la vereda Siberia que amenazaba con expandirse hacia el páramo del Almorzadero, afectación de 2 hectáreas de vegetación nativa de paramos (frailejones y Romeros)",2023-04-01,0.0,0.0,0.0,True,Responded to,Forest fire,Undetermined,Fire Department of Cerrito,CAS Environmental Authority,Cerrito,Rural,Rural Hamlet Siberia - Paramo of the Almorzadero,Not reported,Not reported,False,,other,Other or unclassified,Agricultural or land impact recorded
2023 Apr 05 12:00:00 AM,ATENDIDO,2023-04-05T00:00:00.000,INCENDIO ESTRUCTURAL,INDETERMINADO,BOMBEROS DE FLORIDABLANCA,CDMB,FLORIDABLANCA,URBANO,ESTACION DE SERVICIO ORIENTAL,1,0.0,1.0,0,0.0,0.0,0.0,0.0,,,,0.0,0.0,0.0,2023-04-05T00:00:00.000,,,"El comandante de bomberos reporta la atención y liquidación de un incendio forestal en la vereda Siberia que amenazaba con expandirse hacia el páramo del Almorzadero, afectación de 2 hectáreas de vegetación nativa de paramos (frailejones y Romeros)",REPORTE_DE_EVENTOS_POR_DESASTRES_NATURALES_Y_ANTRÓPICOS_(Histórico)_20260415.csv,EVT00688,2023-04-05,ATENDIDO,2023-04-05,INCENDIO ESTRUCTURAL,INDETERMINADO,BOMBEROS DE FLORIDABLANCA,CDMB,FLORIDABLANCA,URBANO,ESTACION DE SERVICIO ORIENTAL,1.0,0.0,1.0,0,0.0,0.0,0.0,0.0,,,,0.0,0.0,0.0,2023-04-05,,,"El comandante de bomberos reporta la atención y liquidación de un incendio forestal en la vereda Siberia que amenazaba con expandirse hacia el páramo del Almorzadero, afectación de 2 hectáreas de vegetación nativa de paramos (frailejones y Romeros)",2023-04-01,0.0,1.0,0.0,True,Responded to,Structural fire,Undetermined,Fire Department of Floridablanca,CDMB Environmental Authority,Floridablanca,Urban,Estacion of Servicio Oriental,Not reported,Not reported,False,,technological_anthropogenic,Technological and anthropogenic,Housing damage recorded
2023 Apr 09 12:00:00 AM,ATENDIDO,2023-04-09T00:00:00.000,GRANIZADA,FUERTES LLUVIAS,CMGRD DE OCAMONTE,CAS,OCAMONTE,RURAL,VEREDAS EL HALTILLO Y Agua Fria,6,0.0,0.0,0,0.0,0.0,0.0,0.0,,,,0.0,0.0,0.0,2023-04-09T00:00:00.000,,,"El CMGRD reporta fuertes lluvias y presencia de granizo en las veredas el Hatillo y Agua Fría, se presentó caía de árboles en las vías terciarias hacia las veredas, afectación en cultivos de plátano, café y caña de azúcar, se adelanta la Evaluación de Daños y Análisis de Necesidades",REPORTE_DE_EVENTOS_POR_DESASTRES_NATURALES_Y_ANTRÓPICOS_(Histórico)_20260415.csv,EVT00689,2023-04-09,ATENDIDO,2023-04-09,GRANIZADA,FUERTES LLUVIAS,CMGRD DE OCAMONTE,CAS,OCAMONTE,RURAL,VEREDAS EL HALTILLO Y Agua Fria,6.0,0.0,0.0,0,0.0,0.0,0.0,0.0,,,,0.0,0.0,0.0,2023-04-09,,,"El CMGRD reporta fuertes lluvias y presencia de granizo en las veredas el Hatillo y Agua Fría, se presentó caía de árboles en las vías terciarias hacia las veredas, afectación en cultivos de plátano, café y caña de azúcar, se adelanta la Evaluación de Daños y Análisis de Necesidades",2023-04-01,0.0,0.0,0.0,False,Responded to,Hailstorm,Heavy rainfall,Municipal Disaster Risk Management Council of Ocamonte,CAS Environmental Authority,Ocamonte,Rural,Veredas the Haltillo and Agua Fria,Not reported,Not reported,False,,hydrometeorological,Hydrometeorological,No quantified impact recorded
2023 Apr 11 12:00:00 AM,ATENDIDO,2023-04-11T00:00:00.000,AVENIDA TORRENCIAL,FUERTES LLUVIAS,CMGRD DE MALAGA,CAS,MALAGA,RURAL,VEREDA CALICHAL SECTOR EL TERMINO,8,0.0,0.0,1,3.0,3.0,0.0,0.0,,,,0.0,0.0,0.0,2023-04-11T00:00:00.000,,,"El CMGRD reporta fuertes lluvias que generó avenida torrencial en la quebrada en Término en la vereda Calichal, afectación de un puente vehicular en la vía nacional Troncal del Norte en el PR 43, dos puentes en vías terciarias en las veredas Pantano Grande y Aguas Calientes, evacuación de 8 familias y perdida de cultivos, se adelantan los EDAN",REPORTE_DE_EVENTOS_POR_DESASTRES_NATURALES_Y_ANTRÓPICOS_(Histórico)_20260415.csv,EVT00690,2023-04-11,ATENDIDO,2023-04-11,AVENIDA TORRENCIAL,FUERTES LLUVIAS,CMGRD DE MALAGA,CAS,MALAGA,RURAL,VEREDA CALICHAL SECTOR EL TERMINO,8.0,0.0,0.0,1,3.0,3.0,0.0,0.0,,,,0.0,0.0,0.0,2023-04-11,,,"El CMGRD reporta fuertes lluvias que generó avenida torrencial en la quebrada en Término en la vereda Calichal, afectación de un puente vehicular en la vía nacional Troncal del Norte en el PR 43, dos puentes en vías terciarias en las veredas Pantano Grande y Aguas Calientes, evacuación de 8 familias y perdida de cultivos, se adelantan los EDAN",2023-04-01,0.0,0.0,7.0,True,Responded to,Torrential flash flood,Heavy rainfall,Municipal Disaster Risk Management Council of Malaga,CAS Environmental Authority,Malaga,Rural,Rural Hamlet Calichal Sector the Termino,Not reported,Not reported,False,,hydrometeorological,Hydrometeorological,Infrastructure damage recorded
2023 Apr 11 12:00:00 AM,ATENDIDO,2023-04-11T00:00:00.000,AVENIDA TORRENCIAL,FUERTES LLUVIAS,CMGRD DE SAN ANDRES,CAS,SAN ANDRES,RURAL,VEREDA EL CARACOL VIA HACIA LA LAGUNA DE ORTICES,4,0.0,0.0,0,2.0,2.0,0.0,0.0,,,,0.0,0.0,0.0,2023-04-11T00:00:00.000,,,"El CMGRD reporta fuertes lluvias que generó avenida torrencial del río Congreso en el corregimiento de Pangote, éste causó el colapso de un puente vehicular que une a San Andrés con el corregimiento Laguna de Ortices y vereda el Caracol y un puente peatonal que une a las Veredas Pangua y Santa Cruz, mas de 2000 personas incomunicadas y 2 familias afectadas, se adelantan los EDAN.",REPORTE_DE_EVENTOS_POR_DESASTRES_NATURALES_Y_ANTRÓPICOS_(Histórico)_20260415.csv,EVT00691,2023-04-11,ATENDIDO,2023-04-11,AVENIDA TORRENCIAL,FUERTES LLUVIAS,CMGRD DE SAN ANDRES,CAS,SAN ANDRES,RURAL,VEREDA EL CARACOL VIA HACIA LA LAGUNA DE ORTICES,4.0,0.0,0.0,0,2.0,2.0,0.0,0.0,,,,0.0,0.0,0.0,2023-04-11,,,"El CMGRD reporta fuertes lluvias que generó avenida torrencial del río Congreso en el corregimiento de Pangote, éste causó el colapso de un puente vehicular que une a San Andrés con el corregimiento Laguna de Ortices y vereda el Caracol y un puente peatonal que une a las Veredas Pangua y Santa Cruz, mas de 2000 personas incomunicadas y 2 familias afectadas, se adelantan los EDAN.",2023-04-01,0.0,0.0,4.0,True,Responded to,Torrential flash flood,Heavy rainfall,Municipal Disaster Risk Management Council of San Andres,CAS Environmental Authority,San Andres,Rural,Rural Hamlet the Caracol Road Hacia the Laguna of Ortices,Not reported,Not reported,False,,hydrometeorological,Hydrometeorological,Infrastructure damage recorded
2023 Apr 15 12:00:00 AM,ATENDIDO,2023-04-15T00:00:00.000,TORMENTAS ELECTRICAS,FUERTES LLUVIAS,CMGRD DE PIEDECUESTA,CDMB,PIEDECUESTA,RURAL,VIA HACIA LA MESAS DE LOS SANTOS,3,0.0,3.0,0,2.0,0.0,0.0,0.0,,,,0.0,0.0,0.0,2023-04-15T00:00:00.000,,,"El Alcalde municipal reporta diferentes afectaciones en su jurisdicción por las tormentas, cierre de la vía hacia el municipio de la Mesa de los Santos por varios deslizamientos en el sector Tres Esquinas, de la misma manera hacia las veredas el Mancito, la Navarra, el Recreo, el Jazmín, se coordina la remoción de escombros con el apoyo de maquinaria del consorcio vial y el ejército, de la misma manera una vivienda afectada por la caía de un árbol, se coordinan ayudas con el CMGRD  y organismos de socorro",REPORTE_DE_EVENTOS_POR_DESASTRES_NATURALES_Y_ANTRÓPICOS_(Histórico)_20260415.csv,EVT00692,2023-04-15,ATENDIDO,2023-04-15,TORMENTAS ELECTRICAS,FUERTES LLUVIAS,CMGRD DE PIEDECUESTA,CDMB,PIEDECUESTA,RURAL,VIA HACIA LA MESAS DE LOS SANTOS,3.0,0.0,3.0,0,2.0,0.0,0.0,0.0,,,,0.0,0.0,0.0,2023-04-15,,,"El Alcalde municipal reporta diferentes afectaciones en su jurisdicción por las tormentas, cierre de la vía hacia el municipio de la Mesa de los Santos por varios deslizamientos en el sector Tres Esquinas, de la misma manera hacia las veredas el Mancito, la Navarra, el Recreo, el Jazmín, se coordina la remoción de escombros con el apoyo de maquinaria del consorcio vial y el ejército, de la misma manera una vivienda afectada por la caía de un árbol, se coordinan ayudas con el CMGRD y organismos de socorro",2023-04-01,0.0,3.0,2.0,True,Responded to,Thunderstorms,Heavy rainfall,Municipal Disaster Risk Management Council of Piedecuesta,CDMB Environmental Authority,Piedecuesta,Rural,Road Hacia the Mesas of Los Santos,Not reported,Not reported,False,,hydrometeorological,Hydrometeorological,Housing damage recorded
2023 Apr 15 12:00:00 AM,ATENDIDO,2023-04-15T00:00:00.000,MOVIMIENTO EN MASA,FUERTES LLUVIAS,CMGRD EL CARMEN DE CHUCURI,CAS,EL CARMEN DE CHUCURI,RURAL,VIA HACIA SAN VICENTE Y HACIA YARIMA,0,0.0,0.0,0,2.0,0.0,0.0,0.0,,,,0.0,0.0,0.0,2023-04-15T00:00:00.000,,,"El CMGRD reporta fuertes lluvias que causaron deslizamientos y cierres de la vía hacia el municipio de San Vicente por desbordamiento de la quebrada el Consuelo  y hacia el  corregimiento de Yarima por deslizamientos y hacia de rocas, se coordina maquinaria amarilla del municipio para rehabilitar el paso",REPORTE_DE_EVENTOS_POR_DESASTRES_NATURALES_Y_ANTRÓPICOS_(Histórico)_20260415.csv,EVT00693,2023-04-15,ATENDIDO,2023-04-15,MOVIMIENTO EN MASA,FUERTES LLUVIAS,CMGRD EL CARMEN DE CHUCURI,CAS,EL CARMEN DE CHUCURI,RURAL,VIA HACIA SAN VICENTE Y HACIA YARIMA,0.0,0.0,0.0,0,2.0,0.0,0.0,0.0,,,,0.0,0.0,0.0,2023-04-15,,,"El CMGRD reporta fuertes lluvias que causaron deslizamientos y cierres de la vía hacia el municipio de San Vicente por desbordamiento de la quebrada el Consuelo y hacia el corregimiento de Yarima por deslizamientos y hacia de rocas, se coordina maquinaria amarilla del municipio para rehabilitar el paso",2023-04-01,0.0,0.0,2.0,True,Responded to,Mass movement,Heavy rainfall,Municipal Disaster Risk Management Council the Carmen of Chucuri,CAS Environmental Authority,El Carmen De Chucuri,Rural,Road Hacia San Vicente and Hacia Yarima,Not reported,Not reported,False,,geophysical,Geophysical,Infrastructure damage recorded
2023 Apr 16 12:00:00 AM,ATENDIDO,2023-04-16T00:00:00.000,CAIDA DE ROCAS,DESLIZAMIENTOS,CMGRD DE CEPITA,CAS,CEPITA,RURAL,VIA HACIA BUCARAMANGA,0,0.0,0.0,0,1.0,0.0,0.0,0.0,,,,0.0,0.0,0.0,2023-04-16T00:00:00.000,,,El CMGRD reporta fuertes lluvias que causaron deslizamientos y cierres de la vía principal hacia Bucaramanga en el KM 9. Se coordina desplazar maquinaria del municipio para rehabilitar la vía,REPORTE_DE_EVENTOS_POR_DESASTRES_NATURALES_Y_ANTRÓPICOS_(Histórico)_20260415.csv,EVT00694,2023-04-16,ATENDIDO,2023-04-16,CAIDA DE ROCAS,DESLIZAMIENTOS,CMGRD DE CEPITA,CAS,CEPITA,RURAL,VIA HACIA BUCARAMANGA,0.0,0.0,0.0,0,1.0,0.0,0.0,0.0,,,,0.0,0.0,0.0,2023-04-16,,,El CMGRD reporta fuertes lluvias que causaron deslizamientos y cierres de la vía principal hacia Bucaramanga en el KM 9. Se coordina desplazar maquinaria del municipio para rehabilitar la vía,2023-04-01,0.0,0.0,1.0,True,Responded to,Rockfall,Landslides,Municipal Disaster Risk Management Council of Cepita,CAS Environmental Authority,Cepita,Rural,Road Hacia Bucaramanga,Not reported,Not reported,False,,geophysical,Geophysical,Infrastructure damage recorded
2023 Apr 16 12:00:00 AM,ATENDIDO,2023-04-16T00:00:00.000,MOVIMIENTO EN MASA,DESLIZAMIENTOS,CMGRD DE ENCINO,CAS,ENCINO,RURAL,SECTOR EL CHAMIZAL VEREDA AVENDAÑO,0,0.0,0.0,0,1.0,0.0,0.0,0.0,,,,0.0,0.0,0.0,2023-04-16T00:00:00.000,,,"El CMGRD reporta fuertes lluvias que causaron deslizamientos y pérdida de bancada en el sector el Chamizal vereda Avendaño que causa  cierres de la vía hacia el municipio de Duitama en el departamento de Boyacá, maquinaria del municipio trabaja en la remoción de los escombros.",REPORTE_DE_EVENTOS_POR_DESASTRES_NATURALES_Y_ANTRÓPICOS_(Histórico)_20260415.csv,EVT00695,2023-04-16,ATENDIDO,2023-04-16,MOVIMIENTO EN MASA,DESLIZAMIENTOS,CMGRD DE ENCINO,CAS,ENCINO,RURAL,SECTOR EL CHAMIZAL VEREDA AVENDAÑO,0.0,0.0,0.0,0,1.0,0.0,0.0,0.0,,,,0.0,0.0,0.0,2023-04-16,,,"El CMGRD reporta fuertes lluvias que causaron deslizamientos y pérdida de bancada en el sector el Chamizal vereda Avendaño que causa cierres de la vía hacia el municipio de Duitama en el departamento de Boyacá, maquinaria del municipio trabaja en la remoción de los escombros.",2023-04-01,0.0,0.0,1.0,True,Responded to,Mass movement,Landslides,Municipal Disaster Risk Management Council of Encino,CAS Environmental Authority,Encino,Rural,Sector the Chamizal Rural Hamlet Avendano,Not reported,Not reported,False,,geophysical,Geophysical,Infrastructure damage recorded
2023 Apr 19 12:00:00 AM,ATENDIDO,2023-04-19T00:00:00.000,CRECIENTE SUBITA,FUERTES LLUVIAS,CMGRD DE CHARTA,CDMB,CHARTA,RURAL,RIO CHARTA SECTOR LA PLAYA,10,0.0,5.0,0,3.0,1.0,0.0,0.0,,,,0.0,0.0,0.0,2023-04-19T00:00:00.000,,,"El CMGRD reporta creciente súbita rio Charta y sus aportantes quebradas Montechiquito, La Batea, La Cristalina, La Rinconada, cierre total hacia Bucaramanga por perdida de la banca en 7 puntos en el sector Lagunillas, 1 puente afectado, El municipio de Charta se encuentra incomunicado con Bucaramanga ya que la vía alterna presenta deslizamientos, se coordina enviar maquinaria amarilla para retirar los escombros.",REPORTE_DE_EVENTOS_POR_DESASTRES_NATURALES_Y_ANTRÓPICOS_(Histórico)_20260415.csv,EVT00696,2023-04-19,ATENDIDO,2023-04-19,CRECIENTE SUBITA,FUERTES LLUVIAS,CMGRD DE CHARTA,CDMB,CHARTA,RURAL,RIO CHARTA SECTOR LA PLAYA,10.0,0.0,5.0,0,3.0,1.0,0.0,0.0,,,,0.0,0.0,0.0,2023-04-19,,,"El CMGRD reporta creciente súbita rio Charta y sus aportantes quebradas Montechiquito, La Batea, La Cristalina, La Rinconada, cierre total hacia Bucaramanga por perdida de la banca en 7 puntos en el sector Lagunillas, 1 puente afectado, El municipio de Charta se encuentra incomunicado con Bucaramanga ya que la vía alterna presenta deslizamientos, se coordina enviar maquinaria amarilla para retirar los escombros.",2023-04-01,0.0,5.0,4.0,True,Responded to,Flash flood,Heavy rainfall,Municipal Disaster Risk Management Council of Charta,CDMB Environmental Authority,Charta,Rural,Rio Charta Sector the Playa,Not reported,Not reported,False,,hydrometeorological,Hydrometeorological,Housing damage recorded
2023 Apr 22 12:00:00 AM,ATENDIDO,2023-04-22T00:00:00.000,CRECIENTE SUBITA,FUERTES LLUVIAS,CMGRD DE CIMITARRA,CAS,CIMITARRA,RURAL,VIA NACIONAL TRONCAL DEL CARARE,0,0.0,0.0,0,1.0,0.0,0.0,0.0,,,,0.0,0.0,0.0,2023-04-22T00:00:00.000,,,"El CMGRD reporta creciente de la quebrada el Guayabo en el PR 16 que causa afectación a la vía nacional troncal del Carare, un vehículo quedó atrapado de medio de las aguas, se coordina maquinaria con el INVIAS para retirar los escombros.",REPORTE_DE_EVENTOS_POR_DESASTRES_NATURALES_Y_ANTRÓPICOS_(Histórico)_20260415.csv,EVT00697,2023-04-22,ATENDIDO,2023-04-22,CRECIENTE SUBITA,FUERTES LLUVIAS,CMGRD DE CIMITARRA,CAS,CIMITARRA,RURAL,VIA NACIONAL TRONCAL DEL CARARE,0.0,0.0,0.0,0,1.0,0.0,0.0,0.0,,,,0.0,0.0,0.0,2023-04-22,,,"El CMGRD reporta creciente de la quebrada el Guayabo en el PR 16 que causa afectación a la vía nacional troncal del Carare, un vehículo quedó atrapado de medio de las aguas, se coordina maquinaria con el INVIAS para retirar los escombros.",2023-04-01,0.0,0.0,1.0,True,Responded to,Flash flood,Heavy rainfall,Municipal Disaster Risk Management Council of Cimitarra,CAS Environmental Authority,Cimitarra,Rural,Road Nacional Troncal of the Carare,Not reported,Not reported,False,,hydrometeorological,Hydrometeorological,Infrastructure damage recorded
2023 Apr 25 12:00:00 AM,ATENDIDO,2023-04-25T00:00:00.000,MOVIMIENTO EN MASA,FUERTES LLUVIAS,CMGRD DE VETAS,CDMB,VETAS,RURAL,VEREDA MONCORA,8,0.0,4.0,0,1.0,2.0,0.0,0.0,,,,0.0,0.0,0.0,2023-04-24T00:00:00.000,,,"El CMGRD reporta fuertes lluvias en el páramo de Santurban que causaron creciente de la quebrada Moncora, 8 familias afectadas por el desbordamiento y cultivos de papa afectados, dos puentes peatonales destruidos, se realiza la Evaluación de Daños y Análisis de Necesidades.",REPORTE_DE_EVENTOS_POR_DESASTRES_NATURALES_Y_ANTRÓPICOS_(Histórico)_20260415.csv,EVT00698,2023-04-25,ATENDIDO,2023-04-25,MOVIMIENTO EN MASA,FUERTES LLUVIAS,CMGRD DE VETAS,CDMB,VETAS,RURAL,VEREDA MONCORA,8.0,0.0,4.0,0,1.0,2.0,0.0,0.0,,,,0.0,0.0,0.0,2023-04-24,,,"El CMGRD reporta fuertes lluvias en el páramo de Santurban que causaron creciente de la quebrada Moncora, 8 familias afectadas por el desbordamiento y cultivos de papa afectados, dos puentes peatonales destruidos, se realiza la Evaluación de Daños y Análisis de Necesidades.",2023-04-01,0.0,4.0,3.0,True,Responded to,Mass movement,Heavy rainfall,Municipal Disaster Risk Management Council of Vetas,CDMB Environmental Authority,Vetas,Rural,Rural Hamlet Moncora,Not reported,Not reported,False,,geophysical,Geophysical,Housing damage recorded
2023 Apr 29 12:00:00 AM,ATENDIDO,2023-04-29T00:00:00.000,AVENIDA TORRENCIAL,FUERTES LLUVIAS,CMGRD DE PIEDECUESTA,CDMB,PIEDECUESTA,RURAL,CORREGIMIIENTO DE SEVILLA,100,0.0,50.0,1,1.0,2.0,1.0,0.0,,,,0.0,0.0,0.0,2023-04-29T00:00:00.000,,,"El CMGRD reporta creciente súbita y desbordamiento de la quebrada el Manzano en el corregimiento Sevilla, causa inundaciones en 100 viviendas afectadas por lodos en muebles y enceres, dos puentes afectados, un colegio y la vía hacia Piedecuesta.",REPORTE_DE_EVENTOS_POR_DESASTRES_NATURALES_Y_ANTRÓPICOS_(Histórico)_20260415.csv,EVT00699,2023-04-29,ATENDIDO,2023-04-29,AVENIDA TORRENCIAL,FUERTES LLUVIAS,CMGRD DE PIEDECUESTA,CDMB,PIEDECUESTA,RURAL,CORREGIMIIENTO DE SEVILLA,100.0,0.0,50.0,1,1.0,2.0,1.0,0.0,,,,0.0,0.0,0.0,2023-04-29,,,"El CMGRD reporta creciente súbita y desbordamiento de la quebrada el Manzano en el corregimiento Sevilla, causa inundaciones en 100 viviendas afectadas por lodos en muebles y enceres, dos puentes afectados, un colegio y la vía hacia Piedecuesta.",2023-04-01,0.0,50.0,5.0,True,Responded to,Torrential flash flood,Heavy rainfall,Municipal Disaster Risk Management Council of Piedecuesta,CDMB Environmental Authority,Piedecuesta,Rural,Corregimiiento of Sevilla,Not reported,Not reported,False,,hydrometeorological,Hydrometeorological,Housing damage recorded
2023 May 02 12:00:00 AM,ATENDIDO,2023-05-02T00:00:00.000,MOVIMIENTO EN MASA,DESLIZAMIENTOS,CMGRD DE MATANZA,CDMB,MATANZA,RURAL,VIA HACIA EL CORREGIMIENTO PAUJIL,0,0.0,0.0,0,1.0,0.0,0.0,0.0,,,,0.0,0.0,0.0,2023-05-02T00:00:00.000,,,"El CMGRD reporta a causa de las lluvias se presenta movimiento en masa en el sector el Paujil que afecta la vía hacia las veredas Santa Cruz y el Paujil, se coordina envío de maquinaria amarilla para recuperar el paso",REPORTE_DE_EVENTOS_POR_DESASTRES_NATURALES_Y_ANTRÓPICOS_(Histórico)_20260415.csv,EVT00700,2023-05-02,ATENDIDO,2023-05-02,MOVIMIENTO EN MASA,DESLIZAMIENTOS,CMGRD DE MATANZA,CDMB,MATANZA,RURAL,VIA HACIA EL CORREGIMIENTO PAUJIL,0.0,0.0,0.0,0,1.0,0.0,0.0,0.0,,,,0.0,0.0,0.0,2023-05-02,,,"El CMGRD reporta a causa de las lluvias se presenta movimiento en masa en el sector el Paujil que afecta la vía hacia las veredas Santa Cruz y el Paujil, se coordina envío de maquinaria amarilla para recuperar el paso",2023-05-01,0.0,0.0,1.0,True,Responded to,Mass movement,Landslides,Municipal Disaster Risk Management Council of Matanza,CDMB Environmental Authority,Matanza,Rural,Road Hacia the Township Paujil,Not reported,Not reported,False,,geophysical,Geophysical,Infrastructure damage recorded
2023 May 07 12:00:00 AM,ATENDIDO,2023-05-07T00:00:00.000,INCENDIO FORESTAL,INDETERMINADO,BOMBEROS DE MOGOTES,CAS,MOGOTES,RURAL,VEREDA LAS FLORES,0,0.0,0.0,0,0.0,0.0,0.0,5.0,,,,0.0,0.0,0.0,2023-05-07T00:00:00.000,,,"El Comandante de bomberos de Mogotes reporta la atención de un incendio forestal en la vereda las Flores, afectación de 5 hectáreas de bosque nativo y pastizales, se coordinó la respuesta con la comunidad y el CMGRD",REPORTE_DE_EVENTOS_POR_DESASTRES_NATURALES_Y_ANTRÓPICOS_(Histórico)_20260415.csv,EVT00701,2023-05-07,ATENDIDO,2023-05-07,INCENDIO FORESTAL,INDETERMINADO,BOMBEROS DE MOGOTES,CAS,MOGOTES,RURAL,VEREDA LAS FLORES,0.0,0.0,0.0,0,0.0,0.0,0.0,5.0,,,,0.0,0.0,0.0,2023-05-07,,,"El Comandante de bomberos de Mogotes reporta la atención de un incendio forestal en la vereda las Flores, afectación de 5 hectáreas de bosque nativo y pastizales, se coordinó la respuesta con la comunidad y el CMGRD",2023-05-01,0.0,0.0,0.0,True,Responded to,Forest fire,Undetermined,Fire Department of Mogotes,CAS Environmental Authority,Mogotes,Rural,Rural Hamlet Las Flores,Not reported,Not reported,False,,other,Other or unclassified,Agricultural or land impact recorded
2023 May 13 12:00:00 AM,ATENDIDO,2023-05-13T00:00:00.000,MOVIMIENTO EN MASA,CRECIENTE SUBITA,CMGRD DEL CARMEN,CAS,EL CARMEN DE CHUCURI,RURAL,VEREDA TAMBO REDONDO,3,1.0,2.0,1,3.0,0.0,1.0,0.0,,,,0.0,0.0,0.0,2023-05-13T00:00:00.000,,,"El CMGRD reporta fuertes lluvias y creciente de las quebradas Los Venados, el Engaño y el Consuelo afectación: tres vías afectadas: via el 40, la Hojarasca y la Bodega, tres viviendas, un acueducto, una escuela también presentan afectaciones. Se coordina maquinaria amarilla del municipio para rehabilitar el paso en las zonas críticas.",REPORTE_DE_EVENTOS_POR_DESASTRES_NATURALES_Y_ANTRÓPICOS_(Histórico)_20260415.csv,EVT00702,2023-05-13,ATENDIDO,2023-05-13,MOVIMIENTO EN MASA,CRECIENTE SUBITA,CMGRD DEL CARMEN,CAS,EL CARMEN DE CHUCURI,RURAL,VEREDA TAMBO REDONDO,3.0,1.0,2.0,1,3.0,0.0,1.0,0.0,,,,0.0,0.0,0.0,2023-05-13,,,"El CMGRD reporta fuertes lluvias y creciente de las quebradas Los Venados, el Engaño y el Consuelo afectación: tres vías afectadas: via el 40, la Hojarasca y la Bodega, tres viviendas, un acueducto, una escuela también presentan afectaciones. Se coordina maquinaria amarilla del municipio para rehabilitar el paso en las zonas críticas.",2023-05-01,0.0,3.0,5.0,True,Responded to,Mass movement,Flash flood,Municipal Disaster Risk Management Council of the Carmen,CAS Environmental Authority,El Carmen De Chucuri,Rural,Rural Hamlet Tambo Redondo,Not reported,Not reported,False,,geophysical,Geophysical,Housing damage recorded
2023 May 16 12:00:00 AM,ATENDIDO,2023-05-16T00:00:00.000,CAIDA DE ROCAS,DESLIZAMIENTOS,CMGRD DE ZAPATOCA,CAS,ZAPATOCA,RURAL,VIA HACIA GIRON SECTOR PUENTE GOMEZ ORTIZ,0,0.0,0.0,0,0.0,0.0,0.0,0.0,,,,0.0,0.0,1.0,2023-05-16T00:00:00.000,,,"El CMGRD reporta un fallecido por caída de rocas mediaciones del puente Gómez Ortiz límites con Girón, vereda Chocoa, vía Zapatoca-Girón NOMBRE: Wilson Rueda Quintero CONCEJAL de Zapatoca  el cual nos relata que se dirigían de Girón para Zapatoca en el vehículo DAEWO de placas CSE-602 color vinotinto y  llegando al puente del río Sogamoso una piedra ingresa por la ventana derecha del copiloto generándole una contusión en el costado derecho del tórax a su padre. Fue trasladado al hospital Gestionar Bienestar Zapatoca, donde ingresa si signos vitales.",REPORTE_DE_EVENTOS_POR_DESASTRES_NATURALES_Y_ANTRÓPICOS_(Histórico)_20260415.csv,EVT00703,2023-05-16,ATENDIDO,2023-05-16,CAIDA DE ROCAS,DESLIZAMIENTOS,CMGRD DE ZAPATOCA,CAS,ZAPATOCA,RURAL,VIA HACIA GIRON SECTOR PUENTE GOMEZ ORTIZ,0.0,0.0,0.0,0,0.0,0.0,0.0,0.0,,,,0.0,0.0,1.0,2023-05-16,,,"El CMGRD reporta un fallecido por caída de rocas mediaciones del puente Gómez Ortiz límites con Girón, vereda Chocoa, vía Zapatoca-Girón NOMBRE: Wilson Rueda Quintero CONCEJAL de Zapatoca el cual nos relata que se dirigían de Girón para Zapatoca en el vehículo DAEWO de placas CSE-602 color vinotinto y llegando al puente del río Sogamoso una piedra ingresa por la ventana derecha del copiloto generándole una contusión en el costado derecho del tórax a su padre. Fue trasladado al hospital Gestionar Bienestar Zapatoca, donde ingresa si signos vitales.",2023-05-01,1.0,0.0,0.0,True,Responded to,Rockfall,Landslides,Municipal Disaster Risk Management Council of Zapatoca,CAS Environmental Authority,Zapatoca,Rural,Road Hacia Giron Sector Puente Gomez Ortiz,Not reported,Not reported,False,,geophysical,Geophysical,Human impact recorded
2023 May 17 12:00:00 AM,ATENDIDO,2023-05-17T00:00:00.000,INUNDACIONES,FUERTES LLUVIAS,CMGRD DE CIMITARRA,CAS,CIMITARRA,RURAL,VEREDA SAN JUAN,30,2.0,28.0,0,1.0,0.0,1.0,0.0,,,,0.0,0.0,0.0,17/055/2023,,,"El CMGRD reporta  inundaciones por desbordamiento río San Juan en la vereda San Juan, 30 familias caracterizadas como damnificadas, se adelanta la Evaluación de Daños y Análisis de Necesidades.",REPORTE_DE_EVENTOS_POR_DESASTRES_NATURALES_Y_ANTRÓPICOS_(Histórico)_20260415.csv,EVT00704,2023-05-17,ATENDIDO,2023-05-17,INUNDACIONES,FUERTES LLUVIAS,CMGRD DE CIMITARRA,CAS,CIMITARRA,RURAL,VEREDA SAN JUAN,30.0,2.0,28.0,0,1.0,0.0,1.0,0.0,,,,0.0,0.0,0.0,,,,"El CMGRD reporta inundaciones por desbordamiento río San Juan en la vereda San Juan, 30 familias caracterizadas como damnificadas, se adelanta la Evaluación de Daños y Análisis de Necesidades.",2023-05-01,0.0,30.0,2.0,True,Responded to,Floods,Heavy rainfall,Municipal Disaster Risk Management Council of Cimitarra,CAS Environmental Authority,Cimitarra,Rural,Rural Hamlet San Juan,Not reported,Not reported,False,,hydrometeorological,Hydrometeorological,Housing damage recorded
2023 May 18 12:00:00 AM,ATENDIDO,2023-05-18T00:00:00.000,AVENIDA TORRENCIAL,FUERTES LLUVIAS,CMGRD DE SAN JOAQUIN,CAS,SAN JOAQUIN,URBANO Y RURAL,"CASCO URBANO Y VEREDAS SAN Ignacio, san Isidro",50,2.0,20.0,1,4.0,12.0,1.0,0.0,,,,0.0,0.0,0.0,18/05/20233,,,"El CMGRD reporta avenida torrencial quebradas panamá y la leona, sector: casco urbano de san Joaquín y veredas san Ignacio, santa bárbara, santa clara, san isidro, las fuertes lluvias de la tarde y noche del día jueves 18-05-2023, generaron creciente repentina de las quebradas de alta pendiente, la policía nacional junto a la defensa civil y el cmgrd generaron alerta en el casco urbano y se evacuaron de manera preventiva cerca de 200 familias de las partes bajas de la población, se realiza la evaluación de daños y análisis de necesidades",REPORTE_DE_EVENTOS_POR_DESASTRES_NATURALES_Y_ANTRÓPICOS_(Histórico)_20260415.csv,EVT00705,2023-05-18,ATENDIDO,2023-05-18,AVENIDA TORRENCIAL,FUERTES LLUVIAS,CMGRD DE SAN JOAQUIN,CAS,SAN JOAQUIN,URBANO Y RURAL,"CASCO URBANO Y VEREDAS SAN Ignacio, san Isidro",50.0,2.0,20.0,1,4.0,12.0,1.0,0.0,,,,0.0,0.0,0.0,,,,"El CMGRD reporta avenida torrencial quebradas panamá y la leona, sector: casco urbano de san Joaquín y veredas san Ignacio, santa bárbara, santa clara, san isidro, las fuertes lluvias de la tarde y noche del día jueves 18-05-2023, generaron creciente repentina de las quebradas de alta pendiente, la policía nacional junto a la defensa civil y el cmgrd generaron alerta en el casco urbano y se evacuaron de manera preventiva cerca de 200 familias de las partes bajas de la población, se realiza la evaluación de daños y análisis de necesidades",2023-05-01,0.0,22.0,18.0,True,Responded to,Torrential flash flood,Heavy rainfall,Municipal Disaster Risk Management Council of San Joaquin,CAS Environmental Authority,San Joaquin,Urban and rural,Casco Urbano and Veredas San Ignacio San Isidro,Not reported,Not reported,False,,hydrometeorological,Hydrometeorological,Housing damage recorded
2023 May 20 12:00:00 AM,ATENDIDO,2023-05-20T00:00:00.000,INUNDACIONES,FUERTES LLUVIAS,CMGRD DE VELEZ,CAS,VELEZ,URBANO,"BARRIOS AQUILEO PARRA, PABLO SEXTO",15,0.0,15.0,0,1.0,0.0,0.0,0.0,,,,0.0,0.0,0.0,2023-05-20T00:00:00.000,,,"El CMGRD reporta  fuertes lluvias, desbordamiento de las Quebrada las Flores y el Palenque, una vivienda evacuada, 15 viviendas afectadas por los lodos que ingresaron en los barrios pablo Sexto y Aquileo parra, atención del CMGRD con maquinaria amarilla para limpiar las cañadas que causaron la afectación y se realizan los EDAN",REPORTE_DE_EVENTOS_POR_DESASTRES_NATURALES_Y_ANTRÓPICOS_(Histórico)_20260415.csv,EVT00706,2023-05-20,ATENDIDO,2023-05-20,INUNDACIONES,FUERTES LLUVIAS,CMGRD DE VELEZ,CAS,VELEZ,URBANO,"BARRIOS AQUILEO PARRA, PABLO SEXTO",15.0,0.0,15.0,0,1.0,0.0,0.0,0.0,,,,0.0,0.0,0.0,2023-05-20,,,"El CMGRD reporta fuertes lluvias, desbordamiento de las Quebrada las Flores y el Palenque, una vivienda evacuada, 15 viviendas afectadas por los lodos que ingresaron en los barrios pablo Sexto y Aquileo parra, atención del CMGRD con maquinaria amarilla para limpiar las cañadas que causaron la afectación y se realizan los EDAN",2023-05-01,0.0,15.0,1.0,True,Responded to,Floods,Heavy rainfall,Municipal Disaster Risk Management Council of Velez,CAS Environmental Authority,Velez,Urban,"Barrios Aquileo Parra, Pablo Sexto",Not reported,Not reported,False,,hydrometeorological,Hydrometeorological,Housing damage recorded
2023 May 20 12:00:00 AM,ATENDIDO,2023-05-20T00:00:00.000,CRECIENTE SUBITA,FUERTES LLUVIAS,CMGRD DE MOGOTES,CAS,MOGOTES,RURAL,VEREDA GUAURE,6,0.0,6.0,0,0.0,0.0,0.0,0.0,,,,0.0,0.0,0.0,2023-05-20T00:00:00.000,,,"EL CMGRD reporta creciente súbita del rio Blanco y río Negro afluentes del rio Guaure, éste se desbordó a la altura de la vereda Guaure, afectación en 6 viviendas, perdida de cultivos de café, plátano y pastizales, se adelantan los EDAN",REPORTE_DE_EVENTOS_POR_DESASTRES_NATURALES_Y_ANTRÓPICOS_(Histórico)_20260415.csv,EVT00707,2023-05-20,ATENDIDO,2023-05-20,CRECIENTE SUBITA,FUERTES LLUVIAS,CMGRD DE MOGOTES,CAS,MOGOTES,RURAL,VEREDA GUAURE,6.0,0.0,6.0,0,0.0,0.0,0.0,0.0,,,,0.0,0.0,0.0,2023-05-20,,,"EL CMGRD reporta creciente súbita del rio Blanco y río Negro afluentes del rio Guaure, éste se desbordó a la altura de la vereda Guaure, afectación en 6 viviendas, perdida de cultivos de café, plátano y pastizales, se adelantan los EDAN",2023-05-01,0.0,6.0,0.0,True,Responded to,Flash flood,Heavy rainfall,Municipal Disaster Risk Management Council of Mogotes,CAS Environmental Authority,Mogotes,Rural,Rural Hamlet Guaure,Not reported,Not reported,False,,hydrometeorological,Hydrometeorological,Housing damage recorded
2023 May 22 12:00:00 AM,ATENDIDO,2023-05-22T00:00:00.000,AVENIDA TORRENCIAL,FUERTES LLUVIAS,CMGRD DE MALAGA,CAS,MALAGA,RURAL,VEREDA CALICHAL SECTOR EL TERMINO,0,0.0,0.0,0,1.0,1.0,0.0,0.0,,,,0.0,0.0,0.0,2023-05-22T00:00:00.000,,,"EL ALCALDE DE Málaga reporta nuevamente creciente repentina de la quebrada del Término que causa daños en el terraplén que se construyó en el sector el termino el pasado mes de abril donde colapsó el puente sobre la vía nacional, se coordina maquinaria amarilla con el operador vias del INVIAS para recuperar el paso, un vehiculo que transitaba por el sector se fue el abismo, no hay personas lesionadas",REPORTE_DE_EVENTOS_POR_DESASTRES_NATURALES_Y_ANTRÓPICOS_(Histórico)_20260415.csv,EVT00708,2023-05-22,ATENDIDO,2023-05-22,AVENIDA TORRENCIAL,FUERTES LLUVIAS,CMGRD DE MALAGA,CAS,MALAGA,RURAL,VEREDA CALICHAL SECTOR EL TERMINO,0.0,0.0,0.0,0,1.0,1.0,0.0,0.0,,,,0.0,0.0,0.0,2023-05-22,,,"EL ALCALDE DE Málaga reporta nuevamente creciente repentina de la quebrada del Término que causa daños en el terraplén que se construyó en el sector el termino el pasado mes de abril donde colapsó el puente sobre la vía nacional, se coordina maquinaria amarilla con el operador vias del INVIAS para recuperar el paso, un vehiculo que transitaba por el sector se fue el abismo, no hay personas lesionadas",2023-05-01,0.0,0.0,2.0,True,Responded to,Torrential flash flood,Heavy rainfall,Municipal Disaster Risk Management Council of Malaga,CAS Environmental Authority,Malaga,Rural,Rural Hamlet Calichal Sector the Termino,Not reported,Not reported,False,,hydrometeorological,Hydrometeorological,Infrastructure damage recorded
2023 May 23 12:00:00 AM,ATENDIDO,2023-05-23T00:00:00.000,AVENIDA TORRENCIAL,FUERTES LLUVIAS,CMGRD DE SAN ANDRES,CAS,SAN ANDRES,RURAL,VEREDA EL CARACOL VIA HACIA LA LAGUNA DE ORTICES,0,0.0,0.0,0,1.0,1.0,0.0,0.0,,,,0.0,0.0,0.0,2023-05-23T00:00:00.000,,,"EL CMGRD fuertes lluvias que generaron avenida torrencial del rio Congreso que causa daños en puentes peatonalesen la via hacia la vereda en caracol y corregimiento laguna de Orticesy perdida de cultivos, se adelanta la evaluación de daños y análisis de necesidades",REPORTE_DE_EVENTOS_POR_DESASTRES_NATURALES_Y_ANTRÓPICOS_(Histórico)_20260415.csv,EVT00709,2023-05-23,ATENDIDO,2023-05-23,AVENIDA TORRENCIAL,FUERTES LLUVIAS,CMGRD DE SAN ANDRES,CAS,SAN ANDRES,RURAL,VEREDA EL CARACOL VIA HACIA LA LAGUNA DE ORTICES,0.0,0.0,0.0,0,1.0,1.0,0.0,0.0,,,,0.0,0.0,0.0,2023-05-23,,,"EL CMGRD fuertes lluvias que generaron avenida torrencial del rio Congreso que causa daños en puentes peatonalesen la via hacia la vereda en caracol y corregimiento laguna de Orticesy perdida de cultivos, se adelanta la evaluación de daños y análisis de necesidades",2023-05-01,0.0,0.0,2.0,True,Responded to,Torrential flash flood,Heavy rainfall,Municipal Disaster Risk Management Council of San Andres,CAS Environmental Authority,San Andres,Rural,Rural Hamlet the Caracol Road Hacia the Laguna of Ortices,Not reported,Not reported,False,,hydrometeorological,Hydrometeorological,Infrastructure damage recorded
2023 May 24 12:00:00 AM,ATENDIDO,2023-05-24T00:00:00.000,MOVIMIENTO EN MASA,FUERTES LLUVIAS,CMGRD DE GUACA,CAS,GUACA,RURAL,VEREDA PIEDRA ABAJO,4,0.0,0.0,0,1.0,1.0,0.0,0.0,,,,0.0,0.0,0.0,2023-05-24T00:00:00.000,,,"EL CMGRD fuertes lluvias con presencia de granizo en la parte alta hacia el páramo del Almorzadero, causaron creciente de las quebradas aportantes del rio Guaca, varios deslizamientos causan riesgo en algunas viviendas y daños en cultivos de papa y cebolla",REPORTE_DE_EVENTOS_POR_DESASTRES_NATURALES_Y_ANTRÓPICOS_(Histórico)_20260415.csv,EVT00710,2023-05-24,ATENDIDO,2023-05-24,MOVIMIENTO EN MASA,FUERTES LLUVIAS,CMGRD DE GUACA,CAS,GUACA,RURAL,VEREDA PIEDRA ABAJO,4.0,0.0,0.0,0,1.0,1.0,0.0,0.0,,,,0.0,0.0,0.0,2023-05-24,,,"EL CMGRD fuertes lluvias con presencia de granizo en la parte alta hacia el páramo del Almorzadero, causaron creciente de las quebradas aportantes del rio Guaca, varios deslizamientos causan riesgo en algunas viviendas y daños en cultivos de papa y cebolla",2023-05-01,0.0,0.0,2.0,True,Responded to,Mass movement,Heavy rainfall,Municipal Disaster Risk Management Council of Guaca,CAS Environmental Authority,Guaca,Rural,Rural Hamlet Piedra Abajo,Not reported,Not reported,False,,geophysical,Geophysical,Infrastructure damage recorded
2023 May 27 12:00:00 AM,ATENDIDO,2023-05-27T00:00:00.000,MOVIMIENTO EN MASA,DESLIZAMIENTOS,CMGR DEL HATO,CAS,EL HATO,RURAL,VEREDA HOYA NEGRA,0,0.0,0.0,0,1.0,0.0,0.0,0.0,,,,0.0,0.0,0.0,2023-05-27T00:00:00.000,,,"EL CMGRD reporta fenómeno de remoción en masa en la via hacia la vereda Hoya Negra que mantiene incomunicada una comunidad de más de 300 habitantes, se coordina envío de maquinaria amarilla para rehabilitar el paso",REPORTE_DE_EVENTOS_POR_DESASTRES_NATURALES_Y_ANTRÓPICOS_(Histórico)_20260415.csv,EVT00711,2023-05-27,ATENDIDO,2023-05-27,MOVIMIENTO EN MASA,DESLIZAMIENTOS,CMGR DEL HATO,CAS,EL HATO,RURAL,VEREDA HOYA NEGRA,0.0,0.0,0.0,0,1.0,0.0,0.0,0.0,,,,0.0,0.0,0.0,2023-05-27,,,"EL CMGRD reporta fenómeno de remoción en masa en la via hacia la vereda Hoya Negra que mantiene incomunicada una comunidad de más de 300 habitantes, se coordina envío de maquinaria amarilla para rehabilitar el paso",2023-05-01,0.0,0.0,1.0,True,Responded to,Mass movement,Landslides,Cmgr of the Hato,CAS Environmental Authority,El Hato,Rural,Rural Hamlet Hoya Negra,Not reported,Not reported,False,,geophysical,Geophysical,Infrastructure damage recorded
2023 May 27 12:00:00 AM,ATENDIDO,2023-05-27T00:00:00.000,MOVIMIENTO EN MASA,DESLIZAMIENTOS,CMGRD EL GUACAMAYO,CAS,EL GUACAMAYO,RURAL,CORREGIMIENTO SANTA RITA,0,0.0,0.0,0,1.0,0.0,0.0,0.0,,,,0.0,0.0,0.0,2023-05-27T00:00:00.000,,,"EL CMGRD reporta a causa de las lluvias constantes se presenta fenómeno de remoción en masa en la via hacia el corregimiento Santa Rita, con maquinaria amarilla del municipio se rehabilitó el paso de manera provisional",REPORTE_DE_EVENTOS_POR_DESASTRES_NATURALES_Y_ANTRÓPICOS_(Histórico)_20260415.csv,EVT00712,2023-05-27,ATENDIDO,2023-05-27,MOVIMIENTO EN MASA,DESLIZAMIENTOS,CMGRD EL GUACAMAYO,CAS,EL GUACAMAYO,RURAL,CORREGIMIENTO SANTA RITA,0.0,0.0,0.0,0,1.0,0.0,0.0,0.0,,,,0.0,0.0,0.0,2023-05-27,,,"EL CMGRD reporta a causa de las lluvias constantes se presenta fenómeno de remoción en masa en la via hacia el corregimiento Santa Rita, con maquinaria amarilla del municipio se rehabilitó el paso de manera provisional",2023-05-01,0.0,0.0,1.0,True,Responded to,Mass movement,Landslides,Municipal Disaster Risk Management Council the Guacamayo,CAS Environmental Authority,El Guacamayo,Rural,Township Santa Rita,Not reported,Not reported,False,,geophysical,Geophysical,Infrastructure damage recorded
2023 May 27 12:00:00 AM,ATENDIDO,2023-05-27T00:00:00.000,MOVIMIENTO EN MASA,DESLIZAMIENTOS,CMGRD DE ONZAGA,CAS,ONZAGA,RURAL,"SECTOR EL BOQUERON, SAN FRANCISCO",0,0.0,0.0,0,1.0,0.0,0.0,0.0,,,,0.0,0.0,0.0,2023-05-27T00:00:00.000,,,"El CMGRD reporta creciente súbita del rio Chaguaca, causa deslizamiento y perdida de la banca de la vía nacional San Joaquin - Onzaga a 1 km del casco urbano, en el sector PR 76+40se coordina maquinaria del INVIAS para recuperar el paso. Se coordina con el CRUE la atención de pacientes que requieran traslado hacia otros niveles de complejidad médica. 4259 habitantes afectados e incomunicados",REPORTE_DE_EVENTOS_POR_DESASTRES_NATURALES_Y_ANTRÓPICOS_(Histórico)_20260415.csv,EVT00713,2023-05-27,ATENDIDO,2023-05-27,MOVIMIENTO EN MASA,DESLIZAMIENTOS,CMGRD DE ONZAGA,CAS,ONZAGA,RURAL,"SECTOR EL BOQUERON, SAN FRANCISCO",0.0,0.0,0.0,0,1.0,0.0,0.0,0.0,,,,0.0,0.0,0.0,2023-05-27,,,"El CMGRD reporta creciente súbita del rio Chaguaca, causa deslizamiento y perdida de la banca de la vía nacional San Joaquin - Onzaga a 1 km del casco urbano, en el sector PR 76+40se coordina maquinaria del INVIAS para recuperar el paso. Se coordina con el CRUE la atención de pacientes que requieran traslado hacia otros niveles de complejidad médica. 4259 habitantes afectados e incomunicados",2023-05-01,0.0,0.0,1.0,True,Responded to,Mass movement,Landslides,Municipal Disaster Risk Management Council of Onzaga,CAS Environmental Authority,Onzaga,Rural,Sector the Boqueron San Francisco,Not reported,Not reported,False,,geophysical,Geophysical,Infrastructure damage recorded
2023 May 30 12:00:00 AM,ATENDIDO,2023-05-30T00:00:00.000,INUNDACIONES,FUERTES LLUVIAS,CMGRD DE PUERTO PARRA,CAS,PUERTO PARRA,URBANO,BARRIOS EL CENTRO Y KENEDDY,60,0.0,20.0,0,0.0,0.0,0.0,0.0,,,,0.0,0.0,0.0,2023-05-30T00:00:00.000,,,"El CMGRD reporta fuertes lluvias y colapso del alcantarillado en los barrios Ferrocarril, el Centro y Kenedy   60 viviendas afectadas y pérdida de muebles y enceres Atiende: CMGR de Puerto Parra realiza la evaluación de daños y análisis de necesidades",REPORTE_DE_EVENTOS_POR_DESASTRES_NATURALES_Y_ANTRÓPICOS_(Histórico)_20260415.csv,EVT00714,2023-05-30,ATENDIDO,2023-05-30,INUNDACIONES,FUERTES LLUVIAS,CMGRD DE PUERTO PARRA,CAS,PUERTO PARRA,URBANO,BARRIOS EL CENTRO Y KENEDDY,60.0,0.0,20.0,0,0.0,0.0,0.0,0.0,,,,0.0,0.0,0.0,2023-05-30,,,"El CMGRD reporta fuertes lluvias y colapso del alcantarillado en los barrios Ferrocarril, el Centro y Kenedy 60 viviendas afectadas y pérdida de muebles y enceres Atiende: CMGR de Puerto Parra realiza la evaluación de daños y análisis de necesidades",2023-05-01,0.0,20.0,0.0,True,Responded to,Floods,Heavy rainfall,Municipal Disaster Risk Management Council of Puerto Parra,CAS Environmental Authority,Puerto Parra,Urban,Barrios the Centro and Keneddy,Not reported,Not reported,False,,hydrometeorological,Hydrometeorological,Housing damage recorded
2023 May 30 12:00:00 AM,ATENDIDO,2023-05-30T00:00:00.000,INUNDACIONES,FUERTES LLUVIAS,CMGRD DE CIMITARRA,CAS,CIMITARRA,RURAL,VEREDAS SAN JUANCITO Y FONDO OSCURO,100,0.0,10.0,0,0.0,0.0,0.0,0.0,,,,0.0,0.0,0.0,2023-05-30T00:00:00.000,,,"EL CMGRD reporta desbordamiento de los caños Fondo Oscuro y Caño Baúl a causa de las lluvias de las últimas horas, más de 100 familias afectadas en las veredas San Juancito y Fondo Oscuro. Se adelanta la evaluación de daños y análisis de necesidades.",REPORTE_DE_EVENTOS_POR_DESASTRES_NATURALES_Y_ANTRÓPICOS_(Histórico)_20260415.csv,EVT00715,2023-05-30,ATENDIDO,2023-05-30,INUNDACIONES,FUERTES LLUVIAS,CMGRD DE CIMITARRA,CAS,CIMITARRA,RURAL,VEREDAS SAN JUANCITO Y FONDO OSCURO,100.0,0.0,10.0,0,0.0,0.0,0.0,0.0,,,,0.0,0.0,0.0,2023-05-30,,,"EL CMGRD reporta desbordamiento de los caños Fondo Oscuro y Caño Baúl a causa de las lluvias de las últimas horas, más de 100 familias afectadas en las veredas San Juancito y Fondo Oscuro. Se adelanta la evaluación de daños y análisis de necesidades.",2023-05-01,0.0,10.0,0.0,True,Responded to,Floods,Heavy rainfall,Municipal Disaster Risk Management Council of Cimitarra,CAS Environmental Authority,Cimitarra,Rural,Veredas San Juancito and Fondo Oscuro,Not reported,Not reported,False,,hydrometeorological,Hydrometeorological,Housing damage recorded
2023 May 31 12:00:00 AM,ATENDIDO,2023-05-31T00:00:00.000,INUNDACIONES,FUERTES LLUVIAS,CMGRD DE CIMITARRA,CAS,CIMITARRA,RURAL,CASCO URBANO SECTORES DEL HOSPITAL REGIONAL,0,0.0,0.0,0,0.0,0.0,0.0,0.0,,,,0.0,0.0,0.0,2023-05-31T00:00:00.000,,,"El comandante de bomberos reporta inundaciones en algunos sectores del casco urbano es especial en el área de urgencias del Hospital regional a causa del colapso e alcantarillados por las fuertes lluvias y desbordamiento de la quebrada las Flores, atiende bomberos voluntarios de Velez",REPORTE_DE_EVENTOS_POR_DESASTRES_NATURALES_Y_ANTRÓPICOS_(Histórico)_20260415.csv,EVT00716,2023-05-31,ATENDIDO,2023-05-31,INUNDACIONES,FUERTES LLUVIAS,CMGRD DE CIMITARRA,CAS,CIMITARRA,RURAL,CASCO URBANO SECTORES DEL HOSPITAL REGIONAL,0.0,0.0,0.0,0,0.0,0.0,0.0,0.0,,,,0.0,0.0,0.0,2023-05-31,,,"El comandante de bomberos reporta inundaciones en algunos sectores del casco urbano es especial en el área de urgencias del Hospital regional a causa del colapso e alcantarillados por las fuertes lluvias y desbordamiento de la quebrada las Flores, atiende bomberos voluntarios de Velez",2023-05-01,0.0,0.0,0.0,False,Responded to,Floods,Heavy rainfall,Municipal Disaster Risk Management Council of Cimitarra,CAS Environmental Authority,Cimitarra,Rural,Casco Urbano Sectores of the Hospital Regional,Not reported,Not reported,False,,hydrometeorological,Hydrometeorological,No quantified impact recorded
2023 Jun 01 12:00:00 AM,ATENDIDO,2023-06-01T00:00:00.000,INUNDACIONES,FUERTES LLUVIAS,CMGRD DE BARRANCABERMEJA,CAS,BARRANCABERMEJA,URBANO,SECTOR POZO 7,250,0.0,0.0,0,0.0,0.0,0.0,0.0,,,,0.0,0.0,0.0,2023-06-01T00:00:00.000,,,"El CMGRD reporta inundaciones en el sector Pozo 7, asentamiento la bendición de Dios por colapso del alcantarillado a causa de las fuertes lluvias, cerca de 250 familias afectadas se adelantan los EDAN por bomberos voluntarios, defensa civil y policía nacional",REPORTE_DE_EVENTOS_POR_DESASTRES_NATURALES_Y_ANTRÓPICOS_(Histórico)_20260415.csv,EVT00717,2023-06-01,ATENDIDO,2023-06-01,INUNDACIONES,FUERTES LLUVIAS,CMGRD DE BARRANCABERMEJA,CAS,BARRANCABERMEJA,URBANO,SECTOR POZO 7,250.0,0.0,0.0,0,0.0,0.0,0.0,0.0,,,,0.0,0.0,0.0,2023-06-01,,,"El CMGRD reporta inundaciones en el sector Pozo 7, asentamiento la bendición de Dios por colapso del alcantarillado a causa de las fuertes lluvias, cerca de 250 familias afectadas se adelantan los EDAN por bomberos voluntarios, defensa civil y policía nacional",2023-06-01,0.0,0.0,0.0,False,Responded to,Floods,Heavy rainfall,Municipal Disaster Risk Management Council of Barrancabermeja,CAS Environmental Authority,Barrancabermeja,Urban,Sector Pozo 7,Not reported,Not reported,False,,hydrometeorological,Hydrometeorological,No quantified impact recorded
2023 Jun 01 12:00:00 AM,ATENDIDO,2023-06-01T00:00:00.000,INUNDACIONES,FUERTES LLUVIAS,CMGRD DE TONA,CDMB,TONA,RURAL,CORREGIMIENTO DE BERLIN,100,0.0,0.0,0,0.0,0.0,0.0,0.0,,,,0.0,0.0,0.0,2023-06-01T00:00:00.000,,,"El CMGRD reporta creciente del rio Jordan y sus aportantes por las fuertes lluvias, causa desbordamiento y daños en cultivos de cebolla y daños en la cubierta del centro de salud, se adelanta la evaluación de daños y análisis de necesidades.",REPORTE_DE_EVENTOS_POR_DESASTRES_NATURALES_Y_ANTRÓPICOS_(Histórico)_20260415.csv,EVT00718,2023-06-01,ATENDIDO,2023-06-01,INUNDACIONES,FUERTES LLUVIAS,CMGRD DE TONA,CDMB,TONA,RURAL,CORREGIMIENTO DE BERLIN,100.0,0.0,0.0,0,0.0,0.0,0.0,0.0,,,,0.0,0.0,0.0,2023-06-01,,,"El CMGRD reporta creciente del rio Jordan y sus aportantes por las fuertes lluvias, causa desbordamiento y daños en cultivos de cebolla y daños en la cubierta del centro de salud, se adelanta la evaluación de daños y análisis de necesidades.",2023-06-01,0.0,0.0,0.0,False,Responded to,Floods,Heavy rainfall,Municipal Disaster Risk Management Council of Tona,CDMB Environmental Authority,Tona,Rural,Township of Berlin,Not reported,Not reported,False,,hydrometeorological,Hydrometeorological,No quantified impact recorded
2023 Jun 08 12:00:00 AM,ATENDIDO,2023-06-08T00:00:00.000,TORMENTAS ELECTRICAS,FUERTES LLUVIAS,CMGRD DE BUCARAMANGA,CAS,BUCARAMANGA,URBANO,SECTORES CALLE 45 VIA A CHIMITA,5,0.0,0.0,0,2.0,0.0,0.0,0.0,,,,0.0,0.0,0.0,2023-06-08T00:00:00.000,,,"Ante la lluvia es presentadas por más de 5 horas de la tarde y no che de hoy jueves 08-06-2’203en Bucaramanga y el área metropolitana se presenta colapso de alcantarillados principalmente en sectores de Chimitá entre la calle 45 y el puente el Palenque, en la zona norte de Bucaramanga en especial en los Colorados y en sectores de regaderos y la vía hacia matanza, se presenta creciente súbita de la quebrada Río frío, el río de oro y el río Tona, también se presenta deslizamientos y caídas de rocas en la vía que conduce desde el aeropuerto Palo Negro y entre Bucaramanga y el municipio de Girón Así mismo hacia el municipio de Río Negro",REPORTE_DE_EVENTOS_POR_DESASTRES_NATURALES_Y_ANTRÓPICOS_(Histórico)_20260415.csv,EVT00719,2023-06-08,ATENDIDO,2023-06-08,TORMENTAS ELECTRICAS,FUERTES LLUVIAS,CMGRD DE BUCARAMANGA,CAS,BUCARAMANGA,URBANO,SECTORES CALLE 45 VIA A CHIMITA,5.0,0.0,0.0,0,2.0,0.0,0.0,0.0,,,,0.0,0.0,0.0,2023-06-08,,,"Ante la lluvia es presentadas por más de 5 horas de la tarde y no che de hoy jueves 08-06-2’203en Bucaramanga y el área metropolitana se presenta colapso de alcantarillados principalmente en sectores de Chimitá entre la calle 45 y el puente el Palenque, en la zona norte de Bucaramanga en especial en los Colorados y en sectores de regaderos y la vía hacia matanza, se presenta creciente súbita de la quebrada Río frío, el río de oro y el río Tona, también se presenta deslizamientos y caídas de rocas en la vía que conduce desde el aeropuerto Palo Negro y entre Bucaramanga y el municipio de Girón Así mismo hacia el municipio de Río Negro",2023-06-01,0.0,0.0,2.0,True,Responded to,Thunderstorms,Heavy rainfall,Municipal Disaster Risk Management Council of Bucaramanga,CAS Environmental Authority,Bucaramanga,Urban,Sectores Calle 45 Road A Chimita,Not reported,Not reported,False,,hydrometeorological,Hydrometeorological,Infrastructure damage recorded
2023 Jun 08 12:00:00 AM,ATENDIDO,2023-06-08T00:00:00.000,TORMENTAS ELECTRICAS,FUERTES LLUVIAS,CMGRD DE LEBRIJA,CAS,LEBRIJA,RURAL,"VEREDAS CHUSCAL, VANEGAS Y CHUSPAS",10,0.0,0.0,0,1.0,0.0,0.0,0.0,,,,0.0,0.0,0.0,2023-06-08T00:00:00.000,,,"EL CMGRD reporta tormentas eléctricas, e inundaciones y deslizamientos en el casco urbano y veredas Chuspas, Conchal y Vanegas, donde se presenta creciente súbita del rio Lebrija varias viviendas afectadas, atienden bomberos voluntarios y policía nacional quienes adelantan los EDAN",REPORTE_DE_EVENTOS_POR_DESASTRES_NATURALES_Y_ANTRÓPICOS_(Histórico)_20260415.csv,EVT00720,2023-06-08,ATENDIDO,2023-06-08,TORMENTAS ELECTRICAS,FUERTES LLUVIAS,CMGRD DE LEBRIJA,CAS,LEBRIJA,RURAL,"VEREDAS CHUSCAL, VANEGAS Y CHUSPAS",10.0,0.0,0.0,0,1.0,0.0,0.0,0.0,,,,0.0,0.0,0.0,2023-06-08,,,"EL CMGRD reporta tormentas eléctricas, e inundaciones y deslizamientos en el casco urbano y veredas Chuspas, Conchal y Vanegas, donde se presenta creciente súbita del rio Lebrija varias viviendas afectadas, atienden bomberos voluntarios y policía nacional quienes adelantan los EDAN",2023-06-01,0.0,0.0,1.0,True,Responded to,Thunderstorms,Heavy rainfall,Municipal Disaster Risk Management Council of Lebrija,CAS Environmental Authority,Lebrija,Rural,Veredas Chuscal Vanegas and Chuspas,Not reported,Not reported,False,,hydrometeorological,Hydrometeorological,Infrastructure damage recorded
2023 Jun 08 12:00:00 AM,ATENDIDO,2023-06-08T00:00:00.000,INUNDACIONES,FUERTES LLUVIAS,CMGRD DE CIMITARRA,CAS,CIMITARRA,RURAL,CENTRO POBLADO CASCAJERO,20,0.0,5.0,0,1.0,0.0,0.0,0.0,,,,0.0,0.0,0.0,2023-06-08T00:00:00.000,,,"EL CMGRD reporta inundaciones en el centro poblado Cascajero por las fuertes lluvias que causan colapso del alcantarillado, 20 viviendas afectadas, se coordina la evaluación de daños y análisis de necesidades.",REPORTE_DE_EVENTOS_POR_DESASTRES_NATURALES_Y_ANTRÓPICOS_(Histórico)_20260415.csv,EVT00721,2023-06-08,ATENDIDO,2023-06-08,INUNDACIONES,FUERTES LLUVIAS,CMGRD DE CIMITARRA,CAS,CIMITARRA,RURAL,CENTRO POBLADO CASCAJERO,20.0,0.0,5.0,0,1.0,0.0,0.0,0.0,,,,0.0,0.0,0.0,2023-06-08,,,"EL CMGRD reporta inundaciones en el centro poblado Cascajero por las fuertes lluvias que causan colapso del alcantarillado, 20 viviendas afectadas, se coordina la evaluación de daños y análisis de necesidades.",2023-06-01,0.0,5.0,1.0,True,Responded to,Floods,Heavy rainfall,Municipal Disaster Risk Management Council of Cimitarra,CAS Environmental Authority,Cimitarra,Rural,Centro Poblado Cascajero,Not reported,Not reported,False,,hydrometeorological,Hydrometeorological,Housing damage recorded
2023 Jun 11 12:00:00 AM,ATENDIDO,2023-06-11T00:00:00.000,AVENIDA TORRENCIAL,FUERTES LLUVIAS,CMGRD DE VELEZ,CAS,VELEZ,RURAL,VEREDA SAN VICENTE,5,0.0,0.0,0,1.0,1.0,0.0,0.0,,,,0.0,0.0,0.0,2023-06-11T00:00:00.000,,,"EL CMGRD informa que las fuertes lluvias genera avenida torrencial de la quebrada el Palenque en la vereda San Vicente y colapsa un puente vehicular que comunica a las veredas San Pablo, Ejidos y San Vicente. Se presentan perdida de cultivos de caña, guayaba y pastizales. Atienden CMGRD bomberos voluntarios y Defensa civil, quienes adelantan la Evaluación de Daños",REPORTE_DE_EVENTOS_POR_DESASTRES_NATURALES_Y_ANTRÓPICOS_(Histórico)_20260415.csv,EVT00722,2023-06-11,ATENDIDO,2023-06-11,AVENIDA TORRENCIAL,FUERTES LLUVIAS,CMGRD DE VELEZ,CAS,VELEZ,RURAL,VEREDA SAN VICENTE,5.0,0.0,0.0,0,1.0,1.0,0.0,0.0,,,,0.0,0.0,0.0,2023-06-11,,,"EL CMGRD informa que las fuertes lluvias genera avenida torrencial de la quebrada el Palenque en la vereda San Vicente y colapsa un puente vehicular que comunica a las veredas San Pablo, Ejidos y San Vicente. Se presentan perdida de cultivos de caña, guayaba y pastizales. Atienden CMGRD bomberos voluntarios y Defensa civil, quienes adelantan la Evaluación de Daños",2023-06-01,0.0,0.0,2.0,True,Responded to,Torrential flash flood,Heavy rainfall,Municipal Disaster Risk Management Council of Velez,CAS Environmental Authority,Velez,Rural,Rural Hamlet San Vicente,Not reported,Not reported,False,,hydrometeorological,Hydrometeorological,Infrastructure damage recorded
2023 Jun 15 12:00:00 AM,ATENDIDO,2023-06-15T00:00:00.000,VENDAVAL,FUERTES LLUVIAS,CMGRD DE CIMITARRA,CAS,CIMITARRA,RURAL,VEREDA MONTERREDONDA,10,0.0,10.0,0,0.0,0.0,0.0,0.0,,,,0.0,0.0,0.0,2023-06-15T00:00:00.000,,,"EL CMGR reporta lluvias acompañadas de fuertes vientos que causan afectaciones en techos y cubiertas de 10 viviendas de la vereda Monterredonda, se adelanta los EDAN por la defensa civil y el CMGRD",REPORTE_DE_EVENTOS_POR_DESASTRES_NATURALES_Y_ANTRÓPICOS_(Histórico)_20260415.csv,EVT00723,2023-06-15,ATENDIDO,2023-06-15,VENDAVAL,FUERTES LLUVIAS,CMGRD DE CIMITARRA,CAS,CIMITARRA,RURAL,VEREDA MONTERREDONDA,10.0,0.0,10.0,0,0.0,0.0,0.0,0.0,,,,0.0,0.0,0.0,2023-06-15,,,"EL CMGR reporta lluvias acompañadas de fuertes vientos que causan afectaciones en techos y cubiertas de 10 viviendas de la vereda Monterredonda, se adelanta los EDAN por la defensa civil y el CMGRD",2023-06-01,0.0,10.0,0.0,True,Responded to,Windstorm,Heavy rainfall,Municipal Disaster Risk Management Council of Cimitarra,CAS Environmental Authority,Cimitarra,Rural,Rural Hamlet Monterredonda,Not reported,Not reported,False,,hydrometeorological,Hydrometeorological,Housing damage recorded
2023 Jun 18 12:00:00 AM,ATENDIDO,2023-06-18T00:00:00.000,AVENIDA TORRENCIAL,FUERTES LLUVIAS,CMGRD DE CERRITO,CAS,CERRITO,RURAL,VEREDA CORRALFALSO,50,0.0,0.0,0,1.0,4.0,0.0,0.0,,,,0.0,0.0,0.0,2023-06-18T00:00:00.000,,,"El comandante de bomberos reporta, las fuertes lluvias que se presentaron el día sábado 18 de junio en el páramo del Almorzadero, generó avenida torrencial del rio Servitá. Afectaciones en la via hacia la vereda Corralfalso, pérdida de puentes colgantes en los sectores Juarado, Mortiño y Boyagá. Afectación en postes de energía. Se adelanta la Evaluación de Daños",REPORTE_DE_EVENTOS_POR_DESASTRES_NATURALES_Y_ANTRÓPICOS_(Histórico)_20260415.csv,EVT00724,2023-06-18,ATENDIDO,2023-06-18,AVENIDA TORRENCIAL,FUERTES LLUVIAS,CMGRD DE CERRITO,CAS,CERRITO,RURAL,VEREDA CORRALFALSO,50.0,0.0,0.0,0,1.0,4.0,0.0,0.0,,,,0.0,0.0,0.0,2023-06-18,,,"El comandante de bomberos reporta, las fuertes lluvias que se presentaron el día sábado 18 de junio en el páramo del Almorzadero, generó avenida torrencial del rio Servitá. Afectaciones en la via hacia la vereda Corralfalso, pérdida de puentes colgantes en los sectores Juarado, Mortiño y Boyagá. Afectación en postes de energía. Se adelanta la Evaluación de Daños",2023-06-01,0.0,0.0,5.0,True,Responded to,Torrential flash flood,Heavy rainfall,Municipal Disaster Risk Management Council of Cerrito,CAS Environmental Authority,Cerrito,Rural,Rural Hamlet Corralfalso,Not reported,Not reported,False,,hydrometeorological,Hydrometeorological,Infrastructure damage recorded
2023 Jun 18 12:00:00 AM,ATENDIDO,2023-06-18T00:00:00.000,GRANIZADA,FUERTES LLUVIAS,CMGRD DE OIBA,CAS,OIBA,RURAL,VEREDA LA PEÑUELA,5,0.0,0.0,0,0.0,0.0,0.0,0.0,,,,0.0,0.0,0.0,2023-06-18T00:00:00.000,,,"El comandante de bomberos reporta fuertes lluvias y granizada en Sectores la Libertad y la Palma, vereda la Peñuela que afectó cultivos de café, plátano y cítricos. Se coordina la Evaluación de Daños y Censo de afectados.",REPORTE_DE_EVENTOS_POR_DESASTRES_NATURALES_Y_ANTRÓPICOS_(Histórico)_20260415.csv,EVT00725,2023-06-18,ATENDIDO,2023-06-18,GRANIZADA,FUERTES LLUVIAS,CMGRD DE OIBA,CAS,OIBA,RURAL,VEREDA LA PEÑUELA,5.0,0.0,0.0,0,0.0,0.0,0.0,0.0,,,,0.0,0.0,0.0,2023-06-18,,,"El comandante de bomberos reporta fuertes lluvias y granizada en Sectores la Libertad y la Palma, vereda la Peñuela que afectó cultivos de café, plátano y cítricos. Se coordina la Evaluación de Daños y Censo de afectados.",2023-06-01,0.0,0.0,0.0,False,Responded to,Hailstorm,Heavy rainfall,Municipal Disaster Risk Management Council of Oiba,CAS Environmental Authority,Oiba,Rural,Rural Hamlet the Penuela,Not reported,Not reported,False,,hydrometeorological,Hydrometeorological,No quantified impact recorded
2023 Jun 25 12:00:00 AM,ATENDIDO,2023-06-25T00:00:00.000,GRANIZADA,FUERTES LLUVIAS,CMGRD DE ARATOCA,CAS,ARATOCA,RURAL,VIA NACIONAL PEZCADERO A CURITI,0,0.0,0.0,0,1.0,0.0,0.0,0.0,,,,0.0,0.0,0.0,2023-06-25T00:00:00.000,,,"El CMGRD reporta fuertes lluvias en el corredor vial entre pescadero y Curití que causa afectaciones a cultivos de café y caída de arboles y ramas, afectando la movilidad en la vía, atienden los bomberos voluntarios, policía nacional e INVIAS",REPORTE_DE_EVENTOS_POR_DESASTRES_NATURALES_Y_ANTRÓPICOS_(Histórico)_20260415.csv,EVT00726,2023-06-25,ATENDIDO,2023-06-25,GRANIZADA,FUERTES LLUVIAS,CMGRD DE ARATOCA,CAS,ARATOCA,RURAL,VIA NACIONAL PEZCADERO A CURITI,0.0,0.0,0.0,0,1.0,0.0,0.0,0.0,,,,0.0,0.0,0.0,2023-06-25,,,"El CMGRD reporta fuertes lluvias en el corredor vial entre pescadero y Curití que causa afectaciones a cultivos de café y caída de arboles y ramas, afectando la movilidad en la vía, atienden los bomberos voluntarios, policía nacional e INVIAS",2023-06-01,0.0,0.0,1.0,True,Responded to,Hailstorm,Heavy rainfall,Municipal Disaster Risk Management Council of Aratoca,CAS Environmental Authority,Aratoca,Rural,Road Nacional Pezcadero A Curiti,Not reported,Not reported,False,,hydrometeorological,Hydrometeorological,Infrastructure damage recorded
2023 Jul 01 12:00:00 AM,ATENDIDO,2023-07-01T00:00:00.000,INUNDACIONES,FUERTES LLUVIAS,CMGRD DE CIMITARRA,CAS,CIMITARRA,RURAL,QUEBRADA EL BAUL Y MONTE OSCURO,10,0.0,10.0,0,0.0,0.0,0.0,0.0,,,,0.0,0.0,0.0,2023-07-01T00:00:00.000,,,"El CMGRD reporta, inundaciones por desbordamiento de las quebradas Caño Baúl y Monte oscuro, inundaciones de varias viviendas y cultivos de yuca y plátano, el CMGRD  Se adelanta la Evaluación de Daños y Análisis de Necesidades",REPORTE_DE_EVENTOS_POR_DESASTRES_NATURALES_Y_ANTRÓPICOS_(Histórico)_20260415.csv,EVT00727,2023-07-01,ATENDIDO,2023-07-01,INUNDACIONES,FUERTES LLUVIAS,CMGRD DE CIMITARRA,CAS,CIMITARRA,RURAL,QUEBRADA EL BAUL Y MONTE OSCURO,10.0,0.0,10.0,0,0.0,0.0,0.0,0.0,,,,0.0,0.0,0.0,2023-07-01,,,"El CMGRD reporta, inundaciones por desbordamiento de las quebradas Caño Baúl y Monte oscuro, inundaciones de varias viviendas y cultivos de yuca y plátano, el CMGRD Se adelanta la Evaluación de Daños y Análisis de Necesidades",2023-07-01,0.0,10.0,0.0,True,Responded to,Floods,Heavy rainfall,Municipal Disaster Risk Management Council of Cimitarra,CAS Environmental Authority,Cimitarra,Rural,Quebrada the Baul and Monte Oscuro,Not reported,Not reported,False,,hydrometeorological,Hydrometeorological,Housing damage recorded
2023 Jul 01 12:00:00 AM,ATENDIDO,2023-07-01T00:00:00.000,GRANIZADA,FUERTES LLUVIAS,CMGRD DEL PARAMO,CAS,PARAMO,RURAL,VEREDAS PALMAR Y PALMARITO,6,0.0,6.0,0,0.0,0.0,0.0,0.0,,,,0.0,0.0,0.0,2023-07-01T00:00:00.000,,,"El comandante de bomberos reporta granizada y fuertes lluvias en la vereda el Palmar y Palmarito, perdida de cultivos de cafe, Tomate y Platano, arveja. se coordina reunión del CMGRD para enviar técnicos de la UMATA a realizar la evaluación de daños",REPORTE_DE_EVENTOS_POR_DESASTRES_NATURALES_Y_ANTRÓPICOS_(Histórico)_20260415.csv,EVT00728,2023-07-01,ATENDIDO,2023-07-01,GRANIZADA,FUERTES LLUVIAS,CMGRD DEL PARAMO,CAS,PARAMO,RURAL,VEREDAS PALMAR Y PALMARITO,6.0,0.0,6.0,0,0.0,0.0,0.0,0.0,,,,0.0,0.0,0.0,2023-07-01,,,"El comandante de bomberos reporta granizada y fuertes lluvias en la vereda el Palmar y Palmarito, perdida de cultivos de cafe, Tomate y Platano, arveja. se coordina reunión del CMGRD para enviar técnicos de la UMATA a realizar la evaluación de daños",2023-07-01,0.0,6.0,0.0,True,Responded to,Hailstorm,Heavy rainfall,Municipal Disaster Risk Management Council of the Paramo,CAS Environmental Authority,Paramo,Rural,Veredas Palmar and Palmarito,Not reported,Not reported,False,,hydrometeorological,Hydrometeorological,Housing damage recorded
2023 Jul 02 12:00:00 AM,ATENDIDO,2023-07-02T00:00:00.000,VENDAVAL,FUERTES LLUVIAS,CMGRD DE LOS SANTOS,CAS,LOS SANTOS,RURAL,VEREDA PURNIA,30,0.0,30.0,0,0.0,0.0,0.0,0.0,,,,0.0,0.0,0.0,2023-07-02T00:00:00.000,,,"El CMGRD reporta fuertes lluvias y vientos ligeros, en la vereda Purnia varias viviendas y establecimientos comerciales presentan afectación en techos y cubiertas, perdida de electrodomésticos, Acciones de respuesta: se coordina reunión del CMGRD con el fin de realizar la evaluación de daños.",REPORTE_DE_EVENTOS_POR_DESASTRES_NATURALES_Y_ANTRÓPICOS_(Histórico)_20260415.csv,EVT00729,2023-07-02,ATENDIDO,2023-07-02,VENDAVAL,FUERTES LLUVIAS,CMGRD DE LOS SANTOS,CAS,LOS SANTOS,RURAL,VEREDA PURNIA,30.0,0.0,30.0,0,0.0,0.0,0.0,0.0,,,,0.0,0.0,0.0,2023-07-02,,,"El CMGRD reporta fuertes lluvias y vientos ligeros, en la vereda Purnia varias viviendas y establecimientos comerciales presentan afectación en techos y cubiertas, perdida de electrodomésticos, Acciones de respuesta: se coordina reunión del CMGRD con el fin de realizar la evaluación de daños.",2023-07-01,0.0,30.0,0.0,True,Responded to,Windstorm,Heavy rainfall,Municipal Disaster Risk Management Council of Los Santos,CAS Environmental Authority,Los Santos,Rural,Rural Hamlet Purnia,Not reported,Not reported,False,,hydrometeorological,Hydrometeorological,Housing damage recorded
2023 Jul 02 12:00:00 AM,ATENDIDO,2023-07-02T00:00:00.000,CRECIENTE SUBITA,FUERTES LLUVIAS,CMGRD DE CURITI,CAS,CURITI,RURAL,QUEBRADA CURITI,0,0.0,0.0,0,0.0,0.0,0.0,0.0,,,,0.0,0.0,0.0,2023-07-02T00:00:00.000,,,"El comandante de bomberos reporta creciente súbita de la quebrada Curití, vereda Pescaderito sector Zamorano, varios turistas se encontraban en paseo de rio y fueron sorprendidos por la creciente la quebrada Curití, en la salida de emergencia del lugar perdieron celulares, documentos y elementos usados en los paseos. la reacción oprtuna de la defensa civil y el cuerpo de bomberos permitió que se rescataran los turistas a áreas seguras, no hay reporte de lesionados",REPORTE_DE_EVENTOS_POR_DESASTRES_NATURALES_Y_ANTRÓPICOS_(Histórico)_20260415.csv,EVT00730,2023-07-02,ATENDIDO,2023-07-02,CRECIENTE SUBITA,FUERTES LLUVIAS,CMGRD DE CURITI,CAS,CURITI,RURAL,QUEBRADA CURITI,0.0,0.0,0.0,0,0.0,0.0,0.0,0.0,,,,0.0,0.0,0.0,2023-07-02,,,"El comandante de bomberos reporta creciente súbita de la quebrada Curití, vereda Pescaderito sector Zamorano, varios turistas se encontraban en paseo de rio y fueron sorprendidos por la creciente la quebrada Curití, en la salida de emergencia del lugar perdieron celulares, documentos y elementos usados en los paseos. la reacción oprtuna de la defensa civil y el cuerpo de bomberos permitió que se rescataran los turistas a áreas seguras, no hay reporte de lesionados",2023-07-01,0.0,0.0,0.0,False,Responded to,Flash flood,Heavy rainfall,Municipal Disaster Risk Management Council of Curiti,CAS Environmental Authority,Curiti,Rural,Quebrada Curiti,Not reported,Not reported,False,,hydrometeorological,Hydrometeorological,No quantified impact recorded
2023 Jul 08 12:00:00 AM,ATENDIDO,2023-07-08T00:00:00.000,TORMENTAS ELECTRICAS,FUERTES LLUVIAS,CMGRD DE SUAITA,CAS,SUAITA,RURAL,CORREGIMIENTO SAN JOSE DE SUAITA,1,0.0,1.0,0,0.0,0.0,0.0,0.0,,,,0.0,0.0,0.0,2023-07-08T00:00:00.000,,,"El CMGRD reporta tormentas eléctricas en el corregimiento San José de Suaita, se reportan tres menores de edad un bebe de brazos y dos de 14 y 16 años, lesionadas por la caída de un rayo cerca de su vivienda, atendió policía nacional, las menores fueron trasladadas al hospital del Socorro. Se adelantan los EDAN para determinar más afectaciones.",REPORTE_DE_EVENTOS_POR_DESASTRES_NATURALES_Y_ANTRÓPICOS_(Histórico)_20260415.csv,EVT00731,2023-07-08,ATENDIDO,2023-07-08,TORMENTAS ELECTRICAS,FUERTES LLUVIAS,CMGRD DE SUAITA,CAS,SUAITA,RURAL,CORREGIMIENTO SAN JOSE DE SUAITA,1.0,0.0,1.0,0,0.0,0.0,0.0,0.0,,,,0.0,0.0,0.0,2023-07-08,,,"El CMGRD reporta tormentas eléctricas en el corregimiento San José de Suaita, se reportan tres menores de edad un bebe de brazos y dos de 14 y 16 años, lesionadas por la caída de un rayo cerca de su vivienda, atendió policía nacional, las menores fueron trasladadas al hospital del Socorro. Se adelantan los EDAN para determinar más afectaciones.",2023-07-01,0.0,1.0,0.0,True,Responded to,Thunderstorms,Heavy rainfall,Municipal Disaster Risk Management Council of Suaita,CAS Environmental Authority,Suaita,Rural,Township San Jose of Suaita,Not reported,Not reported,False,,hydrometeorological,Hydrometeorological,Housing damage recorded
2023 Jul 10 12:00:00 AM,ATENDIDO,2023-07-10T00:00:00.000,INUNDACIONES,FUERTES LLUVIAS,CMGRD DEL SOCORRO,CAS,EL SOCORRO,URBANO,CASCO URBANO,2,0.0,2.0,0,0.0,0.0,0.0,0.0,,,,0.0,0.0,0.0,2023-07-10T00:00:00.000,,,"El CMGRD reporta fuertes lluvias sobre el casco urbano que causo el colapso de alcantarillados y colectores de aguas lluvias, esto generó afectación en varios vehículos y motocicletas que fueron arrastrados por las aguas, algunas viviendas afectadas, se adelantan los EDAN.",REPORTE_DE_EVENTOS_POR_DESASTRES_NATURALES_Y_ANTRÓPICOS_(Histórico)_20260415.csv,EVT00732,2023-07-10,ATENDIDO,2023-07-10,INUNDACIONES,FUERTES LLUVIAS,CMGRD DEL SOCORRO,CAS,EL SOCORRO,URBANO,CASCO URBANO,2.0,0.0,2.0,0,0.0,0.0,0.0,0.0,,,,0.0,0.0,0.0,2023-07-10,,,"El CMGRD reporta fuertes lluvias sobre el casco urbano que causo el colapso de alcantarillados y colectores de aguas lluvias, esto generó afectación en varios vehículos y motocicletas que fueron arrastrados por las aguas, algunas viviendas afectadas, se adelantan los EDAN.",2023-07-01,0.0,2.0,0.0,True,Responded to,Floods,Heavy rainfall,Municipal Disaster Risk Management Council of the Socorro,CAS Environmental Authority,El Socorro,Urban,Casco Urbano,Not reported,Not reported,False,,hydrometeorological,Hydrometeorological,Housing damage recorded
2023 Jul 13 12:00:00 AM,ATENDIDO,2023-07-13T00:00:00.000,INCENDIO FORESTAL,INDETERMINADO,BOMBEROS DE PIEDECUESTA,CDMB,PIEDECUESTA,RURAL,VEREDAS SAN FRANCISCO Y SAN MIGUEL,0,0.0,0.0,0,0.0,0.0,0.0,8.0,,,,0.0,0.0,0.0,2023-07-13T00:00:00.000,,,"El comandante de bomberos reporta atención de dos incendios forestales en las veredas San Francisco y San Miguel simultáneamente, 4 máquinas contraincendios y 15 unidades, apoyados por 6 unidades de defensa civil y la comunidad controlaron y liquidaron la conflagración, causas por establecer, afectación de 8 hectáreas de pastizales y bosque nativo, estado LIQUIDADO",REPORTE_DE_EVENTOS_POR_DESASTRES_NATURALES_Y_ANTRÓPICOS_(Histórico)_20260415.csv,EVT00733,2023-07-13,ATENDIDO,2023-07-13,INCENDIO FORESTAL,INDETERMINADO,BOMBEROS DE PIEDECUESTA,CDMB,PIEDECUESTA,RURAL,VEREDAS SAN FRANCISCO Y SAN MIGUEL,0.0,0.0,0.0,0,0.0,0.0,0.0,8.0,,,,0.0,0.0,0.0,2023-07-13,,,"El comandante de bomberos reporta atención de dos incendios forestales en las veredas San Francisco y San Miguel simultáneamente, 4 máquinas contraincendios y 15 unidades, apoyados por 6 unidades de defensa civil y la comunidad controlaron y liquidaron la conflagración, causas por establecer, afectación de 8 hectáreas de pastizales y bosque nativo, estado LIQUIDADO",2023-07-01,0.0,0.0,0.0,True,Responded to,Forest fire,Undetermined,Fire Department of Piedecuesta,CDMB Environmental Authority,Piedecuesta,Rural,Veredas San Francisco and San Miguel,Not reported,Not reported,False,,other,Other or unclassified,Agricultural or land impact recorded
2023 Jul 17 12:00:00 AM,ATENDIDO,2023-07-17T00:00:00.000,EROSION,CRECIENTE SUBITA,CMGRD DE PUERTO WILCHES,CAS,PUERTO WILCHES,RURAL,VUELTA PERICO,0,0.0,0.0,0,0.0,0.0,0.0,0.0,,,,0.0,0.0,0.0,2023-07-17T00:00:00.000,,,"El alcalde municipal informa que el municipio se encuentra en alerta por riesgo de desbordamiento del rio Magdalena en el sector Vuelta Perico, se ha destinado maquinaria amarilla para reconstruir un dique de protección, causa probable transito de los remolcadores de IMPALA causan oleaje en el sector.",REPORTE_DE_EVENTOS_POR_DESASTRES_NATURALES_Y_ANTRÓPICOS_(Histórico)_20260415.csv,EVT00734,2023-07-17,ATENDIDO,2023-07-17,EROSION,CRECIENTE SUBITA,CMGRD DE PUERTO WILCHES,CAS,PUERTO WILCHES,RURAL,VUELTA PERICO,0.0,0.0,0.0,0,0.0,0.0,0.0,0.0,,,,0.0,0.0,0.0,2023-07-17,,,"El alcalde municipal informa que el municipio se encuentra en alerta por riesgo de desbordamiento del rio Magdalena en el sector Vuelta Perico, se ha destinado maquinaria amarilla para reconstruir un dique de protección, causa probable transito de los remolcadores de IMPALA causan oleaje en el sector.",2023-07-01,0.0,0.0,0.0,False,Responded to,Erosion,Flash flood,Municipal Disaster Risk Management Council of Puerto Wilches,CAS Environmental Authority,Puerto Wilches,Rural,Vuelta Perico,Not reported,Not reported,False,,geophysical,Geophysical,No quantified impact recorded
2023 Jul 19 12:00:00 AM,ATENDIDO,2023-07-19T00:00:00.000,INCENDIO FORESTAL,INDETERMINADO,CMGRD DEL HATO,CAS,EL HATO,RURAL,VEREDA HOYA GRANDE,0,0.0,0.0,0,0.0,0.0,0.0,10.0,,,,0.0,0.0,0.0,2023-07-19T00:00:00.000,,,"El CMGRD reporta atención de incendio forestal en la vereda Hoya Grande, atendido por el CMGRD, bomberos voluntarios y comunidad, 10 hectáreas de bosque natico y pastizales afectada, causas desconocidas",REPORTE_DE_EVENTOS_POR_DESASTRES_NATURALES_Y_ANTRÓPICOS_(Histórico)_20260415.csv,EVT00735,2023-07-19,ATENDIDO,2023-07-19,INCENDIO FORESTAL,INDETERMINADO,CMGRD DEL HATO,CAS,EL HATO,RURAL,VEREDA HOYA GRANDE,0.0,0.0,0.0,0,0.0,0.0,0.0,10.0,,,,0.0,0.0,0.0,2023-07-19,,,"El CMGRD reporta atención de incendio forestal en la vereda Hoya Grande, atendido por el CMGRD, bomberos voluntarios y comunidad, 10 hectáreas de bosque natico y pastizales afectada, causas desconocidas",2023-07-01,0.0,0.0,0.0,True,Responded to,Forest fire,Undetermined,Municipal Disaster Risk Management Council of the Hato,CAS Environmental Authority,El Hato,Rural,Rural Hamlet Hoya Grande,Not reported,Not reported,False,,other,Other or unclassified,Agricultural or land impact recorded
2023 Jul 22 12:00:00 AM,ATENDIDO,2023-07-22T00:00:00.000,TORMENTAS ELECTRICAS,FUERTES LLUVIAS,CMGRD DEL CARMEN,CAS,EL CARMEN DE CHUCURI,URBANO,PLAZA DE MERCADO Y SECTOR CENTRO,10,0.0,10.0,0,0.0,0.0,0.0,0.0,,,,0.0,0.0,0.0,2023-07-22T00:00:00.000,,,"El CMGRD reporta lluvias y fuertes vientos en el casco urbano que causo afectación en techos y cubiertas de 10 viviendas y la plaza de mercado, caída de ramas y árboles que causaron cierres viales, atienden bomberos y defensa civil quienes retiran los árboles y adelantan la evaluación de daños y análisis de necesidades",REPORTE_DE_EVENTOS_POR_DESASTRES_NATURALES_Y_ANTRÓPICOS_(Histórico)_20260415.csv,EVT00736,2023-07-22,ATENDIDO,2023-07-22,TORMENTAS ELECTRICAS,FUERTES LLUVIAS,CMGRD DEL CARMEN,CAS,EL CARMEN DE CHUCURI,URBANO,PLAZA DE MERCADO Y SECTOR CENTRO,10.0,0.0,10.0,0,0.0,0.0,0.0,0.0,,,,0.0,0.0,0.0,2023-07-22,,,"El CMGRD reporta lluvias y fuertes vientos en el casco urbano que causo afectación en techos y cubiertas de 10 viviendas y la plaza de mercado, caída de ramas y árboles que causaron cierres viales, atienden bomberos y defensa civil quienes retiran los árboles y adelantan la evaluación de daños y análisis de necesidades",2023-07-01,0.0,10.0,0.0,True,Responded to,Thunderstorms,Heavy rainfall,Municipal Disaster Risk Management Council of the Carmen,CAS Environmental Authority,El Carmen De Chucuri,Urban,Plaza of Mercado and Sector Centro,Not reported,Not reported,False,,hydrometeorological,Hydrometeorological,Housing damage recorded
2023 Jul 25 12:00:00 AM,ATENDIDO,2023-07-25T00:00:00.000,TORMENTAS ELECTRICAS,FUERTES LLUVIAS,CMGRD DE OCAMONTE,CAS,OCAMONTE,RURAL,VEREDAS MIRAFLORES Y LA CAÑADA,10,0.0,10.0,0,1.0,0.0,0.0,0.0,,,,0.0,0.0,0.0,2023-07-25T00:00:00.000,,,"reportan del municipio Ocamonte sector: vereda Miraflores, la Cañada y Guaduas tormentas eléctricas varias viviendas destechadas y la escuela de coordina hacer la evaluación de daños y análisis de necesidades no hay reporte de lesionados",REPORTE_DE_EVENTOS_POR_DESASTRES_NATURALES_Y_ANTRÓPICOS_(Histórico)_20260415.csv,EVT00737,2023-07-25,ATENDIDO,2023-07-25,TORMENTAS ELECTRICAS,FUERTES LLUVIAS,CMGRD DE OCAMONTE,CAS,OCAMONTE,RURAL,VEREDAS MIRAFLORES Y LA CAÑADA,10.0,0.0,10.0,0,1.0,0.0,0.0,0.0,,,,0.0,0.0,0.0,2023-07-25,,,"reportan del municipio Ocamonte sector: vereda Miraflores, la Cañada y Guaduas tormentas eléctricas varias viviendas destechadas y la escuela de coordina hacer la evaluación de daños y análisis de necesidades no hay reporte de lesionados",2023-07-01,0.0,10.0,1.0,True,Responded to,Thunderstorms,Heavy rainfall,Municipal Disaster Risk Management Council of Ocamonte,CAS Environmental Authority,Ocamonte,Rural,Veredas Miraflores and the Canada,Not reported,Not reported,False,,hydrometeorological,Hydrometeorological,Housing damage recorded
2023 Aug 02 12:00:00 AM,ATENDIDO,2023-08-02T00:00:00.000,TORMENTAS ELECTRICAS,FUERTES LLUVIAS,CMGRD DE CIMITARRA,CAS,CIMITARRA,RURAL,VEREDA PERDIDA MEDIA,15,0.0,0.0,0,0.0,0.0,0.0,0.0,,,,0.0,0.0,0.0,2023-08-02T00:00:00.000,,,"El CMGRD reporta tormentas y fuertes vientos en la vereda perdida media, varias viviendas afectadas y árboles caidos se adelanta la Evaluación de daños y análisis de necesidades",REPORTE_DE_EVENTOS_POR_DESASTRES_NATURALES_Y_ANTRÓPICOS_(Histórico)_20260415.csv,EVT00738,2023-08-02,ATENDIDO,2023-08-02,TORMENTAS ELECTRICAS,FUERTES LLUVIAS,CMGRD DE CIMITARRA,CAS,CIMITARRA,RURAL,VEREDA PERDIDA MEDIA,15.0,0.0,0.0,0,0.0,0.0,0.0,0.0,,,,0.0,0.0,0.0,2023-08-02,,,"El CMGRD reporta tormentas y fuertes vientos en la vereda perdida media, varias viviendas afectadas y árboles caidos se adelanta la Evaluación de daños y análisis de necesidades",2023-08-01,0.0,0.0,0.0,False,Responded to,Thunderstorms,Heavy rainfall,Municipal Disaster Risk Management Council of Cimitarra,CAS Environmental Authority,Cimitarra,Rural,Rural Hamlet Perdida Media,Not reported,Not reported,False,,hydrometeorological,Hydrometeorological,No quantified impact recorded
2023 Aug 02 12:00:00 AM,ATENDIDO,2023-08-02T00:00:00.000,TORMENTAS ELECTRICAS,FUERTES LLUVIAS,CMGRD DE RIONEGRO,CDMB,RIONEGRO,RURAL,CORREGIMIENTO GALAPAGOS,4,0.0,0.0,0,0.0,0.0,0.0,0.0,,,,0.0,0.0,0.0,2023-08-02T00:00:00.000,,,"El CMGRD reporta tormentas y fuertes vientos en el corregimiento Galapagos, varias viviendas afectadas y árboles caídos se adelanta la Evaluación de daños y análisis de necesidades",REPORTE_DE_EVENTOS_POR_DESASTRES_NATURALES_Y_ANTRÓPICOS_(Histórico)_20260415.csv,EVT00739,2023-08-02,ATENDIDO,2023-08-02,TORMENTAS ELECTRICAS,FUERTES LLUVIAS,CMGRD DE RIONEGRO,CDMB,RIONEGRO,RURAL,CORREGIMIENTO GALAPAGOS,4.0,0.0,0.0,0,0.0,0.0,0.0,0.0,,,,0.0,0.0,0.0,2023-08-02,,,"El CMGRD reporta tormentas y fuertes vientos en el corregimiento Galapagos, varias viviendas afectadas y árboles caídos se adelanta la Evaluación de daños y análisis de necesidades",2023-08-01,0.0,0.0,0.0,False,Responded to,Thunderstorms,Heavy rainfall,Municipal Disaster Risk Management Council of Rionegro,CDMB Environmental Authority,Rionegro,Rural,Township Galapagos,Not reported,Not reported,False,,hydrometeorological,Hydrometeorological,No quantified impact recorded
2023 Aug 08 12:00:00 AM,ATENDIDO,2023-08-08T00:00:00.000,TORMENTAS ELECTRICAS,FUERTES LLUVIAS,CMGRD EL PLAYON,CDMB,EL PLAYON,RURAL,VEREDAS LA NEGREÑA Y TRES PORTONES,4,0.0,0.0,0,0.0,0.0,0.0,0.0,,,,0.0,0.0,0.0,2023-08-08T00:00:00.000,,,"El CMGRD reporta atención fuertes lluvias y tormentas eléctricas en las veredas la Negreña y tres Portones, varias viviendas reportadas con daños en techos y perdida de enceres, arboles caídos, se coordina la evaluación de daños por los organismos de socorro",REPORTE_DE_EVENTOS_POR_DESASTRES_NATURALES_Y_ANTRÓPICOS_(Histórico)_20260415.csv,EVT00740,2023-08-08,ATENDIDO,2023-08-08,TORMENTAS ELECTRICAS,FUERTES LLUVIAS,CMGRD EL PLAYON,CDMB,EL PLAYON,RURAL,VEREDAS LA NEGREÑA Y TRES PORTONES,4.0,0.0,0.0,0,0.0,0.0,0.0,0.0,,,,0.0,0.0,0.0,2023-08-08,,,"El CMGRD reporta atención fuertes lluvias y tormentas eléctricas en las veredas la Negreña y tres Portones, varias viviendas reportadas con daños en techos y perdida de enceres, arboles caídos, se coordina la evaluación de daños por los organismos de socorro",2023-08-01,0.0,0.0,0.0,False,Responded to,Thunderstorms,Heavy rainfall,Municipal Disaster Risk Management Council the Playon,CDMB Environmental Authority,El Playon,Rural,Veredas the Negrena and Tres Portones,Not reported,Not reported,False,,hydrometeorological,Hydrometeorological,No quantified impact recorded
2023 Aug 12 12:00:00 AM,ATENDIDO,2023-08-12T00:00:00.000,INCENDIO FORESTAL,INDETERMINADO,CMGRD DE CARCASI,CAS,CARCASI,RURAL,VEREDA SAUCARA,0,0.0,0.0,0,0.0,0.0,0.0,5.0,,,,0.0,0.0,0.0,2023-08-12T00:00:00.000,,,"El comandante de bomberos reporta la atención de un incendio forestal en la vereda Saucara, afectación de 5 hectáreas de pastizales y vegetación nativa.",REPORTE_DE_EVENTOS_POR_DESASTRES_NATURALES_Y_ANTRÓPICOS_(Histórico)_20260415.csv,EVT00741,2023-08-12,ATENDIDO,2023-08-12,INCENDIO FORESTAL,INDETERMINADO,CMGRD DE CARCASI,CAS,CARCASI,RURAL,VEREDA SAUCARA,0.0,0.0,0.0,0,0.0,0.0,0.0,5.0,,,,0.0,0.0,0.0,2023-08-12,,,"El comandante de bomberos reporta la atención de un incendio forestal en la vereda Saucara, afectación de 5 hectáreas de pastizales y vegetación nativa.",2023-08-01,0.0,0.0,0.0,True,Responded to,Forest fire,Undetermined,Municipal Disaster Risk Management Council of Carcasi,CAS Environmental Authority,Carcasi,Rural,Rural Hamlet Saucara,Not reported,Not reported,False,,other,Other or unclassified,Agricultural or land impact recorded
2023 Aug 18 12:00:00 AM,ATENDIDO,2023-08-18T00:00:00.000,INCENDIO  FORESTAL,INDETERMINADO,CMGRD DE PIEDECUESTA,CDMB,PIEDECUESTA,RURAL,VEREDA EL RECREO,0,0.0,0.0,0,0.0,0.0,0.0,30.0,,,,0.0,0.0,0.0,2023-08-18T00:00:00.000,,,"el CMGRD reporta la atencion de un incendio forestal al parecer provocado en la vereda el Recreo durante ms de 12 horas el cuerpo de bomberos voluntarios con todas sus capacidades, apoyados por la defensa civil y el grupo PONALSAR de la policia nacional, afectacion de flora y fauna nativa",REPORTE_DE_EVENTOS_POR_DESASTRES_NATURALES_Y_ANTRÓPICOS_(Histórico)_20260415.csv,EVT00742,2023-08-18,ATENDIDO,2023-08-18,INCENDIO FORESTAL,INDETERMINADO,CMGRD DE PIEDECUESTA,CDMB,PIEDECUESTA,RURAL,VEREDA EL RECREO,0.0,0.0,0.0,0,0.0,0.0,0.0,30.0,,,,0.0,0.0,0.0,2023-08-18,,,"el CMGRD reporta la atencion de un incendio forestal al parecer provocado en la vereda el Recreo durante ms de 12 horas el cuerpo de bomberos voluntarios con todas sus capacidades, apoyados por la defensa civil y el grupo PONALSAR de la policia nacional, afectacion de flora y fauna nativa",2023-08-01,0.0,0.0,0.0,True,Responded to,Forest fire,Undetermined,Municipal Disaster Risk Management Council of Piedecuesta,CDMB Environmental Authority,Piedecuesta,Rural,Rural Hamlet the Recreo,Not reported,Not reported,False,,other,Other or unclassified,Agricultural or land impact recorded
2023 Aug 22 12:00:00 AM,ATENDIDO,2023-08-22T00:00:00.000,TORMENTAS ELECTRICAS,FUERTES LLUVIAS,CMGRD DE RIONEGRO,CDMB,RIONEGRO,RURAL,VEREDA EL BAMBU,15,0.0,15.0,0,0.0,0.0,0.0,0.0,,,,0.0,0.0,0.0,2023-08-22T00:00:00.000,,,"EL CMGRD reporta fuertes lluvias en la mdrugada que afecto varias familias del sector el Bambo destechando sus viviendas, se adelanta los EDAN por el CMGRD",REPORTE_DE_EVENTOS_POR_DESASTRES_NATURALES_Y_ANTRÓPICOS_(Histórico)_20260415.csv,EVT00743,2023-08-22,ATENDIDO,2023-08-22,TORMENTAS ELECTRICAS,FUERTES LLUVIAS,CMGRD DE RIONEGRO,CDMB,RIONEGRO,RURAL,VEREDA EL BAMBU,15.0,0.0,15.0,0,0.0,0.0,0.0,0.0,,,,0.0,0.0,0.0,2023-08-22,,,"EL CMGRD reporta fuertes lluvias en la mdrugada que afecto varias familias del sector el Bambo destechando sus viviendas, se adelanta los EDAN por el CMGRD",2023-08-01,0.0,15.0,0.0,True,Responded to,Thunderstorms,Heavy rainfall,Municipal Disaster Risk Management Council of Rionegro,CDMB Environmental Authority,Rionegro,Rural,Rural Hamlet the Bambu,Not reported,Not reported,False,,hydrometeorological,Hydrometeorological,Housing damage recorded
2023 Aug 22 12:00:00 AM,ATENDIDO,2023-08-22T00:00:00.000,TORMENTAS ELECTRICAS,FUERTES LLUVIAS,CMGRD DE BARRANCABERMEJA,CAS,BARRANCABERMEJA,RURAL,"6 barrios así:  los Laureles, Villa rosa, Santa Bárbara, Brisas del Poblado, bendición de Dios, los Álamos",200,0.0,200.0,0,0.0,0.0,0.0,0.0,,,,0.0,0.0,0.0,22/088/2023,,,"EL CMGRD reporta tormentas eléctricas creciente de y desbordamiento de cañadas urbanas en 6 barrios así:  los Laureles, Villa rosa, Santa Bárbara, Brisas del Poblado, bendición de Dios, los Álamos, mas de 200 familias afectadas por inundaciones y perdida de techos y cubiertas, atiende el CMGRD",REPORTE_DE_EVENTOS_POR_DESASTRES_NATURALES_Y_ANTRÓPICOS_(Histórico)_20260415.csv,EVT00744,2023-08-22,ATENDIDO,2023-08-22,TORMENTAS ELECTRICAS,FUERTES LLUVIAS,CMGRD DE BARRANCABERMEJA,CAS,BARRANCABERMEJA,RURAL,"6 barrios así: los Laureles, Villa rosa, Santa Bárbara, Brisas del Poblado, bendición de Dios, los Álamos",200.0,0.0,200.0,0,0.0,0.0,0.0,0.0,,,,0.0,0.0,0.0,,,,"EL CMGRD reporta tormentas eléctricas creciente de y desbordamiento de cañadas urbanas en 6 barrios así: los Laureles, Villa rosa, Santa Bárbara, Brisas del Poblado, bendición de Dios, los Álamos, mas de 200 familias afectadas por inundaciones y perdida de techos y cubiertas, atiende el CMGRD",2023-08-01,0.0,200.0,0.0,True,Responded to,Thunderstorms,Heavy rainfall,Municipal Disaster Risk Management Council of Barrancabermeja,CAS Environmental Authority,Barrancabermeja,Rural,6 Barrios Asi Los Laureles Villa Rosa Santa Barbara Brisas of the Poblado Bendicion of Dios Los Alamos,Not reported,Not reported,False,,hydrometeorological,Hydrometeorological,Housing damage recorded
2023 Aug 22 12:00:00 AM,ATENDIDO,2023-08-22T00:00:00.000,TORMENTAS ELECTRICAS,FUERTES LLUVIAS,CMGRD DE GIRON,CDMB,GIRON,URBANO,"BARRIOS Carrizal y asentamientos Convivir, 5 de enero",400,0.0,250.0,0,0.0,0.0,0.0,0.0,,,,0.0,0.0,0.0,2023-08-22T00:00:00.000,,,"EL CMGRD reporta desbordamiento del rio de Oro por las fuertes lluvias de la madrugada en los barrios el Carrizal y asentamientos Convivir, 5 de enero se realiza la evacuación preventiva mas de 150 viviendas por el de desbordamiento y algunas inundaciones por colapso del alcantarillado, Atiende: Bomberos de Floridablanca, defensa civil, PONALSAR, Batallón Caldas y CMGRD realizan la evaluación de daños y análisis de necesidades",REPORTE_DE_EVENTOS_POR_DESASTRES_NATURALES_Y_ANTRÓPICOS_(Histórico)_20260415.csv,EVT00745,2023-08-22,ATENDIDO,2023-08-22,TORMENTAS ELECTRICAS,FUERTES LLUVIAS,CMGRD DE GIRON,CDMB,GIRON,URBANO,"BARRIOS Carrizal y asentamientos Convivir, 5 de enero",400.0,0.0,250.0,0,0.0,0.0,0.0,0.0,,,,0.0,0.0,0.0,2023-08-22,,,"EL CMGRD reporta desbordamiento del rio de Oro por las fuertes lluvias de la madrugada en los barrios el Carrizal y asentamientos Convivir, 5 de enero se realiza la evacuación preventiva mas de 150 viviendas por el de desbordamiento y algunas inundaciones por colapso del alcantarillado, Atiende: Bomberos de Floridablanca, defensa civil, PONALSAR, Batallón Caldas y CMGRD realizan la evaluación de daños y análisis de necesidades",2023-08-01,0.0,250.0,0.0,True,Responded to,Thunderstorms,Heavy rainfall,Municipal Disaster Risk Management Council of Giron,CDMB Environmental Authority,Giron,Urban,Barrios Carrizal and Asentamientos Convivir 5 of Enero,Not reported,Not reported,False,,hydrometeorological,Hydrometeorological,Housing damage recorded
2023 Aug 22 12:00:00 AM,ATENDIDO,2023-08-22T00:00:00.000,TORMENTAS ELECTRICAS,FUERTES LLUVIAS,CMGRD DE BUCARAMANGA,CDMB,BUCARAMANGA,URBANO,"BARRIOS José Antonio Galán, café Madrid y zona Norte",180,0.0,100.0,0,0.0,0.0,0.0,0.0,,,,0.0,0.0,0.0,2023-08-22T00:00:00.000,,,"EL CMGRD reporta desbordamiento del rio de Oro por las fuertes lluvias de los : se realiza la evacuación preventiva de 100 viviendas por el riesgo de desbordamiento barrio José Antonio Galán, café Madrid y zona Norte, CMGRD realizan la evaluación de daños y análisis de necesidades",REPORTE_DE_EVENTOS_POR_DESASTRES_NATURALES_Y_ANTRÓPICOS_(Histórico)_20260415.csv,EVT00746,2023-08-22,ATENDIDO,2023-08-22,TORMENTAS ELECTRICAS,FUERTES LLUVIAS,CMGRD DE BUCARAMANGA,CDMB,BUCARAMANGA,URBANO,"BARRIOS José Antonio Galán, café Madrid y zona Norte",180.0,0.0,100.0,0,0.0,0.0,0.0,0.0,,,,0.0,0.0,0.0,2023-08-22,,,"EL CMGRD reporta desbordamiento del rio de Oro por las fuertes lluvias de los : se realiza la evacuación preventiva de 100 viviendas por el riesgo de desbordamiento barrio José Antonio Galán, café Madrid y zona Norte, CMGRD realizan la evaluación de daños y análisis de necesidades",2023-08-01,0.0,100.0,0.0,True,Responded to,Thunderstorms,Heavy rainfall,Municipal Disaster Risk Management Council of Bucaramanga,CDMB Environmental Authority,Bucaramanga,Urban,Barrios Jose Antonio Galan Cafe Madrid and Zona Norte,Not reported,Not reported,False,,hydrometeorological,Hydrometeorological,Housing damage recorded
2023 Aug 22 12:00:00 AM,ATENDIDO,2023-08-22T00:00:00.000,TORMENTAS ELECTRICAS,FUERTES LLUVIAS,CMGRD DE CIMITARRA,CAS,CIMITARRA,RURAL,CORREGIMIENTO PUERTO ARAUJO Y VEREDA EL VALIENTE,350,0.0,350.0,0,0.0,0.0,0.0,0.0,,,,0.0,0.0,0.0,2023-08-22T00:00:00.000,,,"EL CMGRD reporta desbordamiiento del rio Carare en el corregimiento de Puesrto Araujo acausa de las fuertes lluvias de la madrugada, mas de 300 familias afectadas y perdida de muebles y enceres",REPORTE_DE_EVENTOS_POR_DESASTRES_NATURALES_Y_ANTRÓPICOS_(Histórico)_20260415.csv,EVT00747,2023-08-22,ATENDIDO,2023-08-22,TORMENTAS ELECTRICAS,FUERTES LLUVIAS,CMGRD DE CIMITARRA,CAS,CIMITARRA,RURAL,CORREGIMIENTO PUERTO ARAUJO Y VEREDA EL VALIENTE,350.0,0.0,350.0,0,0.0,0.0,0.0,0.0,,,,0.0,0.0,0.0,2023-08-22,,,"EL CMGRD reporta desbordamiiento del rio Carare en el corregimiento de Puesrto Araujo acausa de las fuertes lluvias de la madrugada, mas de 300 familias afectadas y perdida de muebles y enceres",2023-08-01,0.0,350.0,0.0,True,Responded to,Thunderstorms,Heavy rainfall,Municipal Disaster Risk Management Council of Cimitarra,CAS Environmental Authority,Cimitarra,Rural,Township Puerto Araujo and Rural Hamlet the Valiente,Not reported,Not reported,False,,hydrometeorological,Hydrometeorological,Housing damage recorded
2023 Aug 22 12:00:00 AM,ATENDIDO,2023-08-22T00:00:00.000,TORMENTAS ELECTRICAS,FUERTES LLUVIAS,CMGRD DE SAN VICENTE DE CHUCURI,CAS,SAN VICENTE,RURAL,VIA ENTRE LISBOA U EL CASCO URBANO,0,0.0,0.0,0,1.0,0.0,0.0,0.0,,,,0.0,0.0,0.0,2023-08-22T00:00:00.000,,,"el CMGRD reporta deslizamientos  a causa de las tormentas electricas en la via que comunica a San Vicente con Bucaramanga, se coordina apoyo de maquinaria amarilla",REPORTE_DE_EVENTOS_POR_DESASTRES_NATURALES_Y_ANTRÓPICOS_(Histórico)_20260415.csv,EVT00748,2023-08-22,ATENDIDO,2023-08-22,TORMENTAS ELECTRICAS,FUERTES LLUVIAS,CMGRD DE SAN VICENTE DE CHUCURI,CAS,SAN VICENTE,RURAL,VIA ENTRE LISBOA U EL CASCO URBANO,0.0,0.0,0.0,0,1.0,0.0,0.0,0.0,,,,0.0,0.0,0.0,2023-08-22,,,"el CMGRD reporta deslizamientos a causa de las tormentas electricas en la via que comunica a San Vicente con Bucaramanga, se coordina apoyo de maquinaria amarilla",2023-08-01,0.0,0.0,1.0,True,Responded to,Thunderstorms,Heavy rainfall,Municipal Disaster Risk Management Council of San Vicente of Chucuri,CAS Environmental Authority,San Vicente,Rural,Road Entre Lisboa U the Casco Urbano,Not reported,Not reported,False,,hydrometeorological,Hydrometeorological,Infrastructure damage recorded
2023 Aug 22 12:00:00 AM,ATENDIDO,2023-08-22T00:00:00.000,AVENIDA TORRENCIAL,FUERTES LLUVIAS,CMGRD DE BETULIA,CAS,BETULIA,RURAL,VEREDA PEÑA MORADA,25,0.0,0.0,0,1.0,0.0,0.0,0.0,,,,0.0,0.0,0.0,2023-08-22T00:00:00.000,,,"el CMGRD reporta deslizamientos y perdida de la banca a causa de las tormentas electricas y avenida torrencial de la quebrada cascajales en la via que comunica a Betulia con Bucaramanga, se coordina apoyo de maquinaria amarilla",REPORTE_DE_EVENTOS_POR_DESASTRES_NATURALES_Y_ANTRÓPICOS_(Histórico)_20260415.csv,EVT00749,2023-08-22,ATENDIDO,2023-08-22,AVENIDA TORRENCIAL,FUERTES LLUVIAS,CMGRD DE BETULIA,CAS,BETULIA,RURAL,VEREDA PEÑA MORADA,25.0,0.0,0.0,0,1.0,0.0,0.0,0.0,,,,0.0,0.0,0.0,2023-08-22,,,"el CMGRD reporta deslizamientos y perdida de la banca a causa de las tormentas electricas y avenida torrencial de la quebrada cascajales en la via que comunica a Betulia con Bucaramanga, se coordina apoyo de maquinaria amarilla",2023-08-01,0.0,0.0,1.0,True,Responded to,Torrential flash flood,Heavy rainfall,Municipal Disaster Risk Management Council of Betulia,CAS Environmental Authority,Betulia,Rural,Rural Hamlet Pena Morada,Not reported,Not reported,False,,hydrometeorological,Hydrometeorological,Infrastructure damage recorded
2023 Aug 22 12:00:00 AM,ATENDIDO,2023-08-22T00:00:00.000,TORMENTAS ELECTRICAS,FUERTES LLUVIAS,CMGRD DE MATANZA,CDMB,MATANZA,RURAL,VEREDA EL FILO,4,0.0,4.0,0,0.0,0.0,0.0,0.0,,,,0.0,0.0,0.0,2023-08-22T00:00:00.000,,,EL CMGRD reporta tormentas y fuertes vientos que afecto vvarias viviendas en la vereda el Filo. Se realizan los EDAN,REPORTE_DE_EVENTOS_POR_DESASTRES_NATURALES_Y_ANTRÓPICOS_(Histórico)_20260415.csv,EVT00750,2023-08-22,ATENDIDO,2023-08-22,TORMENTAS ELECTRICAS,FUERTES LLUVIAS,CMGRD DE MATANZA,CDMB,MATANZA,RURAL,VEREDA EL FILO,4.0,0.0,4.0,0,0.0,0.0,0.0,0.0,,,,0.0,0.0,0.0,2023-08-22,,,EL CMGRD reporta tormentas y fuertes vientos que afecto vvarias viviendas en la vereda el Filo. Se realizan los EDAN,2023-08-01,0.0,4.0,0.0,True,Responded to,Thunderstorms,Heavy rainfall,Municipal Disaster Risk Management Council of Matanza,CDMB Environmental Authority,Matanza,Rural,Rural Hamlet the Filo,Not reported,Not reported,False,,hydrometeorological,Hydrometeorological,Housing damage recorded
2023 Aug 22 12:00:00 AM,ATENDIDO,2023-08-22T00:00:00.000,DESLIZAMIENTOS,FUERTES LLUVIAS,CMGRD DE ZAPATOCA,CAS,ZAPATOCA,RURAL,VIA HACIA SAN VICENTE Y HACIA YARIMA,0,0.0,0.0,0,1.0,0.0,0.0,0.0,,,,0.0,0.0,0.0,2023-08-22T00:00:00.000,,,EL CMGRD reporta deslizamientos en la via hacia el municipio de San Vicente a causa de las lluvias de la madrugada de hoy,REPORTE_DE_EVENTOS_POR_DESASTRES_NATURALES_Y_ANTRÓPICOS_(Histórico)_20260415.csv,EVT00751,2023-08-22,ATENDIDO,2023-08-22,DESLIZAMIENTOS,FUERTES LLUVIAS,CMGRD DE ZAPATOCA,CAS,ZAPATOCA,RURAL,VIA HACIA SAN VICENTE Y HACIA YARIMA,0.0,0.0,0.0,0,1.0,0.0,0.0,0.0,,,,0.0,0.0,0.0,2023-08-22,,,EL CMGRD reporta deslizamientos en la via hacia el municipio de San Vicente a causa de las lluvias de la madrugada de hoy,2023-08-01,0.0,0.0,1.0,True,Responded to,Landslides,Heavy rainfall,Municipal Disaster Risk Management Council of Zapatoca,CAS Environmental Authority,Zapatoca,Rural,Road Hacia San Vicente and Hacia Yarima,Not reported,Not reported,False,,geophysical,Geophysical,Infrastructure damage recorded
2023 Aug 22 12:00:00 AM,ATENDIDO,2023-08-22T00:00:00.000,DESLIZAMIENTOS,FUERTES LLUVIAS,CMGRD DE LEBRIJA,CAS,LEBRIJA,RURAL,VEREDA LA FUENTE,0,0.0,0.0,0,1.0,0.0,0.0,0.0,,,,0.0,0.0,0.0,22/088/2023,,,EL CMGRD reporta dealizamientos en la vereda la fuente que ccausa represamiento de alimentos y difficultad en el paso de estudiantes y transeunte,REPORTE_DE_EVENTOS_POR_DESASTRES_NATURALES_Y_ANTRÓPICOS_(Histórico)_20260415.csv,EVT00752,2023-08-22,ATENDIDO,2023-08-22,DESLIZAMIENTOS,FUERTES LLUVIAS,CMGRD DE LEBRIJA,CAS,LEBRIJA,RURAL,VEREDA LA FUENTE,0.0,0.0,0.0,0,1.0,0.0,0.0,0.0,,,,0.0,0.0,0.0,,,,EL CMGRD reporta dealizamientos en la vereda la fuente que ccausa represamiento de alimentos y difficultad en el paso de estudiantes y transeunte,2023-08-01,0.0,0.0,1.0,True,Responded to,Landslides,Heavy rainfall,Municipal Disaster Risk Management Council of Lebrija,CAS Environmental Authority,Lebrija,Rural,Rural Hamlet the Fuente,Not reported,Not reported,False,,geophysical,Geophysical,Infrastructure damage recorded
2023 Aug 22 12:00:00 AM,ATENDIDO,2023-08-22T00:00:00.000,INUNDACIONES,CRECIENTE SUBITA,CMGRD DE SABANA DE TORRES,CAS,SABANA DE TORRES,RURAL,VEREDA BOCAS DE LA TIGRA,5,0.0,0.0,0,0.0,0.0,0.0,0.0,,,,0.0,0.0,0.0,22/088/2023,,,"el CMGRD reporta desbordamiento del rio lebrija a la altura de la vereda Bocas de la Tigra que causa inundaciones en varios potreros y viviendas, se adelantan los EDAN",REPORTE_DE_EVENTOS_POR_DESASTRES_NATURALES_Y_ANTRÓPICOS_(Histórico)_20260415.csv,EVT00753,2023-08-22,ATENDIDO,2023-08-22,INUNDACIONES,CRECIENTE SUBITA,CMGRD DE SABANA DE TORRES,CAS,SABANA DE TORRES,RURAL,VEREDA BOCAS DE LA TIGRA,5.0,0.0,0.0,0,0.0,0.0,0.0,0.0,,,,0.0,0.0,0.0,,,,"el CMGRD reporta desbordamiento del rio lebrija a la altura de la vereda Bocas de la Tigra que causa inundaciones en varios potreros y viviendas, se adelantan los EDAN",2023-08-01,0.0,0.0,0.0,False,Responded to,Floods,Flash flood,Municipal Disaster Risk Management Council of Sabana of Torres,CAS Environmental Authority,Sabana De Torres,Rural,Rural Hamlet Bocas of the Tigra,Not reported,Not reported,False,,hydrometeorological,Hydrometeorological,No quantified impact recorded
2023 Aug 28 12:00:00 AM,ATENDIDO,2023-08-28T00:00:00.000,TORMENTAS ELECTRICAS,FUERTES LLUVIAS,CMGRD DE CHIMA,CAS,CHIMA,RURAL,VEREDA LA PIEDRA,1,0.0,1.0,0,0.0,0.0,0.0,0.0,,,,0.0,0.0,1.0,2023-08-28T00:00:00.000,,,"El CMGRD reporta fuertes lluvias y tormentas eléctricas en la vereda la Piedra, Las fuertes lluvias y la caída de rayos cerca a una vivienda causa lesiones al menor LUIS ANTONIO CADENA ZABALA, el cual fue trasladado al hospital San Roque, donde lamentablemente se confirma su deceso, el evento es investigado por las autoridades locales del municipio de Chima",REPORTE_DE_EVENTOS_POR_DESASTRES_NATURALES_Y_ANTRÓPICOS_(Histórico)_20260415.csv,EVT00754,2023-08-28,ATENDIDO,2023-08-28,TORMENTAS ELECTRICAS,FUERTES LLUVIAS,CMGRD DE CHIMA,CAS,CHIMA,RURAL,VEREDA LA PIEDRA,1.0,0.0,1.0,0,0.0,0.0,0.0,0.0,,,,0.0,0.0,1.0,2023-08-28,,,"El CMGRD reporta fuertes lluvias y tormentas eléctricas en la vereda la Piedra, Las fuertes lluvias y la caída de rayos cerca a una vivienda causa lesiones al menor LUIS ANTONIO CADENA ZABALA, el cual fue trasladado al hospital San Roque, donde lamentablemente se confirma su deceso, el evento es investigado por las autoridades locales del municipio de Chima",2023-08-01,1.0,1.0,0.0,True,Responded to,Thunderstorms,Heavy rainfall,Municipal Disaster Risk Management Council of Chima,CAS Environmental Authority,Chima,Rural,Rural Hamlet the Piedra,Not reported,Not reported,False,,hydrometeorological,Hydrometeorological,Human impact recorded
2023 Sep 14 12:00:00 AM,ATENDIDO,2023-09-14T00:00:00.000,SISMO,INDETERMINADO,CMGRD DE ZAPATOCA,CAS,ZAPATOCA,URBANO Y RURAL,TODA LA JURISDICCION,0,0.0,0.0,0,0.0,0.0,0.0,0.0,ZAPATOCA,"5,5º","LOG.-73,118"" - LAT. 6,77",0.0,0.0,0.0,2023-09-14T00:00:00.000,,,"el servicio geologico confirma sism de 5,5º con epicentro en Zapatoca, se realiza verificacion en los municipios cercanos sin reporte de novedades",REPORTE_DE_EVENTOS_POR_DESASTRES_NATURALES_Y_ANTRÓPICOS_(Histórico)_20260415.csv,EVT00755,2023-09-14,ATENDIDO,2023-09-14,SISMO,INDETERMINADO,CMGRD DE ZAPATOCA,CAS,ZAPATOCA,URBANO Y RURAL,TODA LA JURISDICCION,0.0,0.0,0.0,0,0.0,0.0,0.0,0.0,ZAPATOCA,5.5,"LOG.-73,118"" - LAT. 6,77",0.0,0.0,0.0,2023-09-14,,,"el servicio geologico confirma sism de 5,5º con epicentro en Zapatoca, se realiza verificacion en los municipios cercanos sin reporte de novedades",2023-09-01,0.0,0.0,0.0,False,Responded to,Earthquake,Undetermined,Municipal Disaster Risk Management Council of Zapatoca,CAS Environmental Authority,Zapatoca,Urban and rural,Entire jurisdiction,Not reported,Not reported,True,event_type,geophysical,Geophysical,No quantified impact recorded
2023 Sep 21 12:00:00 AM,ATENDIDO,2023-09-21T00:00:00.000,INCENDIO FORESTAL,INDETERMINADO,CMGRD LOS SANTOS,CAS,LOS SANTOS,RURAL,VEREDA ROSA BLANCA,0,0.0,0.0,0,0.0,0.0,0.0,30.0,,,,0.0,0.0,0.0,2023-09-21T00:00:00.000,,,"EL CMGRD reporta la atención de un incendio forestal en la vereda Rosa Blanca, atendido por bomberos voluntarios de Los Santos, apoyado por bomberos de Floridablanca y el grupo PONALSAR afectación de 30 hectáreas de bosque nativo y pastizales, estado liquidado",REPORTE_DE_EVENTOS_POR_DESASTRES_NATURALES_Y_ANTRÓPICOS_(Histórico)_20260415.csv,EVT00756,2023-09-21,ATENDIDO,2023-09-21,INCENDIO FORESTAL,INDETERMINADO,CMGRD LOS SANTOS,CAS,LOS SANTOS,RURAL,VEREDA ROSA BLANCA,0.0,0.0,0.0,0,0.0,0.0,0.0,30.0,,,,0.0,0.0,0.0,2023-09-21,,,"EL CMGRD reporta la atención de un incendio forestal en la vereda Rosa Blanca, atendido por bomberos voluntarios de Los Santos, apoyado por bomberos de Floridablanca y el grupo PONALSAR afectación de 30 hectáreas de bosque nativo y pastizales, estado liquidado",2023-09-01,0.0,0.0,0.0,True,Responded to,Forest fire,Undetermined,Municipal Disaster Risk Management Council Los Santos,CAS Environmental Authority,Los Santos,Rural,Rural Hamlet Rosa Blanca,Not reported,Not reported,False,,other,Other or unclassified,Agricultural or land impact recorded
2023 Sep 21 12:00:00 AM,ATENDIDO,2023-09-21T00:00:00.000,INCENDIO FORESTAL,INDETERMINADO,CMGRD DE COROMORO,CAS,COROMORO,RURAL,VEREDA TURE,0,0.0,0.0,0,0.0,0.0,0.0,10.0,,,,0.0,0.0,0.0,2023-09-21T00:00:00.000,,,"EL CMGRD reporta atención de incendio forestal en la vereda Ture, sector la Cuchilla, atendido por bomberos de Coromoro, apoyados por bomberos de Barichara y Villanueva, y el grupo PONALSAR, estado ACTIVO",REPORTE_DE_EVENTOS_POR_DESASTRES_NATURALES_Y_ANTRÓPICOS_(Histórico)_20260415.csv,EVT00757,2023-09-21,ATENDIDO,2023-09-21,INCENDIO FORESTAL,INDETERMINADO,CMGRD DE COROMORO,CAS,COROMORO,RURAL,VEREDA TURE,0.0,0.0,0.0,0,0.0,0.0,0.0,10.0,,,,0.0,0.0,0.0,2023-09-21,,,"EL CMGRD reporta atención de incendio forestal en la vereda Ture, sector la Cuchilla, atendido por bomberos de Coromoro, apoyados por bomberos de Barichara y Villanueva, y el grupo PONALSAR, estado ACTIVO",2023-09-01,0.0,0.0,0.0,True,Responded to,Forest fire,Undetermined,Municipal Disaster Risk Management Council of Coromoro,CAS Environmental Authority,Coromoro,Rural,Rural Hamlet Ture,Not reported,Not reported,False,,other,Other or unclassified,Agricultural or land impact recorded
2023 Sep 21 12:00:00 AM,ATENDIDO,2023-09-21T00:00:00.000,INCENDIO FORESTAL,INDETERMINADO,BOMBEROS VOLUNTARIOS DE SAN MIGUEL,CAS,SAN MIGUEL,RURAL,VEREDA ARENAL,0,0.0,0.0,0,0.0,0.0,0.0,5.0,,,,0.0,0.0,0.0,2023-09-21T00:00:00.000,,,"El comandante de bomberos reporta la atención de un incendio forestal en la vereda Arenal, apoyados por la policía nacional, 5 hectáreas de pastizales y vegetación nativa afectadas, estado Liquidado",REPORTE_DE_EVENTOS_POR_DESASTRES_NATURALES_Y_ANTRÓPICOS_(Histórico)_20260415.csv,EVT00758,2023-09-21,ATENDIDO,2023-09-21,INCENDIO FORESTAL,INDETERMINADO,BOMBEROS VOLUNTARIOS DE SAN MIGUEL,CAS,SAN MIGUEL,RURAL,VEREDA ARENAL,0.0,0.0,0.0,0,0.0,0.0,0.0,5.0,,,,0.0,0.0,0.0,2023-09-21,,,"El comandante de bomberos reporta la atención de un incendio forestal en la vereda Arenal, apoyados por la policía nacional, 5 hectáreas de pastizales y vegetación nativa afectadas, estado Liquidado",2023-09-01,0.0,0.0,0.0,True,Responded to,Forest fire,Undetermined,Fire Department Volunteer of San Miguel,CAS Environmental Authority,San Miguel,Rural,Rural Hamlet Arenal,Not reported,Not reported,False,,other,Other or unclassified,Agricultural or land impact recorded
2023 Sep 22 12:00:00 AM,ATENDIDO,2023-09-22T00:00:00.000,INCENDIO FORESTAL,INDETERMINADO,BOMBEROS DE FLORIDABLANCA,CDMB,FLORIDABLANCA,RURAL,SECTOR RUITOQUE BAJO,0,0.0,0.0,0,0.0,0.0,0.0,12.0,,,,0.0,0.0,0.0,2023-09-22T00:00:00.000,,,"el comandante de bomberos de Floridablanca informa la aatencion de un incendio forestal en el sector Ruitoque bajo via a parapente, causas desconocidas y afectacion de aproximadamente 12 hectareas de vegetacion nativa, estado LIQUIDADO",REPORTE_DE_EVENTOS_POR_DESASTRES_NATURALES_Y_ANTRÓPICOS_(Histórico)_20260415.csv,EVT00759,2023-09-22,ATENDIDO,2023-09-22,INCENDIO FORESTAL,INDETERMINADO,BOMBEROS DE FLORIDABLANCA,CDMB,FLORIDABLANCA,RURAL,SECTOR RUITOQUE BAJO,0.0,0.0,0.0,0,0.0,0.0,0.0,12.0,,,,0.0,0.0,0.0,2023-09-22,,,"el comandante de bomberos de Floridablanca informa la aatencion de un incendio forestal en el sector Ruitoque bajo via a parapente, causas desconocidas y afectacion de aproximadamente 12 hectareas de vegetacion nativa, estado LIQUIDADO",2023-09-01,0.0,0.0,0.0,True,Responded to,Forest fire,Undetermined,Fire Department of Floridablanca,CDMB Environmental Authority,Floridablanca,Rural,Sector Ruitoque Bajo,Not reported,Not reported,False,,other,Other or unclassified,Agricultural or land impact recorded
2023 Oct 01 12:00:00 AM,ATENDIDO,2023-10-01T00:00:00.000,INCENDIO FORESTAL,INDETERMINADO,CMGRD DE GAMBITA,CAS,GAMBITA,RURAL,PARA DE IGUAQUE LIMITES CON BOYACA,0,0.0,0.0,0,0.0,0.0,0.0,12.0,,,,0.0,0.0,0.0,2023-10-01T00:00:00.000,,,"El CMGRD  reporta la atención de un incendio forestal en el páramo Iguaque límites con el municipio de Combita Boyacá. Se coordinó la respuesta junto a los cuerpos de bomberos de Arcabuco. Combita, la UNGRD  a través de la fuerza aérea, el ejército de Colombia y los CDGRD  de los dos departamentos.",REPORTE_DE_EVENTOS_POR_DESASTRES_NATURALES_Y_ANTRÓPICOS_(Histórico)_20260415.csv,EVT00760,2023-10-01,ATENDIDO,2023-10-01,INCENDIO FORESTAL,INDETERMINADO,CMGRD DE GAMBITA,CAS,GAMBITA,RURAL,PARA DE IGUAQUE LIMITES CON BOYACA,0.0,0.0,0.0,0,0.0,0.0,0.0,12.0,,,,0.0,0.0,0.0,2023-10-01,,,"El CMGRD reporta la atención de un incendio forestal en el páramo Iguaque límites con el municipio de Combita Boyacá. Se coordinó la respuesta junto a los cuerpos de bomberos de Arcabuco. Combita, la UNGRD a través de la fuerza aérea, el ejército de Colombia y los CDGRD de los dos departamentos.",2023-10-01,0.0,0.0,0.0,True,Responded to,Forest fire,Undetermined,Municipal Disaster Risk Management Council of Gambita,CAS Environmental Authority,Gambita,Rural,Para of Iguaque Limites Con Boyaca,Not reported,Not reported,False,,other,Other or unclassified,Agricultural or land impact recorded
2023 Oct 01 12:00:00 AM,ATENDIDO,2023-10-01T00:00:00.000,MOVIMIENTO EN MASA,INDETERMINADO,CMGRD DE LEBRIJA,CDMB,LEBRIJA,RURAL,VIA NACIONAL SECTOR LISBOA,16,4.0,12.0,1,1.0,0.0,0.0,0.0,,,,0.0,0.0,0.0,2023-10-01T00:00:00.000,,,"EL CMGRD reporta fenómeno de remoción en masa en la vereda Lisboa, vía nacional hacia Barrancabermeja, se realiza articulación con la ANI, INVIAS, Ruta del Cacao, policía de carreteras, PONALSAR, Bomberos voluntarios de Lebrija. Para la respuesta a la emergencia y se realiza la caracterización de 16 familias que se encuentran en la zona de riesgo.",REPORTE_DE_EVENTOS_POR_DESASTRES_NATURALES_Y_ANTRÓPICOS_(Histórico)_20260415.csv,EVT00761,2023-10-01,ATENDIDO,2023-10-01,MOVIMIENTO EN MASA,INDETERMINADO,CMGRD DE LEBRIJA,CDMB,LEBRIJA,RURAL,VIA NACIONAL SECTOR LISBOA,16.0,4.0,12.0,1,1.0,0.0,0.0,0.0,,,,0.0,0.0,0.0,2023-10-01,,,"EL CMGRD reporta fenómeno de remoción en masa en la vereda Lisboa, vía nacional hacia Barrancabermeja, se realiza articulación con la ANI, INVIAS, Ruta del Cacao, policía de carreteras, PONALSAR, Bomberos voluntarios de Lebrija. Para la respuesta a la emergencia y se realiza la caracterización de 16 familias que se encuentran en la zona de riesgo.",2023-10-01,0.0,16.0,2.0,True,Responded to,Mass movement,Undetermined,Municipal Disaster Risk Management Council of Lebrija,CDMB Environmental Authority,Lebrija,Rural,Road Nacional Sector Lisboa,Not reported,Not reported,False,,geophysical,Geophysical,Housing damage recorded
2023 Oct 09 12:00:00 AM,ATENDIDO,2023-10-09T00:00:00.000,TORMENTAS ELECTRICAS,FUERTES LLUVIAS,CMGRD DE CHARALA,CAS,CHARALA,URBANO,TODO EL CASCO URBANO,130,2.0,130.0,0,0.0,0.0,3.0,0.0,,,,6.0,0.0,0.0,2023-10-09T00:00:00.000,,,"El CMGRD reporta tormentas eléctricas y fuertes  vientos sobre el casco urbano que causa afectaciones en techos y cubiertas de más de 100, además se presentan daños en tecos del hospital Luis Carlos Galán, casa del adulto mayor, alcaldía, casa de mercado, y 4 colegios, se adelanta la evaluación de daños y respuesta a la emergencia apoyados por el cuerpo de bomberos voluntarios de Charalá y Ocamonte, defensa civil, ejército de Colombia, policía nacional y comunidad. 6 personas resultaron lesionadas, 1 remitida a Bucaramanga y 5 dadas de alta",REPORTE_DE_EVENTOS_POR_DESASTRES_NATURALES_Y_ANTRÓPICOS_(Histórico)_20260415.csv,EVT00762,2023-10-09,ATENDIDO,2023-10-09,TORMENTAS ELECTRICAS,FUERTES LLUVIAS,CMGRD DE CHARALA,CAS,CHARALA,URBANO,TODO EL CASCO URBANO,130.0,2.0,130.0,0,0.0,0.0,3.0,0.0,,,,6.0,0.0,0.0,2023-10-09,,,"El CMGRD reporta tormentas eléctricas y fuertes vientos sobre el casco urbano que causa afectaciones en techos y cubiertas de más de 100, además se presentan daños en tecos del hospital Luis Carlos Galán, casa del adulto mayor, alcaldía, casa de mercado, y 4 colegios, se adelanta la evaluación de daños y respuesta a la emergencia apoyados por el cuerpo de bomberos voluntarios de Charalá y Ocamonte, defensa civil, ejército de Colombia, policía nacional y comunidad. 6 personas resultaron lesionadas, 1 remitida a Bucaramanga y 5 dadas de alta",2023-10-01,6.0,132.0,3.0,True,Responded to,Thunderstorms,Heavy rainfall,Municipal Disaster Risk Management Council of Charala,CAS Environmental Authority,Charala,Urban,Todo the Casco Urbano,Not reported,Not reported,False,,hydrometeorological,Hydrometeorological,Human impact recorded
2023 Oct 09 12:00:00 AM,ATENDIDO,2023-10-09T00:00:00.000,TORMENTAS ELECTRICAS,FUERTES LLUVIAS,CMGRD DE GUACA,CAS,GUACA,RURAL,"VEREDAS PIEDRA ABAJO, TABACAL CRUZ GRANDE",12,0.0,12.0,0,0.0,0.0,0.0,0.0,,,,0.0,0.0,0.0,2023-10-09T00:00:00.000,,,"El CMGRD reporta tormentas eléctricas y fuertes  vientos sobre el casco urbano y las veredas Piedrabajo, Tabacal, Cruz Grande, Llano Grande y casco urbano vereda Centro. Se adelanta la evaluación de daños reportan por el momento 12 viviendas afectadas en techos y cubiertas. No hay reporte de lesionados",REPORTE_DE_EVENTOS_POR_DESASTRES_NATURALES_Y_ANTRÓPICOS_(Histórico)_20260415.csv,EVT00763,2023-10-09,ATENDIDO,2023-10-09,TORMENTAS ELECTRICAS,FUERTES LLUVIAS,CMGRD DE GUACA,CAS,GUACA,RURAL,"VEREDAS PIEDRA ABAJO, TABACAL CRUZ GRANDE",12.0,0.0,12.0,0,0.0,0.0,0.0,0.0,,,,0.0,0.0,0.0,2023-10-09,,,"El CMGRD reporta tormentas eléctricas y fuertes vientos sobre el casco urbano y las veredas Piedrabajo, Tabacal, Cruz Grande, Llano Grande y casco urbano vereda Centro. Se adelanta la evaluación de daños reportan por el momento 12 viviendas afectadas en techos y cubiertas. No hay reporte de lesionados",2023-10-01,0.0,12.0,0.0,True,Responded to,Thunderstorms,Heavy rainfall,Municipal Disaster Risk Management Council of Guaca,CAS Environmental Authority,Guaca,Rural,"Veredas Piedra Abajo, Tabacal Cruz Grande",Not reported,Not reported,False,,hydrometeorological,Hydrometeorological,Housing damage recorded
2023 Oct 14 12:00:00 AM,ATENDIDO,2023-10-14T00:00:00.000,INCENDIO FORESTAL,INDETERMINADO,CMGRD DE PIEDECUESTA,CDMB,PIEDECUESTA,RURAL,SECTOR GUATIGUARA,0,0.0,0.0,0,0.0,0.0,0.0,50.0,,,,0.0,0.0,0.0,2023-10-14T00:00:00.000,,,"El comandante de bomberos reporta atención de incendio forestal en el sector Guatiguará, cerca de la cárcel de Palogordo, durante 2 días apoyados por el cuerpo de bomberos de Floridablanca, la defensa civil, PONALSAR ejército de Colombia (batallón Caldas), afectación mas de 50 hectáreas de vegetación nativa. A la espera del informe de la autoridad ambiental CDMB",REPORTE_DE_EVENTOS_POR_DESASTRES_NATURALES_Y_ANTRÓPICOS_(Histórico)_20260415.csv,EVT00764,2023-10-14,ATENDIDO,2023-10-14,INCENDIO FORESTAL,INDETERMINADO,CMGRD DE PIEDECUESTA,CDMB,PIEDECUESTA,RURAL,SECTOR GUATIGUARA,0.0,0.0,0.0,0,0.0,0.0,0.0,50.0,,,,0.0,0.0,0.0,2023-10-14,,,"El comandante de bomberos reporta atención de incendio forestal en el sector Guatiguará, cerca de la cárcel de Palogordo, durante 2 días apoyados por el cuerpo de bomberos de Floridablanca, la defensa civil, PONALSAR ejército de Colombia (batallón Caldas), afectación mas de 50 hectáreas de vegetación nativa. A la espera del informe de la autoridad ambiental CDMB",2023-10-01,0.0,0.0,0.0,True,Responded to,Forest fire,Undetermined,Municipal Disaster Risk Management Council of Piedecuesta,CDMB Environmental Authority,Piedecuesta,Rural,Sector Guatiguara,Not reported,Not reported,False,,other,Other or unclassified,Agricultural or land impact recorded
2023 Oct 14 12:00:00 AM,ATENDIDO,2023-10-14T00:00:00.000,GRANIZADA,FUERTES LLUVIAS,CMGRD PALMAS DEL SOCORRO,CAS,PALMAS DEL SOCORRO,RURAL,"VEREDAS BARRO HONDO, ENCALLADA, LA CHAPA",20,0.0,20.0,0,0.0,0.0,0.0,0.0,,,,0.0,0.0,0.0,2023-10-14T00:00:00.000,,,"El CMGRD reporta fuertes lluvias y fenómeno de granizada en las veredas Barro Hondo, Encallada, Guayabal, la Chapa, afectación en 20 viviendas y la casa cural en el casco urbano y cultivos de ahuyama, habichuela, cítricos, se adelanta la evaluación de daños. Atiende bomberos voluntarios y CMGRD",REPORTE_DE_EVENTOS_POR_DESASTRES_NATURALES_Y_ANTRÓPICOS_(Histórico)_20260415.csv,EVT00765,2023-10-14,ATENDIDO,2023-10-14,GRANIZADA,FUERTES LLUVIAS,CMGRD PALMAS DEL SOCORRO,CAS,PALMAS DEL SOCORRO,RURAL,"VEREDAS BARRO HONDO, ENCALLADA, LA CHAPA",20.0,0.0,20.0,0,0.0,0.0,0.0,0.0,,,,0.0,0.0,0.0,2023-10-14,,,"El CMGRD reporta fuertes lluvias y fenómeno de granizada en las veredas Barro Hondo, Encallada, Guayabal, la Chapa, afectación en 20 viviendas y la casa cural en el casco urbano y cultivos de ahuyama, habichuela, cítricos, se adelanta la evaluación de daños. Atiende bomberos voluntarios y CMGRD",2023-10-01,0.0,20.0,0.0,True,Responded to,Hailstorm,Heavy rainfall,Municipal Disaster Risk Management Council Palmas of the Socorro,CAS Environmental Authority,Palmas Del Socorro,Rural,Veredas Barro Hondo Encallada the Chapa,Not reported,Not reported,False,,hydrometeorological,Hydrometeorological,Housing damage recorded
2023 Oct 14 12:00:00 AM,ATENDIDO,2023-10-14T00:00:00.000,MOVIMIENTO EN MASA,DESLIZAMIENTOS,CMGRD DE COROMORO,CAS,COROMORO,RURAL,VIA ENTRE CHARALA Y COROMORO,0,0.0,0.0,0,1.0,0.0,0.0,0.0,,,,0.0,0.0,0.0,2023-10-14T00:00:00.000,,,"El comandante de bomberos reporta cierre total de la vía entre el municipio de Charalá y Coromoro por deslizamientos en el sector de Manzulí, se coordina maquinaria del municipio para realizar los trabajos de rehabilitación.",REPORTE_DE_EVENTOS_POR_DESASTRES_NATURALES_Y_ANTRÓPICOS_(Histórico)_20260415.csv,EVT00766,2023-10-14,ATENDIDO,2023-10-14,MOVIMIENTO EN MASA,DESLIZAMIENTOS,CMGRD DE COROMORO,CAS,COROMORO,RURAL,VIA ENTRE CHARALA Y COROMORO,0.0,0.0,0.0,0,1.0,0.0,0.0,0.0,,,,0.0,0.0,0.0,2023-10-14,,,"El comandante de bomberos reporta cierre total de la vía entre el municipio de Charalá y Coromoro por deslizamientos en el sector de Manzulí, se coordina maquinaria del municipio para realizar los trabajos de rehabilitación.",2023-10-01,0.0,0.0,1.0,True,Responded to,Mass movement,Landslides,Municipal Disaster Risk Management Council of Coromoro,CAS Environmental Authority,Coromoro,Rural,Road Entre Charala and Coromoro,Not reported,Not reported,False,,geophysical,Geophysical,Infrastructure damage recorded
2023 Oct 17 12:00:00 AM,ATENDIDO,2023-10-17T00:00:00.000,TORMENTAS ELECTRICAS,FUERTES LLUVIAS,SIMACOTA,CAS,SIMACOTA,RURAL,VEREDA EL GUAMO BAJO SIMACOTA,10,0.0,10.0,0,0.0,0.0,0.0,0.0,,,,0.0,0.0,0.0,2023-10-17T00:00:00.000,,,"el CMGRD reporta fuertes lluvias y tormentas electrica acompañadas de vientos lijeros que afectaron 10 viviendas en la vereda el Guamo del bajo Simacota, se realizan los EDAN",REPORTE_DE_EVENTOS_POR_DESASTRES_NATURALES_Y_ANTRÓPICOS_(Histórico)_20260415.csv,EVT00767,2023-10-17,ATENDIDO,2023-10-17,TORMENTAS ELECTRICAS,FUERTES LLUVIAS,SIMACOTA,CAS,SIMACOTA,RURAL,VEREDA EL GUAMO BAJO SIMACOTA,10.0,0.0,10.0,0,0.0,0.0,0.0,0.0,,,,0.0,0.0,0.0,2023-10-17,,,"el CMGRD reporta fuertes lluvias y tormentas electrica acompañadas de vientos lijeros que afectaron 10 viviendas en la vereda el Guamo del bajo Simacota, se realizan los EDAN",2023-10-01,0.0,10.0,0.0,True,Responded to,Thunderstorms,Heavy rainfall,Simacota,CAS Environmental Authority,Simacota,Rural,Rural Hamlet the Guamo Bajo Simacota,Not reported,Not reported,False,,hydrometeorological,Hydrometeorological,Housing damage recorded
2023 Oct 18 12:00:00 AM,ATENDIDO,2023-10-18T00:00:00.000,TORMENTAS ELECTRICAS,FUERTES LLUVIAS,CMGRD SANTA HELENA DEL OPON,CAS,SANTA HELENA,RURAL,VEREDA LA SARDINA ALTA,5,0.0,5.0,0,0.0,0.0,1.0,0.0,,,,0.0,0.0,0.0,2023-10-18T00:00:00.000,,,"el CMGRD reporta fuertes lluvias y tormentas electrica acompañadas de vientos lijeros que afectaron los techos de 5 viviendas y la escuela de la vereda el , se realizan los EDAN",REPORTE_DE_EVENTOS_POR_DESASTRES_NATURALES_Y_ANTRÓPICOS_(Histórico)_20260415.csv,EVT00768,2023-10-18,ATENDIDO,2023-10-18,TORMENTAS ELECTRICAS,FUERTES LLUVIAS,CMGRD SANTA HELENA DEL OPON,CAS,SANTA HELENA,RURAL,VEREDA LA SARDINA ALTA,5.0,0.0,5.0,0,0.0,0.0,1.0,0.0,,,,0.0,0.0,0.0,2023-10-18,,,"el CMGRD reporta fuertes lluvias y tormentas electrica acompañadas de vientos lijeros que afectaron los techos de 5 viviendas y la escuela de la vereda el , se realizan los EDAN",2023-10-01,0.0,5.0,1.0,True,Responded to,Thunderstorms,Heavy rainfall,Municipal Disaster Risk Management Council Santa Helena of the Opon,CAS Environmental Authority,Santa Helena,Rural,Rural Hamlet the Sardina Alta,Not reported,Not reported,False,,hydrometeorological,Hydrometeorological,Housing damage recorded
2023 Oct 21 12:00:00 AM,ATENDIDO,2023-10-21T00:00:00.000,DESLIZAMIENTOS,CRECIENTE SUBITA,CMGRD DE PUERTO WILCHES,CAS,PUERTO WILCHES,URBANO,SECTOR EL MUELLE DE ECOPETROL,0,0.0,0.0,0,0.0,0.0,0.0,0.0,,,,0.0,0.0,0.0,2023-10-21T00:00:00.000,,,"EL CMGRD reporta la erosión que genera el oleaje el rio Magdalena causó colapso apoyos para mitigar el riesgo.inundar todo el casco urbano. Se coordina maquinaria amarilla y protección en el muelle de Ecopetrol y que protege al cascode más de 150 metros de muralla de urbano, lo cual genera riesgo si el rio llegase a crecer podría",REPORTE_DE_EVENTOS_POR_DESASTRES_NATURALES_Y_ANTRÓPICOS_(Histórico)_20260415.csv,EVT00769,2023-10-21,ATENDIDO,2023-10-21,DESLIZAMIENTOS,CRECIENTE SUBITA,CMGRD DE PUERTO WILCHES,CAS,PUERTO WILCHES,URBANO,SECTOR EL MUELLE DE ECOPETROL,0.0,0.0,0.0,0,0.0,0.0,0.0,0.0,,,,0.0,0.0,0.0,2023-10-21,,,"EL CMGRD reporta la erosión que genera el oleaje el rio Magdalena causó colapso apoyos para mitigar el riesgo.inundar todo el casco urbano. Se coordina maquinaria amarilla y protección en el muelle de Ecopetrol y que protege al cascode más de 150 metros de muralla de urbano, lo cual genera riesgo si el rio llegase a crecer podría",2023-10-01,0.0,0.0,0.0,False,Responded to,Landslides,Flash flood,Municipal Disaster Risk Management Council of Puerto Wilches,CAS Environmental Authority,Puerto Wilches,Urban,Sector the Muelle of Ecopetrol,Not reported,Not reported,False,,geophysical,Geophysical,No quantified impact recorded
2023 Oct 23 12:00:00 AM,ATENDIDO,2023-10-23T00:00:00.000,GRANIZADA,FUERTES LLUVIAS,CMGRD DE MOLAGAVITA,CAS,MOLAGAVITA,RURAL,"VEREDAS HIGURONES, POTRERO DE RODRIGUEZ Y OTROS",10,0.0,10.0,0,0.0,0.0,0.0,0.0,,,,0.0,0.0,0.0,2023-10-23T00:00:00.000,,,"EL CMGRD reporta fuertes lluvias y granizada en las veredas Higuerones, Potrero Rodriguez, Caney y Naranjo, afectación en cultivos de tomate, maíz, tomate pimentón. Se adelanta la evaluación de daños.",REPORTE_DE_EVENTOS_POR_DESASTRES_NATURALES_Y_ANTRÓPICOS_(Histórico)_20260415.csv,EVT00770,2023-10-23,ATENDIDO,2023-10-23,GRANIZADA,FUERTES LLUVIAS,CMGRD DE MOLAGAVITA,CAS,MOLAGAVITA,RURAL,"VEREDAS HIGURONES, POTRERO DE RODRIGUEZ Y OTROS",10.0,0.0,10.0,0,0.0,0.0,0.0,0.0,,,,0.0,0.0,0.0,2023-10-23,,,"EL CMGRD reporta fuertes lluvias y granizada en las veredas Higuerones, Potrero Rodriguez, Caney y Naranjo, afectación en cultivos de tomate, maíz, tomate pimentón. Se adelanta la evaluación de daños.",2023-10-01,0.0,10.0,0.0,True,Responded to,Hailstorm,Heavy rainfall,Municipal Disaster Risk Management Council of Molagavita,CAS Environmental Authority,Molagavita,Rural,Veredas Higurones Potrero of Rodriguez and Otros,Not reported,Not reported,False,,hydrometeorological,Hydrometeorological,Housing damage recorded
2023 Oct 25 12:00:00 AM,ATENDIDO,2023-10-25T00:00:00.000,DESLIZAMIENTOS,FUERTES LLUVIAS,CMGRD SANTA HELENA DEL OPON,CAS,SANTA HELENA,RURAL,VEREDA SANTUARIO,0,0.0,0.0,0,1.0,0.0,0.0,0.0,,,,0.0,0.0,0.0,2023-10-25T00:00:00.000,,,"EL CMGRD reporta cierre de la vía hacia el municipio de la PAZ a causa de deslizamientos en la vereda Santuario, se envía maquinaria del municipio para realizar la rehabilitación y recuperación de la movilidad.",REPORTE_DE_EVENTOS_POR_DESASTRES_NATURALES_Y_ANTRÓPICOS_(Histórico)_20260415.csv,EVT00771,2023-10-25,ATENDIDO,2023-10-25,DESLIZAMIENTOS,FUERTES LLUVIAS,CMGRD SANTA HELENA DEL OPON,CAS,SANTA HELENA,RURAL,VEREDA SANTUARIO,0.0,0.0,0.0,0,1.0,0.0,0.0,0.0,,,,0.0,0.0,0.0,2023-10-25,,,"EL CMGRD reporta cierre de la vía hacia el municipio de la PAZ a causa de deslizamientos en la vereda Santuario, se envía maquinaria del municipio para realizar la rehabilitación y recuperación de la movilidad.",2023-10-01,0.0,0.0,1.0,True,Responded to,Landslides,Heavy rainfall,Municipal Disaster Risk Management Council Santa Helena of the Opon,CAS Environmental Authority,Santa Helena,Rural,Rural Hamlet Santuario,Not reported,Not reported,False,,geophysical,Geophysical,Infrastructure damage recorded
2023 Oct 30 12:00:00 AM,ATENDIDO,2023-10-30T00:00:00.000,INUNDACIONES,FUERTES LLUVIAS,CMGRD SANTA HELENA DEL OPON,CAS,SANTA HELENA,RURAL,CORREGIMIENTO SAN JUAN BOSCO,80,0.0,80.0,0,1.0,0.0,0.0,0.0,,,,0.0,0.0,0.0,2023-10-30T00:00:00.000,,,"El CMGRD reporta desbordamiento de la quebrada la Verde en el corregimiento San Juan Bosco, se adelanta la evaluación de daños, preliminarmente informa el presidente de la junta de acción comunal de afectaciones en 60 viviendas y un colegio",REPORTE_DE_EVENTOS_POR_DESASTRES_NATURALES_Y_ANTRÓPICOS_(Histórico)_20260415.csv,EVT00772,2023-10-30,ATENDIDO,2023-10-30,INUNDACIONES,FUERTES LLUVIAS,CMGRD SANTA HELENA DEL OPON,CAS,SANTA HELENA,RURAL,CORREGIMIENTO SAN JUAN BOSCO,80.0,0.0,80.0,0,1.0,0.0,0.0,0.0,,,,0.0,0.0,0.0,2023-10-30,,,"El CMGRD reporta desbordamiento de la quebrada la Verde en el corregimiento San Juan Bosco, se adelanta la evaluación de daños, preliminarmente informa el presidente de la junta de acción comunal de afectaciones en 60 viviendas y un colegio",2023-10-01,0.0,80.0,1.0,True,Responded to,Floods,Heavy rainfall,Municipal Disaster Risk Management Council Santa Helena of the Opon,CAS Environmental Authority,Santa Helena,Rural,Township San Juan Bosco,Not reported,Not reported,False,,hydrometeorological,Hydrometeorological,Housing damage recorded
2023 Oct 30 12:00:00 AM,ATENDIDO,2023-10-30T00:00:00.000,CRECIENTE SUBITA,FUERTES LLUVIAS,CMGRD DE PIEDECUESTA,CDMB,PIEDECUESTA,RURAL,VIA NACIONAL BUCARAMANGA SAN GIL,0,0.0,0.0,0,2.0,0.0,0.0,0.0,,,,0.0,0.0,0.0,2023-10-30T00:00:00.000,,,"EL CMGRD reporta las fuertes lluvias causaron creciente de la quebrada la Españolita, quebrada la Grande y rio de Oro, estas causan afectación en la via nacional Bucaramanga – Piedecuesta y deslizamientos en el sector de Menzulí, varias vías terciarias afectadas, se coordina trabajos de rehabilitación con maquinaria amarilla del municipio.",REPORTE_DE_EVENTOS_POR_DESASTRES_NATURALES_Y_ANTRÓPICOS_(Histórico)_20260415.csv,EVT00773,2023-10-30,ATENDIDO,2023-10-30,CRECIENTE SUBITA,FUERTES LLUVIAS,CMGRD DE PIEDECUESTA,CDMB,PIEDECUESTA,RURAL,VIA NACIONAL BUCARAMANGA SAN GIL,0.0,0.0,0.0,0,2.0,0.0,0.0,0.0,,,,0.0,0.0,0.0,2023-10-30,,,"EL CMGRD reporta las fuertes lluvias causaron creciente de la quebrada la Españolita, quebrada la Grande y rio de Oro, estas causan afectación en la via nacional Bucaramanga – Piedecuesta y deslizamientos en el sector de Menzulí, varias vías terciarias afectadas, se coordina trabajos de rehabilitación con maquinaria amarilla del municipio.",2023-10-01,0.0,0.0,2.0,True,Responded to,Flash flood,Heavy rainfall,Municipal Disaster Risk Management Council of Piedecuesta,CDMB Environmental Authority,Piedecuesta,Rural,Road Nacional Bucaramanga San Gil,Not reported,Not reported,False,,hydrometeorological,Hydrometeorological,Infrastructure damage recorded
2023 Oct 30 12:00:00 AM,ATENDIDO,2023-10-30T00:00:00.000,INUNDACIONES,FUERTES LLUVIAS,CMGRD DE SABANA DE TORRES,CAS,SABANA DE TORRES,RURAL,VEREDA BOCAS DE LA TIGRA,20,0.0,20.0,0,0.0,0.0,1.0,0.0,,,,0.0,0.0,0.0,2023-10-30T00:00:00.000,,,"ELCMGRD reporta desbordamiento del rio Lebrija en la vereda Bocas de la Tigra, una escuela afectada y varios cultivos de yuca, plátano y cítricos afectados, se adelantan los EDAN",REPORTE_DE_EVENTOS_POR_DESASTRES_NATURALES_Y_ANTRÓPICOS_(Histórico)_20260415.csv,EVT00774,2023-10-30,ATENDIDO,2023-10-30,INUNDACIONES,FUERTES LLUVIAS,CMGRD DE SABANA DE TORRES,CAS,SABANA DE TORRES,RURAL,VEREDA BOCAS DE LA TIGRA,20.0,0.0,20.0,0,0.0,0.0,1.0,0.0,,,,0.0,0.0,0.0,2023-10-30,,,"ELCMGRD reporta desbordamiento del rio Lebrija en la vereda Bocas de la Tigra, una escuela afectada y varios cultivos de yuca, plátano y cítricos afectados, se adelantan los EDAN",2023-10-01,0.0,20.0,1.0,True,Responded to,Floods,Heavy rainfall,Municipal Disaster Risk Management Council of Sabana of Torres,CAS Environmental Authority,Sabana De Torres,Rural,Rural Hamlet Bocas of the Tigra,Not reported,Not reported,False,,hydrometeorological,Hydrometeorological,Housing damage recorded
2023 Nov 04 12:00:00 AM,ATENDIDO,2023-11-04T00:00:00.000,CRECIENTE SUBITA,FUERTES LLUVIAS,CMGRD DE MOGOTES,CAS,MOGOTES,RURAL,CRECIENTE DEL RIO MOGOTICOS,0,0.0,0.0,1,1.0,0.0,0.0,0.0,,,,0.0,0.0,0.0,2023-11-04T00:00:00.000,,,"EL CMGRD reporta fuertes lluvias y creciente del rio Mogoticos, causa afectaciones en la captación del acueducto municipal, afectaciones en cultivos de café, maíz y caña de azúcar, se adelantan los EDAN y se coordina limpieza y rehabilitación del acueducto municipal",REPORTE_DE_EVENTOS_POR_DESASTRES_NATURALES_Y_ANTRÓPICOS_(Histórico)_20260415.csv,EVT00775,2023-11-04,ATENDIDO,2023-11-04,CRECIENTE SUBITA,FUERTES LLUVIAS,CMGRD DE MOGOTES,CAS,MOGOTES,RURAL,CRECIENTE DEL RIO MOGOTICOS,0.0,0.0,0.0,1,1.0,0.0,0.0,0.0,,,,0.0,0.0,0.0,2023-11-04,,,"EL CMGRD reporta fuertes lluvias y creciente del rio Mogoticos, causa afectaciones en la captación del acueducto municipal, afectaciones en cultivos de café, maíz y caña de azúcar, se adelantan los EDAN y se coordina limpieza y rehabilitación del acueducto municipal",2023-11-01,0.0,0.0,2.0,True,Responded to,Flash flood,Heavy rainfall,Municipal Disaster Risk Management Council of Mogotes,CAS Environmental Authority,Mogotes,Rural,Creciente of the Rio Mogoticos,Not reported,Not reported,False,,hydrometeorological,Hydrometeorological,Infrastructure damage recorded
2023 Nov 04 12:00:00 AM,ATENDIDO,2023-11-04T00:00:00.000,CRECIENTE SUBITA,FUERTES LLUVIAS,CMGRD DE PIEDECUESTA,CDMB,PIEDECUESTA,URBANO,CRECIENTE DEL RIO DE ORO,0,0.0,0.0,0,0.0,0.0,0.0,0.0,,,,0.0,0.0,0.0,2023-11-04T00:00:00.000,,,"El CMGRD reporta el rescate de 23 personas entre ellos 7 menores de edad que se quedaron atrapadas cerca al rio de Oro por una creciente súbita, cabe resaltar que se encontraban en paseo de rio. Rescate realizado por el cuerpo de bomberos y la defensa civil de Piedecuesta.",REPORTE_DE_EVENTOS_POR_DESASTRES_NATURALES_Y_ANTRÓPICOS_(Histórico)_20260415.csv,EVT00776,2023-11-04,ATENDIDO,2023-11-04,CRECIENTE SUBITA,FUERTES LLUVIAS,CMGRD DE PIEDECUESTA,CDMB,PIEDECUESTA,URBANO,CRECIENTE DEL RIO DE ORO,0.0,0.0,0.0,0,0.0,0.0,0.0,0.0,,,,0.0,0.0,0.0,2023-11-04,,,"El CMGRD reporta el rescate de 23 personas entre ellos 7 menores de edad que se quedaron atrapadas cerca al rio de Oro por una creciente súbita, cabe resaltar que se encontraban en paseo de rio. Rescate realizado por el cuerpo de bomberos y la defensa civil de Piedecuesta.",2023-11-01,0.0,0.0,0.0,False,Responded to,Flash flood,Heavy rainfall,Municipal Disaster Risk Management Council of Piedecuesta,CDMB Environmental Authority,Piedecuesta,Urban,Creciente of the Rio of Oro,Not reported,Not reported,False,,hydrometeorological,Hydrometeorological,No quantified impact recorded
2023 Nov 04 12:00:00 AM,ATENDIDO,2023-11-04T00:00:00.000,CRECIENTE SUBITA,FUERTES LLUVIAS,CMGRD DE TONA,CAS,TONA,RURAL,CRECIENTE RIO JORDAN  Y PESCADERITO,0,0.0,0.0,0,0.0,0.0,0.0,0.0,,,,0.0,0.0,0.0,2023-11-04T00:00:00.000,,,"El CMGRD creciente de los ríos Pescaderito y Jordan a causa de las fuertes lluvias, se reportan perdida de cultivos de cebolla. Cabe resaltar que allí, no se respeta la ronda hídrica, además se trazan cercas con alambres de púa, cruzan los ríos y esto hace que se generen represamientos",REPORTE_DE_EVENTOS_POR_DESASTRES_NATURALES_Y_ANTRÓPICOS_(Histórico)_20260415.csv,EVT00777,2023-11-04,ATENDIDO,2023-11-04,CRECIENTE SUBITA,FUERTES LLUVIAS,CMGRD DE TONA,CAS,TONA,RURAL,CRECIENTE RIO JORDAN Y PESCADERITO,0.0,0.0,0.0,0,0.0,0.0,0.0,0.0,,,,0.0,0.0,0.0,2023-11-04,,,"El CMGRD creciente de los ríos Pescaderito y Jordan a causa de las fuertes lluvias, se reportan perdida de cultivos de cebolla. Cabe resaltar que allí, no se respeta la ronda hídrica, además se trazan cercas con alambres de púa, cruzan los ríos y esto hace que se generen represamientos",2023-11-01,0.0,0.0,0.0,False,Responded to,Flash flood,Heavy rainfall,Municipal Disaster Risk Management Council of Tona,CAS Environmental Authority,Tona,Rural,Creciente Rio Jordan and Pescaderito,Not reported,Not reported,False,,hydrometeorological,Hydrometeorological,No quantified impact recorded
2023 Nov 07 12:00:00 AM,ATENDIDO,2023-11-07T00:00:00.000,FUGA DE GAS,INDETERMINADO,CMGRD DE FLORIAN Y LA BELLEZA,CAS,FLORIAN,RURAL,VEREDA OTRO MUNDO,50,0.0,0.0,0,0.0,0.0,0.0,0.0,,,,0.0,0.0,0.0,2023-11-07T00:00:00.000,,,"EL CMGRD reporta fuga de Gas natural en tubería de Transporte de Gas Internacional TGI, en limites entre la vereda Mundo Nuevo de Florian y vereda Los naranjos de la Belleza novedad más de 80 personas evacuadas para proteger sus vidas ante las atmósferas peligrosas, atienden el CMGRD, policía nacional, ejército nacional Batallón Rafael Reyes, bomberos de la Belleza y defensa civil, OCENSA Y TGI, nota una vez reportada la emergencia se articuló con el CRUE el traslado de 2 ambulancias del Hospital de la Belleza y 1 de Florian, se instaló un PMU  y se coordina la alimentación y alojamiento temporal y la protección de los bienes de estas personas. Cuadrillas de TGI Y OCENSA atienden los daños. No hay afectaciones en vidas. No hay riesgo de desabastecimiento de gas",REPORTE_DE_EVENTOS_POR_DESASTRES_NATURALES_Y_ANTRÓPICOS_(Histórico)_20260415.csv,EVT00778,2023-11-07,ATENDIDO,2023-11-07,FUGA DE GAS,INDETERMINADO,CMGRD DE FLORIAN Y LA BELLEZA,CAS,FLORIAN,RURAL,VEREDA OTRO MUNDO,50.0,0.0,0.0,0,0.0,0.0,0.0,0.0,,,,0.0,0.0,0.0,2023-11-07,,,"EL CMGRD reporta fuga de Gas natural en tubería de Transporte de Gas Internacional TGI, en limites entre la vereda Mundo Nuevo de Florian y vereda Los naranjos de la Belleza novedad más de 80 personas evacuadas para proteger sus vidas ante las atmósferas peligrosas, atienden el CMGRD, policía nacional, ejército nacional Batallón Rafael Reyes, bomberos de la Belleza y defensa civil, OCENSA Y TGI, nota una vez reportada la emergencia se articuló con el CRUE el traslado de 2 ambulancias del Hospital de la Belleza y 1 de Florian, se instaló un PMU y se coordina la alimentación y alojamiento temporal y la protección de los bienes de estas personas. Cuadrillas de TGI Y OCENSA atienden los daños. No hay afectaciones en vidas. No hay riesgo de desabastecimiento de gas",2023-11-01,0.0,0.0,0.0,False,Responded to,Gas leak,Undetermined,Municipal Disaster Risk Management Council of Florian and the Belleza,CAS Environmental Authority,Florian,Rural,Rural Hamlet Otro Mundo,Not reported,Not reported,False,,technological_anthropogenic,Technological and anthropogenic,No quantified impact recorded
2023 Nov 08 12:00:00 AM,ATENDIDO,2023-11-08T00:00:00.000,EXPLOSION DE MINA,INDETERMINADO,CMGRD DE LANDAZURI,CAS,LANDAZURI,RURAL,CORREGIMIENTO PLAN DE ARMAS,4,0.0,0.0,0,0.0,0.0,0.0,0.0,,,,3.0,0.0,5.0,2023-11-07T00:00:00.000,,,"El CMGRD reporta explosión de mina de carbón en la vereda Buenos Aires del corregimiento Plan de Armas, tres personas heridas trasladadas al hospital integrado y Vélez y 5 personas atrapadas en la mina asi: Edilberto Fontecha, Luis Alfredo Gil, Michel Andres Lopez, Cesar Ardila y Julian Mora, se coordinó apoyo con socorredores mineros, PONALSAR y comunidad, al día 9-11-2023 se han recuperado  los 5 cuerpos sin vida.",REPORTE_DE_EVENTOS_POR_DESASTRES_NATURALES_Y_ANTRÓPICOS_(Histórico)_20260415.csv,EVT00779,2023-11-08,ATENDIDO,2023-11-08,EXPLOSION DE MINA,INDETERMINADO,CMGRD DE LANDAZURI,CAS,LANDAZURI,RURAL,CORREGIMIENTO PLAN DE ARMAS,4.0,0.0,0.0,0,0.0,0.0,0.0,0.0,,,,3.0,0.0,5.0,2023-11-07,,,"El CMGRD reporta explosión de mina de carbón en la vereda Buenos Aires del corregimiento Plan de Armas, tres personas heridas trasladadas al hospital integrado y Vélez y 5 personas atrapadas en la mina asi: Edilberto Fontecha, Luis Alfredo Gil, Michel Andres Lopez, Cesar Ardila y Julian Mora, se coordinó apoyo con socorredores mineros, PONALSAR y comunidad, al día 9-11-2023 se han recuperado los 5 cuerpos sin vida.",2023-11-01,8.0,0.0,0.0,True,Responded to,Mine explosion,Undetermined,Municipal Disaster Risk Management Council of Landazuri,CAS Environmental Authority,Landazuri,Rural,Township Plan of Armas,Not reported,Not reported,False,,technological_anthropogenic,Technological and anthropogenic,Human impact recorded
2023 Nov 18 12:00:00 AM,ATENDIDO,2023-11-18T00:00:00.000,DESLIZAMIENTOS,FUERTES LLUVIAS,CMGRD DE MATANZA,CDMB,MATANZA,RURAL,VIA HACIA LA PROVINCIA DE SSOTO,0,0.0,0.0,0,1.0,0.0,0.0,0.0,,,,0.0,0.0,0.0,2023-11-18T00:00:00.000,,,"el CMGRD de matanza reporta deslizamientos sobre la via departamental hacia la provincia de Soto, en el sector de Bosconiia, se coordina apoyo de maquinaria amarilla del municipio y apoyo del batallon de ingenieros del ejercito nacional",REPORTE_DE_EVENTOS_POR_DESASTRES_NATURALES_Y_ANTRÓPICOS_(Histórico)_20260415.csv,EVT00780,2023-11-18,ATENDIDO,2023-11-18,DESLIZAMIENTOS,FUERTES LLUVIAS,CMGRD DE MATANZA,CDMB,MATANZA,RURAL,VIA HACIA LA PROVINCIA DE SSOTO,0.0,0.0,0.0,0,1.0,0.0,0.0,0.0,,,,0.0,0.0,0.0,2023-11-18,,,"el CMGRD de matanza reporta deslizamientos sobre la via departamental hacia la provincia de Soto, en el sector de Bosconiia, se coordina apoyo de maquinaria amarilla del municipio y apoyo del batallon de ingenieros del ejercito nacional",2023-11-01,0.0,0.0,1.0,True,Responded to,Landslides,Heavy rainfall,Municipal Disaster Risk Management Council of Matanza,CDMB Environmental Authority,Matanza,Rural,Road Hacia the Provincia of Ssoto,Not reported,Not reported,False,,geophysical,Geophysical,Infrastructure damage recorded
2023 Nov 18 12:00:00 AM,ATENDIDO,2023-11-18T00:00:00.000,CAIDA DE ROCAS,DESLIZAMIENTOS,INVIAS,CDMB,PIEDECUESTA,RURAL,VIA NACIONAL BUCARAMANGA - SAN GIL,0,0.0,0.0,0,1.0,0.0,0.0,0.0,,,,0.0,0.0,0.0,2023-11-18T00:00:00.000,,,"el CMGRD  de Piedecuesta reporta caida de rocas y material vegetal en el sector el Guayabito, viia nacional Bucaramanga - Bogota en Pescadero, se coordinò maquinaria de los contratisttas en mantenimiento para rehabilitar el paso.",REPORTE_DE_EVENTOS_POR_DESASTRES_NATURALES_Y_ANTRÓPICOS_(Histórico)_20260415.csv,EVT00781,2023-11-18,ATENDIDO,2023-11-18,CAIDA DE ROCAS,DESLIZAMIENTOS,INVIAS,CDMB,PIEDECUESTA,RURAL,VIA NACIONAL BUCARAMANGA - SAN GIL,0.0,0.0,0.0,0,1.0,0.0,0.0,0.0,,,,0.0,0.0,0.0,2023-11-18,,,"el CMGRD de Piedecuesta reporta caida de rocas y material vegetal en el sector el Guayabito, viia nacional Bucaramanga - Bogota en Pescadero, se coordinò maquinaria de los contratisttas en mantenimiento para rehabilitar el paso.",2023-11-01,0.0,0.0,1.0,True,Responded to,Rockfall,Landslides,Invias,CDMB Environmental Authority,Piedecuesta,Rural,Road Nacional Bucaramanga - San Gil,Not reported,Not reported,False,,geophysical,Geophysical,Infrastructure damage recorded
2023 Nov 18 12:00:00 AM,ATENDIDO,2023-11-18T00:00:00.000,DESLIZAMIENTOS,DESLIZAMIENTOS,CMGRD DE SAN VICENTE DE CHUCURI,CAS,SAN VICENTE,RURAL,VIA LISBOA - SAN VICENTE,0,0.0,0.0,0,1.0,0.0,0.0,0.0,,,,0.0,0.0,0.0,2023-11-18T00:00:00.000,,,"el CMGRD  de Piedecuesta reporta caida de rocas y material vegetal en el sector el tablazo, via san Lisboa a san Vicente, se coordina maquinaria del muniicipio y de Ruta del cacao para el retiro de escombros y rehabilitar la via",REPORTE_DE_EVENTOS_POR_DESASTRES_NATURALES_Y_ANTRÓPICOS_(Histórico)_20260415.csv,EVT00782,2023-11-18,ATENDIDO,2023-11-18,DESLIZAMIENTOS,DESLIZAMIENTOS,CMGRD DE SAN VICENTE DE CHUCURI,CAS,SAN VICENTE,RURAL,VIA LISBOA - SAN VICENTE,0.0,0.0,0.0,0,1.0,0.0,0.0,0.0,,,,0.0,0.0,0.0,2023-11-18,,,"el CMGRD de Piedecuesta reporta caida de rocas y material vegetal en el sector el tablazo, via san Lisboa a san Vicente, se coordina maquinaria del muniicipio y de Ruta del cacao para el retiro de escombros y rehabilitar la via",2023-11-01,0.0,0.0,1.0,True,Responded to,Landslides,Landslides,Municipal Disaster Risk Management Council of San Vicente of Chucuri,CAS Environmental Authority,San Vicente,Rural,Road Lisboa - San Vicente,Not reported,Not reported,False,,geophysical,Geophysical,Infrastructure damage recorded
2023 Nov 18 12:00:00 AM,ATENDIDO,2023-11-18T00:00:00.000,INUNDACIONES,FUERTES LLUVIAS,CMGRD DE CIMITARRA,CAS,CIMITARRA,URBANO,RIO GUAYABITO BARRIO LOS PINOS,70,0.0,70.0,0,0.0,0.0,0.0,0.0,,,,0.0,0.0,0.0,2023-11-18T00:00:00.000,,,"El CMGRD reporta fuertes lluvias del día  18-11-2023 y el  desbordamiento del rio Guayabito y el colapso de alcantarillados,  causan inundaciones en 70 viviendas del barrio Los Pinos, se desplazó personal del CMGRD junto a bomberos voluntarios y defensa civil a realizar la Evaluación de Danos.",REPORTE_DE_EVENTOS_POR_DESASTRES_NATURALES_Y_ANTRÓPICOS_(Histórico)_20260415.csv,EVT00783,2023-11-18,ATENDIDO,2023-11-18,INUNDACIONES,FUERTES LLUVIAS,CMGRD DE CIMITARRA,CAS,CIMITARRA,URBANO,RIO GUAYABITO BARRIO LOS PINOS,70.0,0.0,70.0,0,0.0,0.0,0.0,0.0,,,,0.0,0.0,0.0,2023-11-18,,,"El CMGRD reporta fuertes lluvias del día 18-11-2023 y el desbordamiento del rio Guayabito y el colapso de alcantarillados, causan inundaciones en 70 viviendas del barrio Los Pinos, se desplazó personal del CMGRD junto a bomberos voluntarios y defensa civil a realizar la Evaluación de Danos.",2023-11-01,0.0,70.0,0.0,True,Responded to,Floods,Heavy rainfall,Municipal Disaster Risk Management Council of Cimitarra,CAS Environmental Authority,Cimitarra,Urban,Rio Guayabito Neighborhood Los Pinos,Not reported,Not reported,False,,hydrometeorological,Hydrometeorological,Housing damage recorded
2023 Nov 18 12:00:00 AM,ATENDIDO,2023-11-18T00:00:00.000,CRECIENTE SUBITA,FUERTES LLUVIAS,CMGRD DE PUERTO PARRA,CAS,PUERTO PARRA,RURAL,VEREDAS LA MILITOSA Y LA MUERTA,30,0.0,30.0,0,1.0,0.0,0.0,0.0,,,,0.0,0.0,0.0,2023-11-18T00:00:00.000,,,"El CMGRD reporta fuertes lluvias y desbordamiento del rio Opón en las Veredas La Militosa y la Muerta, causa afectaciones el 30 viviendas, afectación en cultivos de plátano, yuca, cacao y pastizales, se coordina la caracterización de afectados y la evaluación de daños junto al CMGRD.",REPORTE_DE_EVENTOS_POR_DESASTRES_NATURALES_Y_ANTRÓPICOS_(Histórico)_20260415.csv,EVT00784,2023-11-18,ATENDIDO,2023-11-18,CRECIENTE SUBITA,FUERTES LLUVIAS,CMGRD DE PUERTO PARRA,CAS,PUERTO PARRA,RURAL,VEREDAS LA MILITOSA Y LA MUERTA,30.0,0.0,30.0,0,1.0,0.0,0.0,0.0,,,,0.0,0.0,0.0,2023-11-18,,,"El CMGRD reporta fuertes lluvias y desbordamiento del rio Opón en las Veredas La Militosa y la Muerta, causa afectaciones el 30 viviendas, afectación en cultivos de plátano, yuca, cacao y pastizales, se coordina la caracterización de afectados y la evaluación de daños junto al CMGRD.",2023-11-01,0.0,30.0,1.0,True,Responded to,Flash flood,Heavy rainfall,Municipal Disaster Risk Management Council of Puerto Parra,CAS Environmental Authority,Puerto Parra,Rural,Veredas the Militosa and the Muerta,Not reported,Not reported,False,,hydrometeorological,Hydrometeorological,Housing damage recorded
2023 Nov 18 12:00:00 AM,ATENDIDO,2023-11-18T00:00:00.000,CRECIENTE SUBITA,FUERTES LLUVIAS,CMGRD DE SIMACOTA,CAS,SIMACOTA,RURAL,BAJO SIMACOTA SECTOR EL OPON,50,0.0,50.0,0,1.0,0.0,0.0,0.0,,,,0.0,0.0,0.0,2023-11-18T00:00:00.000,,,"El CMGRD reporta fuertes lluvias y desbordamiento del rio Opón en el sector el Opón del bajo Simacota vía nacional Troncal del Magdalena, causa afectaciones en 50 viviendas, perdida de ganado Bovino, daños en cultivos de palma de aceite, yuca, platano y cacao restricción en la movilidad sobre la troncal del Carare, junto al INVIAS y CMGRD se realiza la evaluación de daños y análisis de necesidad.",REPORTE_DE_EVENTOS_POR_DESASTRES_NATURALES_Y_ANTRÓPICOS_(Histórico)_20260415.csv,EVT00785,2023-11-18,ATENDIDO,2023-11-18,CRECIENTE SUBITA,FUERTES LLUVIAS,CMGRD DE SIMACOTA,CAS,SIMACOTA,RURAL,BAJO SIMACOTA SECTOR EL OPON,50.0,0.0,50.0,0,1.0,0.0,0.0,0.0,,,,0.0,0.0,0.0,2023-11-18,,,"El CMGRD reporta fuertes lluvias y desbordamiento del rio Opón en el sector el Opón del bajo Simacota vía nacional Troncal del Magdalena, causa afectaciones en 50 viviendas, perdida de ganado Bovino, daños en cultivos de palma de aceite, yuca, platano y cacao restricción en la movilidad sobre la troncal del Carare, junto al INVIAS y CMGRD se realiza la evaluación de daños y análisis de necesidad.",2023-11-01,0.0,50.0,1.0,True,Responded to,Flash flood,Heavy rainfall,Municipal Disaster Risk Management Council of Simacota,CAS Environmental Authority,Simacota,Rural,Bajo Simacota Sector the Opon,Not reported,Not reported,False,,hydrometeorological,Hydrometeorological,Housing damage recorded
2023 Nov 18 12:00:00 AM,ATENDIDO,2023-11-18T00:00:00.000,MOVIMIENTO EN MASA,FUERTES LLUVIAS,CMGRD DE LANDAZURI,CAS,LANDAZURI,RURAL,"CORREGIMIENTOS PLAN DE ARMAS, MIRA LINDO Y SAN IGNACIO",30,0.0,30.0,0,6.0,0.0,0.0,0.0,,,,0.0,0.0,0.0,2023-11-18T00:00:00.000,,,"El CMGRD reporta las fuertes lluvias del día 18-11-2023 causan deslizamientos en la vía hacia los corregimientos Plan de Armas, Miralindo y  San Ignacio 30 viviendas afectadas por daños en techos a causa de la caída de ramas, se coordina junto al CMGRD,  maquinaria amarilla para la re habitación de las vías",REPORTE_DE_EVENTOS_POR_DESASTRES_NATURALES_Y_ANTRÓPICOS_(Histórico)_20260415.csv,EVT00786,2023-11-18,ATENDIDO,2023-11-18,MOVIMIENTO EN MASA,FUERTES LLUVIAS,CMGRD DE LANDAZURI,CAS,LANDAZURI,RURAL,"CORREGIMIENTOS PLAN DE ARMAS, MIRA LINDO Y SAN IGNACIO",30.0,0.0,30.0,0,6.0,0.0,0.0,0.0,,,,0.0,0.0,0.0,2023-11-18,,,"El CMGRD reporta las fuertes lluvias del día 18-11-2023 causan deslizamientos en la vía hacia los corregimientos Plan de Armas, Miralindo y San Ignacio 30 viviendas afectadas por daños en techos a causa de la caída de ramas, se coordina junto al CMGRD, maquinaria amarilla para la re habitación de las vías",2023-11-01,0.0,30.0,6.0,True,Responded to,Mass movement,Heavy rainfall,Municipal Disaster Risk Management Council of Landazuri,CAS Environmental Authority,Landazuri,Rural,Corregimientos Plan of Armas Mira Lindo and San Ignacio,Not reported,Not reported,False,,geophysical,Geophysical,Housing damage recorded
2023 Nov 18 12:00:00 AM,ATENDIDO,2023-11-18T00:00:00.000,MOVIMIENTO EN MASA,FUERTES LLUVIAS,CMGRD DE VELEZ,CAS,VELEZ,RURAL,VIA SECTOR LIMONCITO -  ALTA MIRA,0,0.0,0.0,0,2.0,0.0,0.0,0.0,,,,0.0,0.0,0.0,2023-11-18T00:00:00.000,,,"EL CMGRD reporta afecuaciones en las vias desde el Gualilo, hacia las veredas Los naranjos y Alta Mira a causa de deslizamientos generados por las lluvias intensas de las ultimas horas, 16 familias afectadas incounicadas",REPORTE_DE_EVENTOS_POR_DESASTRES_NATURALES_Y_ANTRÓPICOS_(Histórico)_20260415.csv,EVT00787,2023-11-18,ATENDIDO,2023-11-18,MOVIMIENTO EN MASA,FUERTES LLUVIAS,CMGRD DE VELEZ,CAS,VELEZ,RURAL,VIA SECTOR LIMONCITO - ALTA MIRA,0.0,0.0,0.0,0,2.0,0.0,0.0,0.0,,,,0.0,0.0,0.0,2023-11-18,,,"EL CMGRD reporta afecuaciones en las vias desde el Gualilo, hacia las veredas Los naranjos y Alta Mira a causa de deslizamientos generados por las lluvias intensas de las ultimas horas, 16 familias afectadas incounicadas",2023-11-01,0.0,0.0,2.0,True,Responded to,Mass movement,Heavy rainfall,Municipal Disaster Risk Management Council of Velez,CAS Environmental Authority,Velez,Rural,Road Sector Limoncito - Alta Mira,Not reported,Not reported,False,,geophysical,Geophysical,Infrastructure damage recorded
2023 Nov 29 12:00:00 AM,ATENDIDO,2023-11-29T00:00:00.000,INCENDIO FORESTAL,INDETERMINADO,CMGRD DE PIEDECUESTA,CDMB,PIEDECUESTA,RURAL,VEREDA GUATIGUARA,0,0.0,0.0,0,0.0,0.0,0.0,10.0,,,,0.0,0.0,0.0,2023-11-29T00:00:00.000,,,"El CMGRD reporta la atención de un incendio forestal en la vereda Guatiguará, sector el Diamante, atendido por bomberos voluntarios con apoyo de PONALSAR 10 hectáreas de vegetación nativa afectadas, causas desconocidas. Estado LIQUIDADO",REPORTE_DE_EVENTOS_POR_DESASTRES_NATURALES_Y_ANTRÓPICOS_(Histórico)_20260415.csv,EVT00788,2023-11-29,ATENDIDO,2023-11-29,INCENDIO FORESTAL,INDETERMINADO,CMGRD DE PIEDECUESTA,CDMB,PIEDECUESTA,RURAL,VEREDA GUATIGUARA,0.0,0.0,0.0,0,0.0,0.0,0.0,10.0,,,,0.0,0.0,0.0,2023-11-29,,,"El CMGRD reporta la atención de un incendio forestal en la vereda Guatiguará, sector el Diamante, atendido por bomberos voluntarios con apoyo de PONALSAR 10 hectáreas de vegetación nativa afectadas, causas desconocidas. Estado LIQUIDADO",2023-11-01,0.0,0.0,0.0,True,Responded to,Forest fire,Undetermined,Municipal Disaster Risk Management Council of Piedecuesta,CDMB Environmental Authority,Piedecuesta,Rural,Rural Hamlet Guatiguara,Not reported,Not reported,False,,other,Other or unclassified,Agricultural or land impact recorded
2023 Dec 07 12:00:00 AM,ATENDIDO,2023-12-07T00:00:00.000,INCENDIO FORESTAL,INDETERMINADO,BOMBEROS DE SAN GIL,CAS,SAN GIL,RURAL,VEREDA BELLA VISTA,0,0.0,0.0,0,0.0,0.0,0.0,4.0,,,,0.0,0.0,0.0,2023-12-07T00:00:00.000,,,"El comandante de bomberos reporta la atención de un incendio forestal en zona alta del casco urbano cerca al barrio Bella Vista, este amenazaba con extenderse a las viviendas, 2 máquinas y 8 bomberos lograron su liquidación, 4 hectáreas de vegetación nativa afectadas",REPORTE_DE_EVENTOS_POR_DESASTRES_NATURALES_Y_ANTRÓPICOS_(Histórico)_20260415.csv,EVT00789,2023-12-07,ATENDIDO,2023-12-07,INCENDIO FORESTAL,INDETERMINADO,BOMBEROS DE SAN GIL,CAS,SAN GIL,RURAL,VEREDA BELLA VISTA,0.0,0.0,0.0,0,0.0,0.0,0.0,4.0,,,,0.0,0.0,0.0,2023-12-07,,,"El comandante de bomberos reporta la atención de un incendio forestal en zona alta del casco urbano cerca al barrio Bella Vista, este amenazaba con extenderse a las viviendas, 2 máquinas y 8 bomberos lograron su liquidación, 4 hectáreas de vegetación nativa afectadas",2023-12-01,0.0,0.0,0.0,True,Responded to,Forest fire,Undetermined,Fire Department of San Gil,CAS Environmental Authority,San Gil,Rural,Rural Hamlet Bella Vista,Not reported,Not reported,False,,other,Other or unclassified,Agricultural or land impact recorded
2023 Dec 07 12:00:00 AM,ATENDIDO,2023-12-07T00:00:00.000,INCENDIO ESTRUCTURAL,INDETERMINADO,CMGRD DE PIEDECUESTA,CDMB,PIEDECUESTA,URBANO,SECTOR CENTRO DE LA CIUDAD,0,0.0,0.0,0,0.0,0.0,0.0,0.0,,,,0.0,0.0,0.0,2023-12-07T00:00:00.000,,,"El CMGRD reporta la atención de un incendio estructural en zona céntrica donde oficinas de Instrumentos públicos y varios locales comerciales fueron afectados, emergencia atendida por el cuerpo de bomberos voluntarios local, apoyados por bomberos de Floridablanca y Bucaramanga. Sin reporte de lesionados",REPORTE_DE_EVENTOS_POR_DESASTRES_NATURALES_Y_ANTRÓPICOS_(Histórico)_20260415.csv,EVT00790,2023-12-07,ATENDIDO,2023-12-07,INCENDIO ESTRUCTURAL,INDETERMINADO,CMGRD DE PIEDECUESTA,CDMB,PIEDECUESTA,URBANO,SECTOR CENTRO DE LA CIUDAD,0.0,0.0,0.0,0,0.0,0.0,0.0,0.0,,,,0.0,0.0,0.0,2023-12-07,,,"El CMGRD reporta la atención de un incendio estructural en zona céntrica donde oficinas de Instrumentos públicos y varios locales comerciales fueron afectados, emergencia atendida por el cuerpo de bomberos voluntarios local, apoyados por bomberos de Floridablanca y Bucaramanga. Sin reporte de lesionados",2023-12-01,0.0,0.0,0.0,False,Responded to,Structural fire,Undetermined,Municipal Disaster Risk Management Council of Piedecuesta,CDMB Environmental Authority,Piedecuesta,Urban,Sector Centro of the Ciudad,Not reported,Not reported,False,,technological_anthropogenic,Technological and anthropogenic,No quantified impact recorded
2023 Dec 08 12:00:00 AM,ATENDIDO,2023-12-07T00:00:00.000,INCENDIO FORESTAL,INDETERMINADO,CMGRD DE PIEDECUESTA,CDMB,PIEDECUESTA,RURAL,VEREDA GUATIGUARA,0,0.0,0.0,0,0.0,0.0,0.0,30.0,,,,0.0,0.0,0.0,2023-12-08T00:00:00.000,,,"El CMGRD reporta la atención de un incendio forestal en la vereda Guatiguará, atendido por bomberos voluntarios de Piedecuesta con apoyo de la defensa civil, el grupo PONALSAR, mas de 30 hectáreas afectadas",REPORTE_DE_EVENTOS_POR_DESASTRES_NATURALES_Y_ANTRÓPICOS_(Histórico)_20260415.csv,EVT00791,2023-12-08,ATENDIDO,2023-12-07,INCENDIO FORESTAL,INDETERMINADO,CMGRD DE PIEDECUESTA,CDMB,PIEDECUESTA,RURAL,VEREDA GUATIGUARA,0.0,0.0,0.0,0,0.0,0.0,0.0,30.0,,,,0.0,0.0,0.0,2023-12-08,,,"El CMGRD reporta la atención de un incendio forestal en la vereda Guatiguará, atendido por bomberos voluntarios de Piedecuesta con apoyo de la defensa civil, el grupo PONALSAR, mas de 30 hectáreas afectadas",2023-12-01,0.0,0.0,0.0,True,Responded to,Forest fire,Undetermined,Municipal Disaster Risk Management Council of Piedecuesta,CDMB Environmental Authority,Piedecuesta,Rural,Rural Hamlet Guatiguara,Not reported,Not reported,False,,other,Other or unclassified,Agricultural or land impact recorded
2023 Dec 08 12:00:00 AM,ATENDIDO,2023-12-08T00:00:00.000,INCENDIO FORESTAL,INDETERMINADO,BOMBEROS DE VILLANUEVA,CAS,VILLANUEVA,RURAL,VEREDA EL CAUCHO,0,0.0,0.0,0,0.0,0.0,0.0,2.0,,,,0.0,0.0,0.0,2023-12-08T00:00:00.000,,,"El comandante de bomberos reporta la atención de un incendio forestal en la vereda el Caucho, afectación de 2 hectáreas de pastizales y rastrojos",REPORTE_DE_EVENTOS_POR_DESASTRES_NATURALES_Y_ANTRÓPICOS_(Histórico)_20260415.csv,EVT00792,2023-12-08,ATENDIDO,2023-12-08,INCENDIO FORESTAL,INDETERMINADO,BOMBEROS DE VILLANUEVA,CAS,VILLANUEVA,RURAL,VEREDA EL CAUCHO,0.0,0.0,0.0,0,0.0,0.0,0.0,2.0,,,,0.0,0.0,0.0,2023-12-08,,,"El comandante de bomberos reporta la atención de un incendio forestal en la vereda el Caucho, afectación de 2 hectáreas de pastizales y rastrojos",2023-12-01,0.0,0.0,0.0,True,Responded to,Forest fire,Undetermined,Fire Department of Villanueva,CAS Environmental Authority,Villanueva,Rural,Rural Hamlet the Caucho,Not reported,Not reported,False,,other,Other or unclassified,Agricultural or land impact recorded
2023 Dec 08 12:00:00 AM,ATENDIDO,2023-12-08T00:00:00.000,INCENDIO FORESTAL,INDETERMINADO,BOMBEROS DE BUCARAMANGA,CDMB,BUCARAMANGA,RURAL,ESCARPA SECTOR CRISTAL BAJO,0,0.0,0.0,0,0.0,0.0,0.0,4.0,,,,0.0,0.0,0.0,2023-12-08T00:00:00.000,,,"El director operativo de bomberos oficiales reporta durante el fin de semana se atendieron 30 conatos de incendio forestal, la mayor afectación cerca al barrio Cristal 4 hectáreas afectadas. Al sur de la ciudad",REPORTE_DE_EVENTOS_POR_DESASTRES_NATURALES_Y_ANTRÓPICOS_(Histórico)_20260415.csv,EVT00793,2023-12-08,ATENDIDO,2023-12-08,INCENDIO FORESTAL,INDETERMINADO,BOMBEROS DE BUCARAMANGA,CDMB,BUCARAMANGA,RURAL,ESCARPA SECTOR CRISTAL BAJO,0.0,0.0,0.0,0,0.0,0.0,0.0,4.0,,,,0.0,0.0,0.0,2023-12-08,,,"El director operativo de bomberos oficiales reporta durante el fin de semana se atendieron 30 conatos de incendio forestal, la mayor afectación cerca al barrio Cristal 4 hectáreas afectadas. Al sur de la ciudad",2023-12-01,0.0,0.0,0.0,True,Responded to,Forest fire,Undetermined,Fire Department of Bucaramanga,CDMB Environmental Authority,Bucaramanga,Rural,Escarpa Sector Cristal Bajo,Not reported,Not reported,False,,other,Other or unclassified,Agricultural or land impact recorded
2023 Dec 11 12:00:00 AM,ATENDIDO,2023-12-11T00:00:00.000,INCENDIO FORESTAL,INDETERMINADO,BOMBEROS DE FLORIDABLANCA,CDMB,FLORIDABLANCA,URBANO,SECTOR LA 200,0,0.0,0.0,0,0.0,0.0,0.0,2.0,,,,0.0,0.0,0.0,2023-12-11T00:00:00.000,,,"El comandantte de guardia de bomberos de Florida reporta durante lo que va del mes de diciembre de han atendido 15 conatos de incendio forestal, la mayor afectación cerca a la calle 200  afectadas 2 hectareas de pastizales y bosques.",REPORTE_DE_EVENTOS_POR_DESASTRES_NATURALES_Y_ANTRÓPICOS_(Histórico)_20260415.csv,EVT00794,2023-12-11,ATENDIDO,2023-12-11,INCENDIO FORESTAL,INDETERMINADO,BOMBEROS DE FLORIDABLANCA,CDMB,FLORIDABLANCA,URBANO,SECTOR LA 200,0.0,0.0,0.0,0,0.0,0.0,0.0,2.0,,,,0.0,0.0,0.0,2023-12-11,,,"El comandantte de guardia de bomberos de Florida reporta durante lo que va del mes de diciembre de han atendido 15 conatos de incendio forestal, la mayor afectación cerca a la calle 200 afectadas 2 hectareas de pastizales y bosques.",2023-12-01,0.0,0.0,0.0,True,Responded to,Forest fire,Undetermined,Fire Department of Floridablanca,CDMB Environmental Authority,Floridablanca,Urban,Sector the 200,Not reported,Not reported,False,,other,Other or unclassified,Agricultural or land impact recorded
2023 Dec 12 12:00:00 AM,ATENDIDO,2023-12-12T00:00:00.000,INCENDIO FORESTAL,INDETERMINADO,BOMBEROS DE RIONEGRO,CDMB,RIONEGRO,RURAL,VEREDA ESPUMA BAJA,0,0.0,0.0,0,0.0,0.0,0.0,1.0,,,,0.0,0.0,0.0,2023-12-12T00:00:00.000,,,"El comandante de bomberos reporta la atención de un incendio forestal en la vereda Espuma Baja, afectación de una hectárea de bosque nativo. Estado Liquidado",REPORTE_DE_EVENTOS_POR_DESASTRES_NATURALES_Y_ANTRÓPICOS_(Histórico)_20260415.csv,EVT00795,2023-12-12,ATENDIDO,2023-12-12,INCENDIO FORESTAL,INDETERMINADO,BOMBEROS DE RIONEGRO,CDMB,RIONEGRO,RURAL,VEREDA ESPUMA BAJA,0.0,0.0,0.0,0,0.0,0.0,0.0,1.0,,,,0.0,0.0,0.0,2023-12-12,,,"El comandante de bomberos reporta la atención de un incendio forestal en la vereda Espuma Baja, afectación de una hectárea de bosque nativo. Estado Liquidado",2023-12-01,0.0,0.0,0.0,True,Responded to,Forest fire,Undetermined,Fire Department of Rionegro,CDMB Environmental Authority,Rionegro,Rural,Rural Hamlet Espuma Baja,Not reported,Not reported,False,,other,Other or unclassified,Agricultural or land impact recorded
2023 Dec 14 12:00:00 AM,ATENDIDO,2023-12-14T00:00:00.000,INCENDIO FORESTAL,INDETERMINADO,BOMBEROS DE BUCARAMANGA,CDMB,BUCARAMANGA,URBANO,"BARRIO VILLA ROSA, CALLE 45 Y ZONA NORTE",0,0.0,0.0,0,0.0,0.0,0.0,5.0,,,,0.0,0.0,0.0,2023-12-14T00:00:00.000,,,"EL comandante operativo informa a cerca de 3 incendios forestales en sectores de la calle 45, sector la virgen en la zona norte y en el barrio Villa Rosa, todos liquidados, afectación de 5 hectáreas de vegetación nativa y bosques",REPORTE_DE_EVENTOS_POR_DESASTRES_NATURALES_Y_ANTRÓPICOS_(Histórico)_20260415.csv,EVT00796,2023-12-14,ATENDIDO,2023-12-14,INCENDIO FORESTAL,INDETERMINADO,BOMBEROS DE BUCARAMANGA,CDMB,BUCARAMANGA,URBANO,"BARRIO VILLA ROSA, CALLE 45 Y ZONA NORTE",0.0,0.0,0.0,0,0.0,0.0,0.0,5.0,,,,0.0,0.0,0.0,2023-12-14,,,"EL comandante operativo informa a cerca de 3 incendios forestales en sectores de la calle 45, sector la virgen en la zona norte y en el barrio Villa Rosa, todos liquidados, afectación de 5 hectáreas de vegetación nativa y bosques",2023-12-01,0.0,0.0,0.0,True,Responded to,Forest fire,Undetermined,Fire Department of Bucaramanga,CDMB Environmental Authority,Bucaramanga,Urban,Neighborhood Villa Rosa Calle 45 and Zona Norte,Not reported,Not reported,False,,other,Other or unclassified,Agricultural or land impact recorded
2023 Dec 21 12:00:00 AM,ATENDIDO,2023-12-21T00:00:00.000,CRECIENTE SUBITA,FUERTES LLUVIAS,CMGRD DE CERRITO,CAS,CERRITO,RURAL,VEREDA JURADO SECTOR CORRAL FALSO,10,0.0,10.0,1,1.0,0.0,0.0,0.0,,,,0.0,0.0,0.0,2023-12-21T00:00:00.000,,,"El CMGRD reporta creciente súbita del rio Servita, a causa de avenida torrencial de la quebrada Toma de Agua, se registran afectaciones de cultivos de papa, ajo y pastizales, 4 viviendas afectadas, se adelanta la evaluación de daños, una via afectada por colapso de evaluación de daños, una via afectada por colapso de alcantarillas. 3 veredas incomunicadas (Corral Falso, Jurado y el Mortiño)",REPORTE_DE_EVENTOS_POR_DESASTRES_NATURALES_Y_ANTRÓPICOS_(Histórico)_20260415.csv,EVT00797,2023-12-21,ATENDIDO,2023-12-21,CRECIENTE SUBITA,FUERTES LLUVIAS,CMGRD DE CERRITO,CAS,CERRITO,RURAL,VEREDA JURADO SECTOR CORRAL FALSO,10.0,0.0,10.0,1,1.0,0.0,0.0,0.0,,,,0.0,0.0,0.0,2023-12-21,,,"El CMGRD reporta creciente súbita del rio Servita, a causa de avenida torrencial de la quebrada Toma de Agua, se registran afectaciones de cultivos de papa, ajo y pastizales, 4 viviendas afectadas, se adelanta la evaluación de daños, una via afectada por colapso de evaluación de daños, una via afectada por colapso de alcantarillas. 3 veredas incomunicadas (Corral Falso, Jurado y el Mortiño)",2023-12-01,0.0,10.0,2.0,True,Responded to,Flash flood,Heavy rainfall,Municipal Disaster Risk Management Council of Cerrito,CAS Environmental Authority,Cerrito,Rural,Rural Hamlet Jurado Sector Corral Falso,Not reported,Not reported,False,,hydrometeorological,Hydrometeorological,Housing damage recorded
2023 Dec 25 12:00:00 AM,ATENDIDO,2023-12-25T00:00:00.000,INCENDIO FORESTAL,INDETERMINADO,BOMBEROS DE MOGOTES,CAS,MOGOTES,RURAL,VEREDA EL GUAMO,0,0.0,0.0,0,0.0,0.0,0.0,10.0,,,,0.0,0.0,0.0,2023-12-25T00:00:00.000,,,"EL comandante de bomberos reporta un incendio forestal en la vereda el Guamo que afecta mas de 10 hectáreas de vegetación nativa, atienden bomberos de Mogotes y apoyo de la comunidad. Se coordinan apoyos de los municipios de Paramo y Valle de San Jose. Estado liquidado",REPORTE_DE_EVENTOS_POR_DESASTRES_NATURALES_Y_ANTRÓPICOS_(Histórico)_20260415.csv,EVT00798,2023-12-25,ATENDIDO,2023-12-25,INCENDIO FORESTAL,INDETERMINADO,BOMBEROS DE MOGOTES,CAS,MOGOTES,RURAL,VEREDA EL GUAMO,0.0,0.0,0.0,0,0.0,0.0,0.0,10.0,,,,0.0,0.0,0.0,2023-12-25,,,"EL comandante de bomberos reporta un incendio forestal en la vereda el Guamo que afecta mas de 10 hectáreas de vegetación nativa, atienden bomberos de Mogotes y apoyo de la comunidad. Se coordinan apoyos de los municipios de Paramo y Valle de San Jose. Estado liquidado",2023-12-01,0.0,0.0,0.0,True,Responded to,Forest fire,Undetermined,Fire Department of Mogotes,CAS Environmental Authority,Mogotes,Rural,Rural Hamlet the Guamo,Not reported,Not reported,False,,other,Other or unclassified,Agricultural or land impact recorded
2024 Jan 01 12:00:00 AM,ATENDIDO,2024-01-01T00:00:00.000,INCENDIO FORESTAL,INDETERMINADO,BOMBEROS DE PIEDECUESTA,CDMB,PIEDECUESTA,RURAL,VEREA GUATIGUARA,0,0.0,0.0,0,0.0,0.0,0.0,5.0,,,,0.0,0.0,0.0,2024-01-01T00:00:00.000,,,"El comandante de bomberos reporta la atención de un incendio forestal en la vereda Guatiguará, sector la Cantera. Afectación de 5 hectáreas de bosque nativo. Estado LIQUIDADO, causas indeterminadas.",REPORTE_DE_EVENTOS_POR_DESASTRES_NATURALES_Y_ANTRÓPICOS_(Histórico)_20260415.csv,EVT00799,2024-01-01,ATENDIDO,2024-01-01,INCENDIO FORESTAL,INDETERMINADO,BOMBEROS DE PIEDECUESTA,CDMB,PIEDECUESTA,RURAL,VEREA GUATIGUARA,0.0,0.0,0.0,0,0.0,0.0,0.0,5.0,,,,0.0,0.0,0.0,2024-01-01,,,"El comandante de bomberos reporta la atención de un incendio forestal en la vereda Guatiguará, sector la Cantera. Afectación de 5 hectáreas de bosque nativo. Estado LIQUIDADO, causas indeterminadas.",2024-01-01,0.0,0.0,0.0,True,Responded to,Forest fire,Undetermined,Fire Department of Piedecuesta,CDMB Environmental Authority,Piedecuesta,Rural,Verea Guatiguara,Not reported,Not reported,False,,other,Other or unclassified,Agricultural or land impact recorded
2024 Jan 03 12:00:00 AM,ATENDIDO,2024-01-03T00:00:00.000,DESABASTECIMIENTO,FENOMENO DEL NIÑO,CMGRD DE BARICHARA,CAS,BARICHARA,URBANO Y RURAL,TODA LA JURISDICCION,"4,000",0.0,0.0,1,0.0,0.0,0.0,0.0,,,,0.0,0.0,0.0,2024-01-03T00:00:00.000,,,"El CMGRD reporta las altas temperaturas de la temporada seca en los primeros días del mes de enero ha causado disminución en las fuentes de abastecimiento de agua, se coordina transporte de agua a través de carro tanques de bomberos, apoyo de carro tanques de la defensa civil Santander, el ejercito nacional y la policía nacional, se coordina la activación de pozos profundos y la potabilización de agua con planta móvil del embalse el Común.",REPORTE_DE_EVENTOS_POR_DESASTRES_NATURALES_Y_ANTRÓPICOS_(Histórico)_20260415.csv,EVT00800,2024-01-03,ATENDIDO,2024-01-03,DESABASTECIMIENTO,FENOMENO DEL NIÑO,CMGRD DE BARICHARA,CAS,BARICHARA,URBANO Y RURAL,TODA LA JURISDICCION,4.0,0.0,0.0,1,0.0,0.0,0.0,0.0,,,,0.0,0.0,0.0,2024-01-03,,,"El CMGRD reporta las altas temperaturas de la temporada seca en los primeros días del mes de enero ha causado disminución en las fuentes de abastecimiento de agua, se coordina transporte de agua a través de carro tanques de bomberos, apoyo de carro tanques de la defensa civil Santander, el ejercito nacional y la policía nacional, se coordina la activación de pozos profundos y la potabilización de agua con planta móvil del embalse el Común.",2024-01-01,0.0,0.0,1.0,True,Responded to,Supply shortage,El Nino phenomenon,Municipal Disaster Risk Management Council of Barichara,CAS Environmental Authority,Barichara,Urban and rural,Entire jurisdiction,Not reported,Not reported,False,,hydrometeorological,Hydrometeorological,Infrastructure damage recorded
2024 Jan 03 12:00:00 AM,ATENDIDO,2024-01-03T00:00:00.000,INCENDIO FORESTAL,INDETERMINADO,BOMBEROS DE CURITI,CAS,CURITI,RURAL,VEREDA LAS LAJAS,0,0.0,0.0,0,0.0,0.0,0.0,6.0,,,,0.0,0.0,0.0,2024-01-03T00:00:00.000,,,"el comandante de bomberos reporta atencion de incendio forestal en la vereda las Lajas, apoyados por la defensa civil, afectacionde 6 hectareas de pastizales y rastrojos",REPORTE_DE_EVENTOS_POR_DESASTRES_NATURALES_Y_ANTRÓPICOS_(Histórico)_20260415.csv,EVT00801,2024-01-03,ATENDIDO,2024-01-03,INCENDIO FORESTAL,INDETERMINADO,BOMBEROS DE CURITI,CAS,CURITI,RURAL,VEREDA LAS LAJAS,0.0,0.0,0.0,0,0.0,0.0,0.0,6.0,,,,0.0,0.0,0.0,2024-01-03,,,"el comandante de bomberos reporta atencion de incendio forestal en la vereda las Lajas, apoyados por la defensa civil, afectacionde 6 hectareas de pastizales y rastrojos",2024-01-01,0.0,0.0,0.0,True,Responded to,Forest fire,Undetermined,Fire Department of Curiti,CAS Environmental Authority,Curiti,Rural,Rural Hamlet Las Lajas,Not reported,Not reported,False,,other,Other or unclassified,Agricultural or land impact recorded
2024 Jan 07 12:00:00 AM,ATENDIDO,2024-01-07T00:00:00.000,INCENDIO FORESTAL,INDETERMINADO,BOMBEROS DE MALAGA,CAS,SAN JOSE DE MIRANDA,RURAL,VEREDA SALADO BRAVO,0,0.0,0.0,0,0.0,0.0,0.0,7.0,,,,0.0,0.0,0.0,2024-01-07T00:00:00.000,,,El CMGRD reporta la atención de un incendio forestal en la Vereda Salado Bravo Atendido por: cuerpo de bomberos de Málaga Estado: liquidado Afectación: 10 ha apx. De bosque nativo 7 pastizales,REPORTE_DE_EVENTOS_POR_DESASTRES_NATURALES_Y_ANTRÓPICOS_(Histórico)_20260415.csv,EVT00802,2024-01-07,ATENDIDO,2024-01-07,INCENDIO FORESTAL,INDETERMINADO,BOMBEROS DE MALAGA,CAS,SAN JOSE DE MIRANDA,RURAL,VEREDA SALADO BRAVO,0.0,0.0,0.0,0,0.0,0.0,0.0,7.0,,,,0.0,0.0,0.0,2024-01-07,,,El CMGRD reporta la atención de un incendio forestal en la Vereda Salado Bravo Atendido por: cuerpo de bomberos de Málaga Estado: liquidado Afectación: 10 ha apx. De bosque nativo 7 pastizales,2024-01-01,0.0,0.0,0.0,True,Responded to,Forest fire,Undetermined,Fire Department of Malaga,CAS Environmental Authority,San Jose De Miranda,Rural,Rural Hamlet Salado Bravo,Not reported,Not reported,False,,other,Other or unclassified,Agricultural or land impact recorded
2024 Jan 07 12:00:00 AM,ATENDIDO,2024-01-07T00:00:00.000,INCENDIO FORESTAL,INDETERMINADO,BOMBEROS DE PIEDECUESTA,CDMB,PIEDECUESTA,RURAL,VEREDA LAS AMARILLAS,0,0.0,0.0,0,0.0,0.0,0.0,5.0,,,,0.0,0.0,0.0,2024-01-07T00:00:00.000,,,"El comandante de bomberos reporta la atención de un incendio forestal en la vereda las amarillas, atendido por bomberos de Piedecuesta, apoyado por la defensa civil y PONALSAR afectación de 5 hectáreas de bosque nativo",REPORTE_DE_EVENTOS_POR_DESASTRES_NATURALES_Y_ANTRÓPICOS_(Histórico)_20260415.csv,EVT00803,2024-01-07,ATENDIDO,2024-01-07,INCENDIO FORESTAL,INDETERMINADO,BOMBEROS DE PIEDECUESTA,CDMB,PIEDECUESTA,RURAL,VEREDA LAS AMARILLAS,0.0,0.0,0.0,0,0.0,0.0,0.0,5.0,,,,0.0,0.0,0.0,2024-01-07,,,"El comandante de bomberos reporta la atención de un incendio forestal en la vereda las amarillas, atendido por bomberos de Piedecuesta, apoyado por la defensa civil y PONALSAR afectación de 5 hectáreas de bosque nativo",2024-01-01,0.0,0.0,0.0,True,Responded to,Forest fire,Undetermined,Fire Department of Piedecuesta,CDMB Environmental Authority,Piedecuesta,Rural,Rural Hamlet Las Amarillas,Not reported,Not reported,False,,other,Other or unclassified,Agricultural or land impact recorded
2024 Jan 09 12:00:00 AM,ATENDIDO,2024-01-09T00:00:00.000,INCENDIO FORESTAL,INDETERMINADO,BOMBEROS DE CARCASI,CAS,CARCASI,RURAL,VEREDA LOMA DEL BARCO,0,0.0,0.0,0,0.0,0.0,0.0,6.0,,,,0.0,0.0,0.0,2024-01-09T00:00:00.000,,,"El CMGRD reporta atención de incendio forestal en la vereda Loma del Barco atendido por el cuerpo de bomberos de Carcasí, afectación de 6 hectáreas de bosque nativo",REPORTE_DE_EVENTOS_POR_DESASTRES_NATURALES_Y_ANTRÓPICOS_(Histórico)_20260415.csv,EVT00804,2024-01-09,ATENDIDO,2024-01-09,INCENDIO FORESTAL,INDETERMINADO,BOMBEROS DE CARCASI,CAS,CARCASI,RURAL,VEREDA LOMA DEL BARCO,0.0,0.0,0.0,0,0.0,0.0,0.0,6.0,,,,0.0,0.0,0.0,2024-01-09,,,"El CMGRD reporta atención de incendio forestal en la vereda Loma del Barco atendido por el cuerpo de bomberos de Carcasí, afectación de 6 hectáreas de bosque nativo",2024-01-01,0.0,0.0,0.0,True,Responded to,Forest fire,Undetermined,Fire Department of Carcasi,CAS Environmental Authority,Carcasi,Rural,Rural Hamlet Loma of the Barco,Not reported,Not reported,False,,other,Other or unclassified,Agricultural or land impact recorded
2024 Jan 09 12:00:00 AM,ATENDIDO,2024-01-09T00:00:00.000,INCENDIO FORESTAL,INDETERMINADO,BOMBEROS DE BARICHARA,CAS,BARICHARA,RURAL,CERCA AL CASCO URBANO (VEREDA san jose chaguete),0,0.0,0.0,0,0.0,0.0,0.0,3.0,,,,0.0,0.0,0.0,2024-01-09T00:00:00.000,,,"el comandante de bomberos reporta la atencion en la vereda san jose chaguete, atendido por 4 unidades de bomberos, afectacion de 3 hectareas de pastizales",REPORTE_DE_EVENTOS_POR_DESASTRES_NATURALES_Y_ANTRÓPICOS_(Histórico)_20260415.csv,EVT00805,2024-01-09,ATENDIDO,2024-01-09,INCENDIO FORESTAL,INDETERMINADO,BOMBEROS DE BARICHARA,CAS,BARICHARA,RURAL,CERCA AL CASCO URBANO (VEREDA san jose chaguete),0.0,0.0,0.0,0,0.0,0.0,0.0,3.0,,,,0.0,0.0,0.0,2024-01-09,,,"el comandante de bomberos reporta la atencion en la vereda san jose chaguete, atendido por 4 unidades de bomberos, afectacion de 3 hectareas de pastizales",2024-01-01,0.0,0.0,0.0,True,Responded to,Forest fire,Undetermined,Fire Department of Barichara,CAS Environmental Authority,Barichara,Rural,Cerca Al Casco Urbano Rural Hamlet San Jose Chaguete,Not reported,Not reported,False,,other,Other or unclassified,Agricultural or land impact recorded
2024 Jan 09 12:00:00 AM,ATENDIDO,2024-01-09T00:00:00.000,INCENDIO FORESTAL,INDETERMINADO,CMGRD DEL HATO,CAS,EL HATO,RURAL,VEREDA HOYA NEGRA,0,0.0,0.0,0,0.0,0.0,0.0,8.0,,,,0.0,0.0,0.0,2024-01-09T00:00:00.000,,,"El alcalde municipal reporta atención de incendio forestal en la vereda Hoya Negra, atendido por el cuerpo de bomberos, apoyado por la policía nacional y la comunidad, afectación de 8 hectáreas de bosques y pastizales.",REPORTE_DE_EVENTOS_POR_DESASTRES_NATURALES_Y_ANTRÓPICOS_(Histórico)_20260415.csv,EVT00806,2024-01-09,ATENDIDO,2024-01-09,INCENDIO FORESTAL,INDETERMINADO,CMGRD DEL HATO,CAS,EL HATO,RURAL,VEREDA HOYA NEGRA,0.0,0.0,0.0,0,0.0,0.0,0.0,8.0,,,,0.0,0.0,0.0,2024-01-09,,,"El alcalde municipal reporta atención de incendio forestal en la vereda Hoya Negra, atendido por el cuerpo de bomberos, apoyado por la policía nacional y la comunidad, afectación de 8 hectáreas de bosques y pastizales.",2024-01-01,0.0,0.0,0.0,True,Responded to,Forest fire,Undetermined,Municipal Disaster Risk Management Council of the Hato,CAS Environmental Authority,El Hato,Rural,Rural Hamlet Hoya Negra,Not reported,Not reported,False,,other,Other or unclassified,Agricultural or land impact recorded
2024 Jan 10 12:00:00 AM,ATENDIDO,2024-01-10T00:00:00.000,DESABASTECIMIENTO,FENOMENO DEL NIÑO,CMGRD DE CABRERA,CAS,CABRERA,URBANO Y RURAL,TODA LA JURISDICCION,"2,500",0.0,0.0,1,0.0,0.0,0.0,0.0,,,,0.0,0.0,0.0,2024-01-10T00:00:00.000,,,"El alcalde municipal reporta disminución  en el servicio de varios acueductos rural y acueducto municipal a causa de la fuerte sequia de los utimos días, se coordina transporte de agua potable a través de carro tanques, la ampliación de jagüeyes y la perforación de pozos profundos",REPORTE_DE_EVENTOS_POR_DESASTRES_NATURALES_Y_ANTRÓPICOS_(Histórico)_20260415.csv,EVT00807,2024-01-10,ATENDIDO,2024-01-10,DESABASTECIMIENTO,FENOMENO DEL NIÑO,CMGRD DE CABRERA,CAS,CABRERA,URBANO Y RURAL,TODA LA JURISDICCION,2.5,0.0,0.0,1,0.0,0.0,0.0,0.0,,,,0.0,0.0,0.0,2024-01-10,,,"El alcalde municipal reporta disminución en el servicio de varios acueductos rural y acueducto municipal a causa de la fuerte sequia de los utimos días, se coordina transporte de agua potable a través de carro tanques, la ampliación de jagüeyes y la perforación de pozos profundos",2024-01-01,0.0,0.0,1.0,True,Responded to,Supply shortage,El Nino phenomenon,Municipal Disaster Risk Management Council of Cabrera,CAS Environmental Authority,Cabrera,Urban and rural,Entire jurisdiction,Not reported,Not reported,False,,hydrometeorological,Hydrometeorological,Infrastructure damage recorded
2024 Jan 10 12:00:00 AM,ATENDIDO,2024-01-10T00:00:00.000,DESABASTECIMIENTO,FENOMENO DEL NIÑO,CMGRD DE ARATOCA,CAS,ARATOCA,URBANO Y RURAL,TODA LA JURISDICCION,"3,800",0.0,0.0,1,0.0,,0.0,0.0,,,,0.0,0.0,0.0,2024-01-10T00:00:00.000,,,"El CMGRD  reporta desabastecimiento de agua en 6 veredas y el casco urbano a causa de la disminución del recurso hídrico por la fuerte sequía de inicio de año, se realiza transporte de agua potable desde el parque nacional del Chicamocha a través de carro tanques del municipio y apoyo de carro tanque del ejercito nacional.",REPORTE_DE_EVENTOS_POR_DESASTRES_NATURALES_Y_ANTRÓPICOS_(Histórico)_20260415.csv,EVT00808,2024-01-10,ATENDIDO,2024-01-10,DESABASTECIMIENTO,FENOMENO DEL NIÑO,CMGRD DE ARATOCA,CAS,ARATOCA,URBANO Y RURAL,TODA LA JURISDICCION,3.8,0.0,0.0,1,0.0,,0.0,0.0,,,,0.0,0.0,0.0,2024-01-10,,,"El CMGRD reporta desabastecimiento de agua en 6 veredas y el casco urbano a causa de la disminución del recurso hídrico por la fuerte sequía de inicio de año, se realiza transporte de agua potable desde el parque nacional del Chicamocha a través de carro tanques del municipio y apoyo de carro tanque del ejercito nacional.",2024-01-01,0.0,0.0,1.0,True,Responded to,Supply shortage,El Nino phenomenon,Municipal Disaster Risk Management Council of Aratoca,CAS Environmental Authority,Aratoca,Urban and rural,Entire jurisdiction,Not reported,Not reported,False,,hydrometeorological,Hydrometeorological,Infrastructure damage recorded
2024 Jan 10 12:00:00 AM,ATENDIDO,2024-01-10T00:00:00.000,INCENDIO FORESTAL,INDETERMINADO,CMGRD DE PIEDECUESTA,CDMB,PIEDECUESTA,RURAL,VEREA ROSA BLANCA,0,0.0,0.0,0,0.0,0.0,0.0,5.0,,,,0.0,0.0,0.0,2024-01-10T00:00:00.000,,,El CMGRD reporta la atención y liquidación de un incendio forestal en la vereda la Rosa el cual causó afectación de 5 hectáreas de bosques y pastizales.,REPORTE_DE_EVENTOS_POR_DESASTRES_NATURALES_Y_ANTRÓPICOS_(Histórico)_20260415.csv,EVT00809,2024-01-10,ATENDIDO,2024-01-10,INCENDIO FORESTAL,INDETERMINADO,CMGRD DE PIEDECUESTA,CDMB,PIEDECUESTA,RURAL,VEREA ROSA BLANCA,0.0,0.0,0.0,0,0.0,0.0,0.0,5.0,,,,0.0,0.0,0.0,2024-01-10,,,El CMGRD reporta la atención y liquidación de un incendio forestal en la vereda la Rosa el cual causó afectación de 5 hectáreas de bosques y pastizales.,2024-01-01,0.0,0.0,0.0,True,Responded to,Forest fire,Undetermined,Municipal Disaster Risk Management Council of Piedecuesta,CDMB Environmental Authority,Piedecuesta,Rural,Verea Rosa Blanca,Not reported,Not reported,False,,other,Other or unclassified,Agricultural or land impact recorded
2024 Jan 10 12:00:00 AM,ATENDIDO,2024-01-10T00:00:00.000,DESABASTECIMIENTO,FENOMENO DEL NIÑO,CMGRD DE VILLANUEVA,CAS,VILLANUEVA,URBANO Y RURAL,TODA LA JURISDICCION,"4,000",0.0,0.0,1,0.0,0.0,0.0,0.0,,,,0.0,0.0,0.0,2024-01-10T00:00:00.000,,,El CMGRD  reporta desabastecimiento de agua en 6 veredas se coordina transporte de agua a través de carro tanques de la CAS y el ejercito,REPORTE_DE_EVENTOS_POR_DESASTRES_NATURALES_Y_ANTRÓPICOS_(Histórico)_20260415.csv,EVT00810,2024-01-10,ATENDIDO,2024-01-10,DESABASTECIMIENTO,FENOMENO DEL NIÑO,CMGRD DE VILLANUEVA,CAS,VILLANUEVA,URBANO Y RURAL,TODA LA JURISDICCION,4.0,0.0,0.0,1,0.0,0.0,0.0,0.0,,,,0.0,0.0,0.0,2024-01-10,,,El CMGRD reporta desabastecimiento de agua en 6 veredas se coordina transporte de agua a través de carro tanques de la CAS y el ejercito,2024-01-01,0.0,0.0,1.0,True,Responded to,Supply shortage,El Nino phenomenon,Municipal Disaster Risk Management Council of Villanueva,CAS Environmental Authority,Villanueva,Urban and rural,Entire jurisdiction,Not reported,Not reported,False,,hydrometeorological,Hydrometeorological,Infrastructure damage recorded
2024 Jan 10 12:00:00 AM,ATENDIDO,2024-01-10T00:00:00.000,INCENDIO FORESTAL,INDETERMINADO,BOMBEROS DE BARBOSA,CAS,BARBOSA,RURAL,VEREDA SANTA ROSA ALTO,0,0.0,0.0,0,0.0,0.0,0.0,3.0,,,,0.0,0.0,0.0,2024-01-10T00:00:00.000,,,"El comandante de bomberos reporta la atención de un incendio forestal en la vereda Santa Rosa Alto, el cual causa afectación a 3 hectáreas de pastizales y bosques. Estado LIQUIDADO",REPORTE_DE_EVENTOS_POR_DESASTRES_NATURALES_Y_ANTRÓPICOS_(Histórico)_20260415.csv,EVT00811,2024-01-10,ATENDIDO,2024-01-10,INCENDIO FORESTAL,INDETERMINADO,BOMBEROS DE BARBOSA,CAS,BARBOSA,RURAL,VEREDA SANTA ROSA ALTO,0.0,0.0,0.0,0,0.0,0.0,0.0,3.0,,,,0.0,0.0,0.0,2024-01-10,,,"El comandante de bomberos reporta la atención de un incendio forestal en la vereda Santa Rosa Alto, el cual causa afectación a 3 hectáreas de pastizales y bosques. Estado LIQUIDADO",2024-01-01,0.0,0.0,0.0,True,Responded to,Forest fire,Undetermined,Fire Department of Barbosa,CAS Environmental Authority,Barbosa,Rural,Rural Hamlet Santa Rosa Alto,Not reported,Not reported,False,,other,Other or unclassified,Agricultural or land impact recorded
2024 Jan 11 12:00:00 AM,ATENDIDO,2024-01-11T00:00:00.000,INCENDIO FORESTAL,INDETERMINADO,CMGRD DE PIEDECUESTA,CDMB,PIEDECUESTA,RURAL,VEREDA EL MANGLE,0,0.0,0.0,0,0.0,0.0,0.0,30.0,,,,0.0,0.0,0.0,2024-01-11T00:00:00.000,,,"El CMGRD  reporta la atención de un incendio forestal en la vereda el Mangle atendido por bomberos voluntarios, apoyo de PONALSAR y el pelotón de ingenieros militares en emergencias No. 81, afectación de 30 hectáreas de bosques y pastizales estado LIQUIDADO",REPORTE_DE_EVENTOS_POR_DESASTRES_NATURALES_Y_ANTRÓPICOS_(Histórico)_20260415.csv,EVT00812,2024-01-11,ATENDIDO,2024-01-11,INCENDIO FORESTAL,INDETERMINADO,CMGRD DE PIEDECUESTA,CDMB,PIEDECUESTA,RURAL,VEREDA EL MANGLE,0.0,0.0,0.0,0,0.0,0.0,0.0,30.0,,,,0.0,0.0,0.0,2024-01-11,,,"El CMGRD reporta la atención de un incendio forestal en la vereda el Mangle atendido por bomberos voluntarios, apoyo de PONALSAR y el pelotón de ingenieros militares en emergencias No. 81, afectación de 30 hectáreas de bosques y pastizales estado LIQUIDADO",2024-01-01,0.0,0.0,0.0,True,Responded to,Forest fire,Undetermined,Municipal Disaster Risk Management Council of Piedecuesta,CDMB Environmental Authority,Piedecuesta,Rural,Rural Hamlet the Mangle,Not reported,Not reported,False,,other,Other or unclassified,Agricultural or land impact recorded
2024 Jan 11 12:00:00 AM,ATENDIDO,2024-01-11T00:00:00.000,INCENDIO FORESTAL,INDETERMINADO,CMGRD DEL PLAYON,CDMB,EL PLAYON,RURAL,VEREDA CACHIRICITO ALTO,0,0.0,0.0,0,0.0,0.0,0.0,6.0,,,,0.0,0.0,0.0,2024-01-11T00:00:00.000,,,"El CMGRD reporta la atención de un incendio forestal en la vereda Cachiricito Alto, atendido por bomberos voluntarios y apoyo de la comunidad. Afectación de 6 hectáreas de bosque nativo. Estado LIQUIDADO",REPORTE_DE_EVENTOS_POR_DESASTRES_NATURALES_Y_ANTRÓPICOS_(Histórico)_20260415.csv,EVT00813,2024-01-11,ATENDIDO,2024-01-11,INCENDIO FORESTAL,INDETERMINADO,CMGRD DEL PLAYON,CDMB,EL PLAYON,RURAL,VEREDA CACHIRICITO ALTO,0.0,0.0,0.0,0,0.0,0.0,0.0,6.0,,,,0.0,0.0,0.0,2024-01-11,,,"El CMGRD reporta la atención de un incendio forestal en la vereda Cachiricito Alto, atendido por bomberos voluntarios y apoyo de la comunidad. Afectación de 6 hectáreas de bosque nativo. Estado LIQUIDADO",2024-01-01,0.0,0.0,0.0,True,Responded to,Forest fire,Undetermined,Municipal Disaster Risk Management Council of the Playon,CDMB Environmental Authority,El Playon,Rural,Rural Hamlet Cachiricito Alto,Not reported,Not reported,False,,other,Other or unclassified,Agricultural or land impact recorded
2024 Jan 11 12:00:00 AM,ATENDIDO,2024-01-11T00:00:00.000,INCENDIO FORESTAL,INDETERMINADO,BOMBERODE MOLAGAVITA,CAS,MOLAGAVITA,RURAL,VEREDA EL CANEY,0,0.0,0.0,0,0.0,0.0,0.0,6.0,,,,0.0,0.0,0.0,2024-01-11T00:00:00.000,,,"El CMGRD reporta la atención de un incendio forestal en la vereda el Caney, atendido por bomberos voluntarios y apoyo de la comunidad. Afectación de 6 hectáreas de bosque nativo. Estado LIQUIDADO",REPORTE_DE_EVENTOS_POR_DESASTRES_NATURALES_Y_ANTRÓPICOS_(Histórico)_20260415.csv,EVT00814,2024-01-11,ATENDIDO,2024-01-11,INCENDIO FORESTAL,INDETERMINADO,BOMBERODE MOLAGAVITA,CAS,MOLAGAVITA,RURAL,VEREDA EL CANEY,0.0,0.0,0.0,0,0.0,0.0,0.0,6.0,,,,0.0,0.0,0.0,2024-01-11,,,"El CMGRD reporta la atención de un incendio forestal en la vereda el Caney, atendido por bomberos voluntarios y apoyo de la comunidad. Afectación de 6 hectáreas de bosque nativo. Estado LIQUIDADO",2024-01-01,0.0,0.0,0.0,True,Responded to,Forest fire,Undetermined,Bomberode Molagavita,CAS Environmental Authority,Molagavita,Rural,Rural Hamlet the Caney,Not reported,Not reported,False,,other,Other or unclassified,Agricultural or land impact recorded
2024 Jan 11 12:00:00 AM,ATENDIDO,2024-01-11T00:00:00.000,DESABASTECIMIENTO,FENOMENO DEL NIÑO,CMGRD ARATOCA,CAS,ARATOCA,URBANO Y RURAL,TODA LA JURISDICCION,"1,000",0.0,0.0,0,0.0,0.0,0.0,0.0,,,,0.0,0.0,0.0,2024-01-11T00:00:00.000,,,"el CMGRD reporta: desde los primeros dias de enero la temporada seca asociada al Fenomeno del Nño a causado disminucion considerable en las fuentes de agua del municipio y se presenta desabasteccimiento de agua, se activo el plan de contingencia y se declaro calamidad publica para gestionar apoyos con carrotanques ante la OGRD Y UNGRD",REPORTE_DE_EVENTOS_POR_DESASTRES_NATURALES_Y_ANTRÓPICOS_(Histórico)_20260415.csv,EVT00815,2024-01-11,ATENDIDO,2024-01-11,DESABASTECIMIENTO,FENOMENO DEL NIÑO,CMGRD ARATOCA,CAS,ARATOCA,URBANO Y RURAL,TODA LA JURISDICCION,1.0,0.0,0.0,0,0.0,0.0,0.0,0.0,,,,0.0,0.0,0.0,2024-01-11,,,"el CMGRD reporta: desde los primeros dias de enero la temporada seca asociada al Fenomeno del Nño a causado disminucion considerable en las fuentes de agua del municipio y se presenta desabasteccimiento de agua, se activo el plan de contingencia y se declaro calamidad publica para gestionar apoyos con carrotanques ante la OGRD Y UNGRD",2024-01-01,0.0,0.0,0.0,False,Responded to,Supply shortage,El Nino phenomenon,Municipal Disaster Risk Management Council Aratoca,CAS Environmental Authority,Aratoca,Urban and rural,Entire jurisdiction,Not reported,Not reported,False,,hydrometeorological,Hydrometeorological,No quantified impact recorded
2024 Jan 11 12:00:00 AM,ATENDIDO,2024-04-11T00:00:00.000,INCENDIO FORESTAL,INDETERMINADO,BOMBEROS DE CARCASI,CAS,CARCASI,RURAL,VEREDA LOMA DEL BARCO,0,0.0,0.0,0,0.0,0.0,0.0,4.0,,,,0.0,0.0,0.0,2024-01-11T00:00:00.000,,,"el comandante de bomberos reporta la atencion de un incendio forestal en la vereda loma del Barco, atendido por bomberos y apoyo de la comunidad, afectacion de 4 hectareas de bosques y pastizales",REPORTE_DE_EVENTOS_POR_DESASTRES_NATURALES_Y_ANTRÓPICOS_(Histórico)_20260415.csv,EVT00816,2024-01-11,ATENDIDO,2024-04-11,INCENDIO FORESTAL,INDETERMINADO,BOMBEROS DE CARCASI,CAS,CARCASI,RURAL,VEREDA LOMA DEL BARCO,0.0,0.0,0.0,0,0.0,0.0,0.0,4.0,,,,0.0,0.0,0.0,2024-01-11,,,"el comandante de bomberos reporta la atencion de un incendio forestal en la vereda loma del Barco, atendido por bomberos y apoyo de la comunidad, afectacion de 4 hectareas de bosques y pastizales",2024-01-01,0.0,0.0,0.0,True,Responded to,Forest fire,Undetermined,Fire Department of Carcasi,CAS Environmental Authority,Carcasi,Rural,Rural Hamlet Loma of the Barco,Not reported,Not reported,False,,other,Other or unclassified,Agricultural or land impact recorded
2024 Jan 16 12:00:00 AM,ATENDIDO,2024-01-16T00:00:00.000,INCENDIO FORESTAL,INDETERMINADO,CMGRD DE ARATOCA,CAS,ARATOCA,RURAL,VEREDA EL PICACHO Y EL ZAQUE,0,0.0,0.0,0,0.0,0.0,0.0,5.0,,,,0.0,0.0,0.0,2024-01-16T00:00:00.000,,,"el alcalde municipal reporta atencion de incendio forestal en las vereda el Zaque y el Picacho, atendido por el cuerpo de bomberos y la comunidad, afectacion de 10 hectareas de bosque nativo. Estado LIQUIDADO",REPORTE_DE_EVENTOS_POR_DESASTRES_NATURALES_Y_ANTRÓPICOS_(Histórico)_20260415.csv,EVT00817,2024-01-16,ATENDIDO,2024-01-16,INCENDIO FORESTAL,INDETERMINADO,CMGRD DE ARATOCA,CAS,ARATOCA,RURAL,VEREDA EL PICACHO Y EL ZAQUE,0.0,0.0,0.0,0,0.0,0.0,0.0,5.0,,,,0.0,0.0,0.0,2024-01-16,,,"el alcalde municipal reporta atencion de incendio forestal en las vereda el Zaque y el Picacho, atendido por el cuerpo de bomberos y la comunidad, afectacion de 10 hectareas de bosque nativo. Estado LIQUIDADO",2024-01-01,0.0,0.0,0.0,True,Responded to,Forest fire,Undetermined,Municipal Disaster Risk Management Council of Aratoca,CAS Environmental Authority,Aratoca,Rural,Rural Hamlet the Picacho and the Zaque,Not reported,Not reported,False,,other,Other or unclassified,Agricultural or land impact recorded
2024 Jan 16 12:00:00 AM,ATENDIDO,2024-01-16T00:00:00.000,INCENDIO FORESTAL,INDETERMINADO,BOMBEROS DE FLORIDABLANCA,CDMB,FLORIDABLANCA,URBANO,BARRIO BELLA VISTA Y 3 ASENTAMIENTOS,0,0.0,0.0,0,0.0,0.0,0.0,3.0,,,,0.0,0.0,0.0,2024-01-16T00:00:00.000,,,"el comandante de guarda de bomberos de floridablanca reporta la atencion de un incendio forestal en el barrio bella vista atendido por 4 maquinas y 12 unidades, afectacion de 2 hectareas de pastizales y bosques",REPORTE_DE_EVENTOS_POR_DESASTRES_NATURALES_Y_ANTRÓPICOS_(Histórico)_20260415.csv,EVT00818,2024-01-16,ATENDIDO,2024-01-16,INCENDIO FORESTAL,INDETERMINADO,BOMBEROS DE FLORIDABLANCA,CDMB,FLORIDABLANCA,URBANO,BARRIO BELLA VISTA Y 3 ASENTAMIENTOS,0.0,0.0,0.0,0,0.0,0.0,0.0,3.0,,,,0.0,0.0,0.0,2024-01-16,,,"el comandante de guarda de bomberos de floridablanca reporta la atencion de un incendio forestal en el barrio bella vista atendido por 4 maquinas y 12 unidades, afectacion de 2 hectareas de pastizales y bosques",2024-01-01,0.0,0.0,0.0,True,Responded to,Forest fire,Undetermined,Fire Department of Floridablanca,CDMB Environmental Authority,Floridablanca,Urban,Neighborhood Bella Vista and 3 Asentamientos,Not reported,Not reported,False,,other,Other or unclassified,Agricultural or land impact recorded
2024 Jan 16 12:00:00 AM,ATENDIDO,2024-01-16T00:00:00.000,INCENDIO FORESTAL,INDETERMINADO,BOMBEROS DE FLORIDABLANCA,CDMB,GIRON,RURAL,VEREDA CHOCA,0,0.0,0.0,0,0.0,0.0,0.0,6.0,,,,0.0,0.0,0.0,2024-01-16T00:00:00.000,,,"el comandante de guarda de bomberos de floridablanca reporta la atencion de un incendio forestal en en la vereda Chocoa de Giron atendido por 2 maquinas y 10 unidades, afectacion de 6 hectareas de pastizales y bosques, estado LIQUIDADO",REPORTE_DE_EVENTOS_POR_DESASTRES_NATURALES_Y_ANTRÓPICOS_(Histórico)_20260415.csv,EVT00819,2024-01-16,ATENDIDO,2024-01-16,INCENDIO FORESTAL,INDETERMINADO,BOMBEROS DE FLORIDABLANCA,CDMB,GIRON,RURAL,VEREDA CHOCA,0.0,0.0,0.0,0,0.0,0.0,0.0,6.0,,,,0.0,0.0,0.0,2024-01-16,,,"el comandante de guarda de bomberos de floridablanca reporta la atencion de un incendio forestal en en la vereda Chocoa de Giron atendido por 2 maquinas y 10 unidades, afectacion de 6 hectareas de pastizales y bosques, estado LIQUIDADO",2024-01-01,0.0,0.0,0.0,True,Responded to,Forest fire,Undetermined,Fire Department of Floridablanca,CDMB Environmental Authority,Giron,Rural,Rural Hamlet Choca,Not reported,Not reported,False,,other,Other or unclassified,Agricultural or land impact recorded
2024 Jan 18 12:00:00 AM,ATENDIDO,2024-01-18T00:00:00.000,INCENDIO FORESTAL,INDETERMINADO,BOMBEROS DE MALAGA,CAS,MALAGA,RURAL,VEREDA EL LAVADERO,0,0.0,0.0,0,0.0,0.0,0.0,8.0,,,,0.0,0.0,0.0,2024-01-18T00:00:00.000,,,"el comandante de bomberos reporta la atencion de un incendio forestal en la vereda lavaderos atendido por una maquina y 5 unidades, afectacion de 8 hectareas de bosques",REPORTE_DE_EVENTOS_POR_DESASTRES_NATURALES_Y_ANTRÓPICOS_(Histórico)_20260415.csv,EVT00820,2024-01-18,ATENDIDO,2024-01-18,INCENDIO FORESTAL,INDETERMINADO,BOMBEROS DE MALAGA,CAS,MALAGA,RURAL,VEREDA EL LAVADERO,0.0,0.0,0.0,0,0.0,0.0,0.0,8.0,,,,0.0,0.0,0.0,2024-01-18,,,"el comandante de bomberos reporta la atencion de un incendio forestal en la vereda lavaderos atendido por una maquina y 5 unidades, afectacion de 8 hectareas de bosques",2024-01-01,0.0,0.0,0.0,True,Responded to,Forest fire,Undetermined,Fire Department of Malaga,CAS Environmental Authority,Malaga,Rural,Rural Hamlet the Lavadero,Not reported,Not reported,False,,other,Other or unclassified,Agricultural or land impact recorded
2024 Jan 18 12:00:00 AM,ATENDIDO,2024-01-18T00:00:00.000,DESABASTECIMIENTO,FENOMENO DEL NIÑO,CMGRD EL GUACAMAYO,CAS,EL GUACAMAYO,URBANO Y RURAL,TODA LA JURISDICCION,300,0.0,0.0,1,0.0,0.0,0.0,0.0,,,,0.0,0.0,0.0,2024-01-18T00:00:00.000,,,"el CMGRD reporta: desde los primeros dias de enero la temporada seca asociada al Fenomeno del Nño a causado disminucion considerable en las fuentes de agua del municipio y se presenta desabasteccimiento de agua, se activo el plan de contingencia y se declaro calamidad publica para gestionar apoyos con carrotanques ante la OGRD Y UNGRD",REPORTE_DE_EVENTOS_POR_DESASTRES_NATURALES_Y_ANTRÓPICOS_(Histórico)_20260415.csv,EVT00821,2024-01-18,ATENDIDO,2024-01-18,DESABASTECIMIENTO,FENOMENO DEL NIÑO,CMGRD EL GUACAMAYO,CAS,EL GUACAMAYO,URBANO Y RURAL,TODA LA JURISDICCION,300.0,0.0,0.0,1,0.0,0.0,0.0,0.0,,,,0.0,0.0,0.0,2024-01-18,,,"el CMGRD reporta: desde los primeros dias de enero la temporada seca asociada al Fenomeno del Nño a causado disminucion considerable en las fuentes de agua del municipio y se presenta desabasteccimiento de agua, se activo el plan de contingencia y se declaro calamidad publica para gestionar apoyos con carrotanques ante la OGRD Y UNGRD",2024-01-01,0.0,0.0,1.0,True,Responded to,Supply shortage,El Nino phenomenon,Municipal Disaster Risk Management Council the Guacamayo,CAS Environmental Authority,El Guacamayo,Urban and rural,Entire jurisdiction,Not reported,Not reported,False,,hydrometeorological,Hydrometeorological,Infrastructure damage recorded
2024 Jan 18 12:00:00 AM,ATENDIDO,2024-01-18T00:00:00.000,DESABASTECIMIENTO,FENOMENO DEL NIÑO,CMGRD LOS SANTOS,CAS,LOS SANTOS,URBANO Y RURAL,TODA LA JURISDICCION,600,0.0,0.0,1,0.0,0.0,0.0,0.0,,,,0.0,0.0,0.0,2024-01-18T00:00:00.000,,,"el CMGRD reporta: desde los primeros dias de enero la temporada seca asociada al Fenomeno del Nño a causado disminucion considerable en las fuentes de agua del municipio y se presenta desabasteccimiento de agua, se activo el plan de contingencia y se declaro calamidad publica para gestionar apoyos con carrotanques ante la OGRD Y UNGRD",REPORTE_DE_EVENTOS_POR_DESASTRES_NATURALES_Y_ANTRÓPICOS_(Histórico)_20260415.csv,EVT00822,2024-01-18,ATENDIDO,2024-01-18,DESABASTECIMIENTO,FENOMENO DEL NIÑO,CMGRD LOS SANTOS,CAS,LOS SANTOS,URBANO Y RURAL,TODA LA JURISDICCION,600.0,0.0,0.0,1,0.0,0.0,0.0,0.0,,,,0.0,0.0,0.0,2024-01-18,,,"el CMGRD reporta: desde los primeros dias de enero la temporada seca asociada al Fenomeno del Nño a causado disminucion considerable en las fuentes de agua del municipio y se presenta desabasteccimiento de agua, se activo el plan de contingencia y se declaro calamidad publica para gestionar apoyos con carrotanques ante la OGRD Y UNGRD",2024-01-01,0.0,0.0,1.0,True,Responded to,Supply shortage,El Nino phenomenon,Municipal Disaster Risk Management Council Los Santos,CAS Environmental Authority,Los Santos,Urban and rural,Entire jurisdiction,Not reported,Not reported,False,,hydrometeorological,Hydrometeorological,Infrastructure damage recorded
2024 Jan 18 12:00:00 AM,ATENDIDO,2024-01-18T00:00:00.000,DESABASTECIMIENTO,FENOMENO DEL NIÑO,CMGRD LOS GUAPOTA,CAS,GUAPOTA,URBANO Y RURAL,TODA LA JURISDICCION,200,0.0,0.0,1,0.0,0.0,0.0,0.0,,,,0.0,0.0,0.0,2024-01-18T00:00:00.000,,,"el CMGRD reporta: desde los primeros dias de enero la temporada seca asociada al Fenomeno del Nño a causado disminucion considerable en las fuentes de agua del municipio y se presenta desabasteccimiento de agua, se activo el plan de contingencia y se declaro calamidad publica para gestionar apoyos con carrotanques ante la OGRD Y UNGRD",REPORTE_DE_EVENTOS_POR_DESASTRES_NATURALES_Y_ANTRÓPICOS_(Histórico)_20260415.csv,EVT00823,2024-01-18,ATENDIDO,2024-01-18,DESABASTECIMIENTO,FENOMENO DEL NIÑO,CMGRD LOS GUAPOTA,CAS,GUAPOTA,URBANO Y RURAL,TODA LA JURISDICCION,200.0,0.0,0.0,1,0.0,0.0,0.0,0.0,,,,0.0,0.0,0.0,2024-01-18,,,"el CMGRD reporta: desde los primeros dias de enero la temporada seca asociada al Fenomeno del Nño a causado disminucion considerable en las fuentes de agua del municipio y se presenta desabasteccimiento de agua, se activo el plan de contingencia y se declaro calamidad publica para gestionar apoyos con carrotanques ante la OGRD Y UNGRD",2024-01-01,0.0,0.0,1.0,True,Responded to,Supply shortage,El Nino phenomenon,Municipal Disaster Risk Management Council Los Guapota,CAS Environmental Authority,Guapota,Urban and rural,Entire jurisdiction,Not reported,Not reported,False,,hydrometeorological,Hydrometeorological,Infrastructure damage recorded
2024 Jan 18 12:00:00 AM,ATENDIDO,2024-01-18T00:00:00.000,DESABASTECIMIENTO,FENOMENO DEL NIÑO,CMGRD DE VELEZ,CAS,VELEZ,URBANO Y RURAL,TODA LA JURISDICCION,500,0.0,0.0,1,0.0,0.0,0.0,0.0,,,,0.0,0.0,0.0,2024-01-18T00:00:00.000,,,"el CMGRD reporta: desde los primeros dias de enero la temporada seca asociada al Fenomeno del Nño a causado disminucion considerable en las fuentes de agua del municipio y se presenta desabasteccimiento de agua, se activo el plan de contingencia y se declaro calamidad publica para gestionar apoyos con carrotanques ante la OGRD Y UNGRD",REPORTE_DE_EVENTOS_POR_DESASTRES_NATURALES_Y_ANTRÓPICOS_(Histórico)_20260415.csv,EVT00824,2024-01-18,ATENDIDO,2024-01-18,DESABASTECIMIENTO,FENOMENO DEL NIÑO,CMGRD DE VELEZ,CAS,VELEZ,URBANO Y RURAL,TODA LA JURISDICCION,500.0,0.0,0.0,1,0.0,0.0,0.0,0.0,,,,0.0,0.0,0.0,2024-01-18,,,"el CMGRD reporta: desde los primeros dias de enero la temporada seca asociada al Fenomeno del Nño a causado disminucion considerable en las fuentes de agua del municipio y se presenta desabasteccimiento de agua, se activo el plan de contingencia y se declaro calamidad publica para gestionar apoyos con carrotanques ante la OGRD Y UNGRD",2024-01-01,0.0,0.0,1.0,True,Responded to,Supply shortage,El Nino phenomenon,Municipal Disaster Risk Management Council of Velez,CAS Environmental Authority,Velez,Urban and rural,Entire jurisdiction,Not reported,Not reported,False,,hydrometeorological,Hydrometeorological,Infrastructure damage recorded
2024 Jan 18 12:00:00 AM,ATENDIDO,2024-01-18T00:00:00.000,DESABASTECIMIENTO,FENOMENO DEL NIÑO,CMGRD CONFINES,CAS,CONFINES,URBANO Y RURAL,TODA LA JURISDICCION,250,0.0,0.0,1,0.0,0.0,0.0,0.0,,,,0.0,0.0,0.0,2024-01-18T00:00:00.000,,,"el CMGRD reporta: desde los primeros dias de enero la temporada seca asociada al Fenomeno del Nño a causado disminucion considerable en las fuentes de agua del municipio y se presenta desabasteccimiento de agua, se activo el plan de contingencia y se declaro calamidad publica para gestionar apoyos con carrotanques ante la OGRD Y UNGRD",REPORTE_DE_EVENTOS_POR_DESASTRES_NATURALES_Y_ANTRÓPICOS_(Histórico)_20260415.csv,EVT00825,2024-01-18,ATENDIDO,2024-01-18,DESABASTECIMIENTO,FENOMENO DEL NIÑO,CMGRD CONFINES,CAS,CONFINES,URBANO Y RURAL,TODA LA JURISDICCION,250.0,0.0,0.0,1,0.0,0.0,0.0,0.0,,,,0.0,0.0,0.0,2024-01-18,,,"el CMGRD reporta: desde los primeros dias de enero la temporada seca asociada al Fenomeno del Nño a causado disminucion considerable en las fuentes de agua del municipio y se presenta desabasteccimiento de agua, se activo el plan de contingencia y se declaro calamidad publica para gestionar apoyos con carrotanques ante la OGRD Y UNGRD",2024-01-01,0.0,0.0,1.0,True,Responded to,Supply shortage,El Nino phenomenon,Municipal Disaster Risk Management Council Confines,CAS Environmental Authority,Confines,Urban and rural,Entire jurisdiction,Not reported,Not reported,False,,hydrometeorological,Hydrometeorological,Infrastructure damage recorded
2024 Jan 18 12:00:00 AM,ATENDIDO,2024-01-18T00:00:00.000,DESABASTECIMIENTO,FENOMENO DEL NIÑO,CMGRD BETULIA,CAS,BETULIA,URBANO Y RURAL,TODA LA JURISDICCION,300,0.0,0.0,1,0.0,0.0,0.0,0.0,,,,0.0,0.0,0.0,2024-01-18T00:00:00.000,,,"el CMGRD reporta: desde los primeros dias de enero la temporada seca asociada al Fenomeno del Nño a causado disminucion considerable en las fuentes de agua del municipio y se presenta desabasteccimiento de agua, se activo el plan de contingencia y se declaro calamidad publica para gestionar apoyos con carrotanques ante la OGRD Y UNGRD",REPORTE_DE_EVENTOS_POR_DESASTRES_NATURALES_Y_ANTRÓPICOS_(Histórico)_20260415.csv,EVT00826,2024-01-18,ATENDIDO,2024-01-18,DESABASTECIMIENTO,FENOMENO DEL NIÑO,CMGRD BETULIA,CAS,BETULIA,URBANO Y RURAL,TODA LA JURISDICCION,300.0,0.0,0.0,1,0.0,0.0,0.0,0.0,,,,0.0,0.0,0.0,2024-01-18,,,"el CMGRD reporta: desde los primeros dias de enero la temporada seca asociada al Fenomeno del Nño a causado disminucion considerable en las fuentes de agua del municipio y se presenta desabasteccimiento de agua, se activo el plan de contingencia y se declaro calamidad publica para gestionar apoyos con carrotanques ante la OGRD Y UNGRD",2024-01-01,0.0,0.0,1.0,True,Responded to,Supply shortage,El Nino phenomenon,Municipal Disaster Risk Management Council Betulia,CAS Environmental Authority,Betulia,Urban and rural,Entire jurisdiction,Not reported,Not reported,False,,hydrometeorological,Hydrometeorological,Infrastructure damage recorded
2024 Jan 18 12:00:00 AM,ATENDIDO,2024-01-18T00:00:00.000,DESABASTECIMIENTO,FENOMENO DEL NIÑO,CMGRD SUAITA,CAS,SUAITA,URBANO Y RURAL,TODA LA JURISDICCION,250,0.0,0.0,1,0.0,0.0,0.0,0.0,,,,0.0,0.0,0.0,2024-01-18T00:00:00.000,,,"el CMGRD reporta: desde los primeros dias de enero la temporada seca asociada al Fenomeno del Nño a causado disminucion considerable en las fuentes de agua del municipio y se presenta desabasteccimiento de agua, se activo el plan de contingencia y se declaro calamidad publica para gestionar apoyos con carrotanques ante la OGRD Y UNGRD",REPORTE_DE_EVENTOS_POR_DESASTRES_NATURALES_Y_ANTRÓPICOS_(Histórico)_20260415.csv,EVT00827,2024-01-18,ATENDIDO,2024-01-18,DESABASTECIMIENTO,FENOMENO DEL NIÑO,CMGRD SUAITA,CAS,SUAITA,URBANO Y RURAL,TODA LA JURISDICCION,250.0,0.0,0.0,1,0.0,0.0,0.0,0.0,,,,0.0,0.0,0.0,2024-01-18,,,"el CMGRD reporta: desde los primeros dias de enero la temporada seca asociada al Fenomeno del Nño a causado disminucion considerable en las fuentes de agua del municipio y se presenta desabasteccimiento de agua, se activo el plan de contingencia y se declaro calamidad publica para gestionar apoyos con carrotanques ante la OGRD Y UNGRD",2024-01-01,0.0,0.0,1.0,True,Responded to,Supply shortage,El Nino phenomenon,Municipal Disaster Risk Management Council Suaita,CAS Environmental Authority,Suaita,Urban and rural,Entire jurisdiction,Not reported,Not reported,False,,hydrometeorological,Hydrometeorological,Infrastructure damage recorded
2024 Jan 18 12:00:00 AM,ATENDIDO,2024-01-18T00:00:00.000,INCENDIO FORESTAL,INDETERMINADO,BOMBEROS DE MALAGA,cas,SAN JOSE DE MIRANDA,RURAL,VEREDA VERSALLES,0,0.0,0.0,0,0.0,0.0,0.0,5.0,,,,0.0,0.0,0.0,2024-01-18T00:00:00.000,,,"el comandante de bomberosde Malaga reporta la atencion de un incendio forestal en la vereda versalle de San Jose de Miranda, atendido por una maquina y 5 unidades, afectacion de 5 hectareas apx.",REPORTE_DE_EVENTOS_POR_DESASTRES_NATURALES_Y_ANTRÓPICOS_(Histórico)_20260415.csv,EVT00828,2024-01-18,ATENDIDO,2024-01-18,INCENDIO FORESTAL,INDETERMINADO,BOMBEROS DE MALAGA,cas,SAN JOSE DE MIRANDA,RURAL,VEREDA VERSALLES,0.0,0.0,0.0,0,0.0,0.0,0.0,5.0,,,,0.0,0.0,0.0,2024-01-18,,,"el comandante de bomberosde Malaga reporta la atencion de un incendio forestal en la vereda versalle de San Jose de Miranda, atendido por una maquina y 5 unidades, afectacion de 5 hectareas apx.",2024-01-01,0.0,0.0,0.0,True,Responded to,Forest fire,Undetermined,Fire Department of Malaga,CAS Environmental Authority,San Jose De Miranda,Rural,Rural Hamlet Versalles,Not reported,Not reported,False,,other,Other or unclassified,Agricultural or land impact recorded
2024 Jan 19 12:00:00 AM,ATENDIDO,2024-01-19T00:00:00.000,INCENDIO FORESTAL,INDETERMINADO,BOMBEROS DE SAN GIL,CAS,SAN GIL,RURAL,VEREDA LOS POZOS,0,0.0,0.0,0,0.0,0.0,0.0,30.0,,,,0.0,0.0,0.0,2024-01-19T00:00:00.000,,,"el comandantde bomberos reporta atencion de un incendio forestal en la vereda los pozos, atendido por 3 maquinas de bomberos, apoyo de bomberos de Barichara, Villanueva, policia nacional y comunidad, afectacion de 30 hectareas de bosques.",REPORTE_DE_EVENTOS_POR_DESASTRES_NATURALES_Y_ANTRÓPICOS_(Histórico)_20260415.csv,EVT00829,2024-01-19,ATENDIDO,2024-01-19,INCENDIO FORESTAL,INDETERMINADO,BOMBEROS DE SAN GIL,CAS,SAN GIL,RURAL,VEREDA LOS POZOS,0.0,0.0,0.0,0,0.0,0.0,0.0,30.0,,,,0.0,0.0,0.0,2024-01-19,,,"el comandantde bomberos reporta atencion de un incendio forestal en la vereda los pozos, atendido por 3 maquinas de bomberos, apoyo de bomberos de Barichara, Villanueva, policia nacional y comunidad, afectacion de 30 hectareas de bosques.",2024-01-01,0.0,0.0,0.0,True,Responded to,Forest fire,Undetermined,Fire Department of San Gil,CAS Environmental Authority,San Gil,Rural,Rural Hamlet Los Pozos,Not reported,Not reported,False,,other,Other or unclassified,Agricultural or land impact recorded
2024 Jan 19 12:00:00 AM,ATENDIDO,2024-01-22T00:00:00.000,INCENDIO FORESTAL,INDETERMINADO,CMGRD DE MOGOTES,CAS,MOGOTES,RURAL,VEREDA SANTA BARBARA,0,0.0,0.0,0,0.0,0.0,0.0,150.0,,,,0.0,0.0,0.0,2024-01-22T00:00:00.000,,,"la alcaldesa municipal Leidy Almenida reporta la aencion de un incendio forestal en la vereda Santa Barbara que a comprometido vegetacion nativa, atiendida por bomberos del municipio, 10 BOMBEROS DE OCAMONTE Y PINCOTE14 VOLUNTARIOS DEFENSA CIVIL DE SAN GI22 SOLDADOS BATALLON CALDASTOTAL SOCORRISTAS 50 de ingenieros militares en atencion de desastres y comuniidad. un ax de 150 hectareas afectadas",REPORTE_DE_EVENTOS_POR_DESASTRES_NATURALES_Y_ANTRÓPICOS_(Histórico)_20260415.csv,EVT00830,2024-01-19,ATENDIDO,2024-01-22,INCENDIO FORESTAL,INDETERMINADO,CMGRD DE MOGOTES,CAS,MOGOTES,RURAL,VEREDA SANTA BARBARA,0.0,0.0,0.0,0,0.0,0.0,0.0,150.0,,,,0.0,0.0,0.0,2024-01-22,,,"la alcaldesa municipal Leidy Almenida reporta la aencion de un incendio forestal en la vereda Santa Barbara que a comprometido vegetacion nativa, atiendida por bomberos del municipio, 10 BOMBEROS DE OCAMONTE Y PINCOTE14 VOLUNTARIOS DEFENSA CIVIL DE SAN GI22 SOLDADOS BATALLON CALDASTOTAL SOCORRISTAS 50 de ingenieros militares en atencion de desastres y comuniidad. un ax de 150 hectareas afectadas",2024-01-01,0.0,0.0,0.0,True,Responded to,Forest fire,Undetermined,Municipal Disaster Risk Management Council of Mogotes,CAS Environmental Authority,Mogotes,Rural,Rural Hamlet Santa Barbara,Not reported,Not reported,False,,other,Other or unclassified,Agricultural or land impact recorded
2024 Jan 20 12:00:00 AM,ATENDIDO,2024-01-22T00:00:00.000,INCENDIO FORESTAL,INDETERMINADO,CMGRD DE PIEDECUES Y FLORIDABLANCA,CDMB,PIEDECUESTA,RURAL,SECTOR CERRO RUITOQUE,0,0.0,0.0,0,0.0,0.0,1.0,350.0,,,,0.0,0.0,0.0,2024-01-20T00:00:00.000,,,"el CMGRD  de Piedecuesta reporta incendio forestal en el sector de la Fonda Paisa que compromete areas rurales de Piedecuesta y Floridablanca, se activan las capacidades de respuesta de los dos municipios bomberos voluntarios, apoyo del batallon de ingenieros militares en atencion de desastres, defensa civil de Piedecuesa y Floridablanca, bomberos oficiales de Bucaramanga, PONALSAR y policia nacional  mas de 15 maquinas contraincendios y 250 hombres en tierra",REPORTE_DE_EVENTOS_POR_DESASTRES_NATURALES_Y_ANTRÓPICOS_(Histórico)_20260415.csv,EVT00831,2024-01-20,ATENDIDO,2024-01-22,INCENDIO FORESTAL,INDETERMINADO,CMGRD DE PIEDECUES Y FLORIDABLANCA,CDMB,PIEDECUESTA,RURAL,SECTOR CERRO RUITOQUE,0.0,0.0,0.0,0,0.0,0.0,1.0,350.0,,,,0.0,0.0,0.0,2024-01-20,,,"el CMGRD de Piedecuesta reporta incendio forestal en el sector de la Fonda Paisa que compromete areas rurales de Piedecuesta y Floridablanca, se activan las capacidades de respuesta de los dos municipios bomberos voluntarios, apoyo del batallon de ingenieros militares en atencion de desastres, defensa civil de Piedecuesa y Floridablanca, bomberos oficiales de Bucaramanga, PONALSAR y policia nacional mas de 15 maquinas contraincendios y 250 hombres en tierra",2024-01-01,0.0,0.0,1.0,True,Responded to,Forest fire,Undetermined,Municipal Disaster Risk Management Council of Piedecues and Floridablanca,CDMB Environmental Authority,Piedecuesta,Rural,Sector Cerro Ruitoque,Not reported,Not reported,False,,other,Other or unclassified,Infrastructure damage recorded
2024 Jan 22 12:00:00 AM,ATENDIDO,2024-01-22T00:00:00.000,DESABASTECIMIENTO,FENOMENO DEL NIÑO,CMGRD SAN BENITO,CAS,SAN BENITO,URBANO Y RURAL,TODA LA JURISDICCION,150,0.0,0.0,1,0.0,0.0,0.0,0.0,,,,0.0,0.0,0.0,2024-01-22T00:00:00.000,,,"el CMGRD reporta: desde los primeros dias de enero la temporada seca asociada al Fenomeno del Nño a causado disminucion considerable en las fuentes de agua del municipio y se presenta desabasteccimiento de agua, se activo el plan de contingencia y se declaro calamidad publica para gestionar apoyos con carrotanques ante la OGRD Y UNGRD",REPORTE_DE_EVENTOS_POR_DESASTRES_NATURALES_Y_ANTRÓPICOS_(Histórico)_20260415.csv,EVT00832,2024-01-22,ATENDIDO,2024-01-22,DESABASTECIMIENTO,FENOMENO DEL NIÑO,CMGRD SAN BENITO,CAS,SAN BENITO,URBANO Y RURAL,TODA LA JURISDICCION,150.0,0.0,0.0,1,0.0,0.0,0.0,0.0,,,,0.0,0.0,0.0,2024-01-22,,,"el CMGRD reporta: desde los primeros dias de enero la temporada seca asociada al Fenomeno del Nño a causado disminucion considerable en las fuentes de agua del municipio y se presenta desabasteccimiento de agua, se activo el plan de contingencia y se declaro calamidad publica para gestionar apoyos con carrotanques ante la OGRD Y UNGRD",2024-01-01,0.0,0.0,1.0,True,Responded to,Supply shortage,El Nino phenomenon,Municipal Disaster Risk Management Council San Benito,CAS Environmental Authority,San Benito,Urban and rural,Entire jurisdiction,Not reported,Not reported,False,,hydrometeorological,Hydrometeorological,Infrastructure damage recorded
2024 Jan 22 12:00:00 AM,ATENDIDO,2024-01-22T00:00:00.000,DESABASTECIMIENTO,FENOMENO DEL NIÑO,CMGRD CAPITANEJO,CAS,CAPITANEJO,URBANO Y RURAL,TODA LA JURISDICCION,350,0.0,0.0,1,0.0,0.0,0.0,0.0,,,,0.0,0.0,0.0,2024-01-22T00:00:00.000,,,"el CMGRD reporta: desde los primeros dias de enero la temporada seca asociada al Fenomeno del Nño a causado disminucion considerable en las fuentes de agua del municipio y se presenta desabasteccimiento de agua, se activo el plan de contingencia y se declaro calamidad publica para gestionar apoyos con carrotanques ante la OGRD Y UNGRD",REPORTE_DE_EVENTOS_POR_DESASTRES_NATURALES_Y_ANTRÓPICOS_(Histórico)_20260415.csv,EVT00833,2024-01-22,ATENDIDO,2024-01-22,DESABASTECIMIENTO,FENOMENO DEL NIÑO,CMGRD CAPITANEJO,CAS,CAPITANEJO,URBANO Y RURAL,TODA LA JURISDICCION,350.0,0.0,0.0,1,0.0,0.0,0.0,0.0,,,,0.0,0.0,0.0,2024-01-22,,,"el CMGRD reporta: desde los primeros dias de enero la temporada seca asociada al Fenomeno del Nño a causado disminucion considerable en las fuentes de agua del municipio y se presenta desabasteccimiento de agua, se activo el plan de contingencia y se declaro calamidad publica para gestionar apoyos con carrotanques ante la OGRD Y UNGRD",2024-01-01,0.0,0.0,1.0,True,Responded to,Supply shortage,El Nino phenomenon,Municipal Disaster Risk Management Council Capitanejo,CAS Environmental Authority,Capitanejo,Urban and rural,Entire jurisdiction,Not reported,Not reported,False,,hydrometeorological,Hydrometeorological,Infrastructure damage recorded
2024 Jan 22 12:00:00 AM,ATENDIDO,2024-01-22T00:00:00.000,DESABASTECIMIENTO,FENOMENO DEL NIÑO,CMGRD SAN VICENTE DE CHUCURI,CAS,SAN VICENTE,URBANO Y RURAL,TODA LA JURISDICCION,500,0.0,0.0,1,0.0,0.0,0.0,0.0,,,,0.0,0.0,0.0,2024-01-22T00:00:00.000,,,"el CMGRD reporta: desde los primeros dias de enero la temporada seca asociada al Fenomeno del Nño a causado disminucion considerable en las fuentes de agua del municipio y se presenta desabasteccimiento de agua, se activo el plan de contingencia y se declaro calamidad publica para gestionar apoyos con carrotanques ante la OGRD Y UNGRD",REPORTE_DE_EVENTOS_POR_DESASTRES_NATURALES_Y_ANTRÓPICOS_(Histórico)_20260415.csv,EVT00834,2024-01-22,ATENDIDO,2024-01-22,DESABASTECIMIENTO,FENOMENO DEL NIÑO,CMGRD SAN VICENTE DE CHUCURI,CAS,SAN VICENTE,URBANO Y RURAL,TODA LA JURISDICCION,500.0,0.0,0.0,1,0.0,0.0,0.0,0.0,,,,0.0,0.0,0.0,2024-01-22,,,"el CMGRD reporta: desde los primeros dias de enero la temporada seca asociada al Fenomeno del Nño a causado disminucion considerable en las fuentes de agua del municipio y se presenta desabasteccimiento de agua, se activo el plan de contingencia y se declaro calamidad publica para gestionar apoyos con carrotanques ante la OGRD Y UNGRD",2024-01-01,0.0,0.0,1.0,True,Responded to,Supply shortage,El Nino phenomenon,Municipal Disaster Risk Management Council San Vicente of Chucuri,CAS Environmental Authority,San Vicente,Urban and rural,Entire jurisdiction,Not reported,Not reported,False,,hydrometeorological,Hydrometeorological,Infrastructure damage recorded
2024 Jan 22 12:00:00 AM,ATENDIDO,2024-01-22T00:00:00.000,DESABASTECIMIENTO,FENOMENO DEL NIÑO,CMGRD DE BARBOSA,CAS,BARBOSA,URBANO Y RURAL,TODA LA JURISDICCION,600,0.0,0.0,1,0.0,0.0,0.0,0.0,,,,0.0,0.0,0.0,2024-01-22T00:00:00.000,,,"el CMGRD reporta: desde los primeros dias de enero la temporada seca asociada al Fenomeno del Nño a causado disminucion considerable en las fuentes de agua del municipio y se presenta desabasteccimiento de agua, se activo el plan de contingencia y se declaro calamidad publica para gestionar apoyos con carrotanques ante la OGRD Y UNGRD",REPORTE_DE_EVENTOS_POR_DESASTRES_NATURALES_Y_ANTRÓPICOS_(Histórico)_20260415.csv,EVT00835,2024-01-22,ATENDIDO,2024-01-22,DESABASTECIMIENTO,FENOMENO DEL NIÑO,CMGRD DE BARBOSA,CAS,BARBOSA,URBANO Y RURAL,TODA LA JURISDICCION,600.0,0.0,0.0,1,0.0,0.0,0.0,0.0,,,,0.0,0.0,0.0,2024-01-22,,,"el CMGRD reporta: desde los primeros dias de enero la temporada seca asociada al Fenomeno del Nño a causado disminucion considerable en las fuentes de agua del municipio y se presenta desabasteccimiento de agua, se activo el plan de contingencia y se declaro calamidad publica para gestionar apoyos con carrotanques ante la OGRD Y UNGRD",2024-01-01,0.0,0.0,1.0,True,Responded to,Supply shortage,El Nino phenomenon,Municipal Disaster Risk Management Council of Barbosa,CAS Environmental Authority,Barbosa,Urban and rural,Entire jurisdiction,Not reported,Not reported,False,,hydrometeorological,Hydrometeorological,Infrastructure damage recorded
2024 Jan 22 12:00:00 AM,ATENDIDO,2024-01-22T00:00:00.000,DESABASTECIMIENTO,FENOMENO DEL NIÑO,CMGRD DE ENCISO,CAS,ENCISO,URBANO Y RURAL,TODA LA JURISDICCION,300,0.0,0.0,1,0.0,0.0,0.0,0.0,,,,0.0,0.0,0.0,2024-01-22T00:00:00.000,,,"el CMGRD reporta: desde los primeros dias de enero la temporada seca asociada al Fenomeno del Nño a causado disminucion considerable en las fuentes de agua del municipio y se presenta desabasteccimiento de agua, se activo el plan de contingencia y se declaro calamidad publica para gestionar apoyos con carrotanques ante la OGRD Y UNGRD",REPORTE_DE_EVENTOS_POR_DESASTRES_NATURALES_Y_ANTRÓPICOS_(Histórico)_20260415.csv,EVT00836,2024-01-22,ATENDIDO,2024-01-22,DESABASTECIMIENTO,FENOMENO DEL NIÑO,CMGRD DE ENCISO,CAS,ENCISO,URBANO Y RURAL,TODA LA JURISDICCION,300.0,0.0,0.0,1,0.0,0.0,0.0,0.0,,,,0.0,0.0,0.0,2024-01-22,,,"el CMGRD reporta: desde los primeros dias de enero la temporada seca asociada al Fenomeno del Nño a causado disminucion considerable en las fuentes de agua del municipio y se presenta desabasteccimiento de agua, se activo el plan de contingencia y se declaro calamidad publica para gestionar apoyos con carrotanques ante la OGRD Y UNGRD",2024-01-01,0.0,0.0,1.0,True,Responded to,Supply shortage,El Nino phenomenon,Municipal Disaster Risk Management Council of Enciso,CAS Environmental Authority,Enciso,Urban and rural,Entire jurisdiction,Not reported,Not reported,False,,hydrometeorological,Hydrometeorological,Infrastructure damage recorded
2024 Jan 22 12:00:00 AM,ATENDIDO,2024-01-22T00:00:00.000,DESABASTECIMIENTO,FENOMENO DEL NIÑO,CMGRD DE GUADALUPE,CAS,GUADALUPE,URBANO Y RURAL,TODA LA JURISDICCION,180,0.0,0.0,1,0.0,0.0,0.0,0.0,,,,0.0,0.0,0.0,2024-01-22T00:00:00.000,,,"el CMGRD reporta: desde los primeros dias de enero la temporada seca asociada al Fenomeno del Nño a causado disminucion considerable en las fuentes de agua del municipio y se presenta desabasteccimiento de agua, se activo el plan de contingencia y se declaro calamidad publica para gestionar apoyos con carrotanques ante la OGRD Y UNGRD",REPORTE_DE_EVENTOS_POR_DESASTRES_NATURALES_Y_ANTRÓPICOS_(Histórico)_20260415.csv,EVT00837,2024-01-22,ATENDIDO,2024-01-22,DESABASTECIMIENTO,FENOMENO DEL NIÑO,CMGRD DE GUADALUPE,CAS,GUADALUPE,URBANO Y RURAL,TODA LA JURISDICCION,180.0,0.0,0.0,1,0.0,0.0,0.0,0.0,,,,0.0,0.0,0.0,2024-01-22,,,"el CMGRD reporta: desde los primeros dias de enero la temporada seca asociada al Fenomeno del Nño a causado disminucion considerable en las fuentes de agua del municipio y se presenta desabasteccimiento de agua, se activo el plan de contingencia y se declaro calamidad publica para gestionar apoyos con carrotanques ante la OGRD Y UNGRD",2024-01-01,0.0,0.0,1.0,True,Responded to,Supply shortage,El Nino phenomenon,Municipal Disaster Risk Management Council of Guadalupe,CAS Environmental Authority,Guadalupe,Urban and rural,Entire jurisdiction,Not reported,Not reported,False,,hydrometeorological,Hydrometeorological,Infrastructure damage recorded
2024 Jan 22 12:00:00 AM,ATENDIDO,2024-01-22T00:00:00.000,DESABASTECIMIENTO,FENOMENO DEL NIÑO,CMGRD DE SABANA DE TORRES,CAS,SABANA DE TORRES,URBANO Y RURAL,TODA LA JURISDICCION,500,0.0,0.0,1,0.0,0.0,0.0,0.0,,,,0.0,0.0,0.0,2024-01-22T00:00:00.000,,,"el CMGRD reporta: desde los primeros dias de enero la temporada seca asociada al Fenomeno del Nño a causado disminucion considerable en las fuentes de agua del municipio y se presenta desabasteccimiento de agua, se activo el plan de contingencia y se declaro calamidad publica para gestionar apoyos con carrotanques ante la OGRD Y UNGRD",REPORTE_DE_EVENTOS_POR_DESASTRES_NATURALES_Y_ANTRÓPICOS_(Histórico)_20260415.csv,EVT00838,2024-01-22,ATENDIDO,2024-01-22,DESABASTECIMIENTO,FENOMENO DEL NIÑO,CMGRD DE SABANA DE TORRES,CAS,SABANA DE TORRES,URBANO Y RURAL,TODA LA JURISDICCION,500.0,0.0,0.0,1,0.0,0.0,0.0,0.0,,,,0.0,0.0,0.0,2024-01-22,,,"el CMGRD reporta: desde los primeros dias de enero la temporada seca asociada al Fenomeno del Nño a causado disminucion considerable en las fuentes de agua del municipio y se presenta desabasteccimiento de agua, se activo el plan de contingencia y se declaro calamidad publica para gestionar apoyos con carrotanques ante la OGRD Y UNGRD",2024-01-01,0.0,0.0,1.0,True,Responded to,Supply shortage,El Nino phenomenon,Municipal Disaster Risk Management Council of Sabana of Torres,CAS Environmental Authority,Sabana De Torres,Urban and rural,Entire jurisdiction,Not reported,Not reported,False,,hydrometeorological,Hydrometeorological,Infrastructure damage recorded
2024 Jan 22 12:00:00 AM,ATENDIDO,2024-01-22T00:00:00.000,DESABASTECIMIENTO,FENOMENO DEL NIÑO,CMGRD DE GUAVATA,CAS,GUAVATA,URBANO Y RURAL,TODA LA JURISDICCION,250,0.0,0.0,1,0.0,0.0,0.0,0.0,,,,0.0,0.0,0.0,2024-01-22T00:00:00.000,,,"el CMGRD reporta: desde los primeros dias de enero la temporada seca asociada al Fenomeno del Nño a causado disminucion considerable en las fuentes de agua del municipio y se presenta desabasteccimiento de agua, se activo el plan de contingencia y se declaro calamidad publica para gestionar apoyos con carrotanques ante la OGRD Y UNGRD",REPORTE_DE_EVENTOS_POR_DESASTRES_NATURALES_Y_ANTRÓPICOS_(Histórico)_20260415.csv,EVT00839,2024-01-22,ATENDIDO,2024-01-22,DESABASTECIMIENTO,FENOMENO DEL NIÑO,CMGRD DE GUAVATA,CAS,GUAVATA,URBANO Y RURAL,TODA LA JURISDICCION,250.0,0.0,0.0,1,0.0,0.0,0.0,0.0,,,,0.0,0.0,0.0,2024-01-22,,,"el CMGRD reporta: desde los primeros dias de enero la temporada seca asociada al Fenomeno del Nño a causado disminucion considerable en las fuentes de agua del municipio y se presenta desabasteccimiento de agua, se activo el plan de contingencia y se declaro calamidad publica para gestionar apoyos con carrotanques ante la OGRD Y UNGRD",2024-01-01,0.0,0.0,1.0,True,Responded to,Supply shortage,El Nino phenomenon,Municipal Disaster Risk Management Council of Guavata,CAS Environmental Authority,Guavata,Urban and rural,Entire jurisdiction,Not reported,Not reported,False,,hydrometeorological,Hydrometeorological,Infrastructure damage recorded
2024 Jan 22 12:00:00 AM,ATENDIDO,2024-01-25T00:00:00.000,INCENDIO FORESTAL,INDETERMINADO,CMGRD DE TONA,CDMB,TONA,RURAL,VEREDA UCATA CERCA AL CERRO DEL PICACHO,0,0.0,0.0,0,0.0,0.0,0.0,330.0,,,,0.0,0.0,0.0,2024-01-22T00:00:00.000,,,"el CMGRD  reporta la atencion de un incendiio forestal en la vereda UCATA cerca al peaje del Picacho en el paramo de Santurban, se atendio con bomberos del munipio y desde la OGRD se articulo apoyo asi: atiende 7 bomberos de Tona apoyo: *Bucaramanga 1 maquina CI 5 Bomberos, 1 dron, Bomberos Piedecuesta: 2 maquia CI,6 bomberos Bomberos Vetas camioneta AR 6 bomberos Bomberos Matanza camioneta AR 4 bombero *Bomberos lebrija 3 bomberos 1 maquina EJERCOL 75 soldado PONAL 20 unidades Brigada acueducto metropolitano 30 brigadistas y 1 carrotanque  defensa civil 50 Alcaldia 50 personas se coordino el apoyo aereo con la UNGRD  asi: Helicóptero civil 1 Helicoptero ejer. 1 Avión. Ponal 1 SE ARTICULO CON LA cdmb LAS ACCIONES DE RECUPERACION,AFECTACION APX. 330 HECTAREAS DE VEGETACION NATIVA DE PARAMO",REPORTE_DE_EVENTOS_POR_DESASTRES_NATURALES_Y_ANTRÓPICOS_(Histórico)_20260415.csv,EVT00840,2024-01-22,ATENDIDO,2024-01-25,INCENDIO FORESTAL,INDETERMINADO,CMGRD DE TONA,CDMB,TONA,RURAL,VEREDA UCATA CERCA AL CERRO DEL PICACHO,0.0,0.0,0.0,0,0.0,0.0,0.0,330.0,,,,0.0,0.0,0.0,2024-01-22,,,"el CMGRD reporta la atencion de un incendiio forestal en la vereda UCATA cerca al peaje del Picacho en el paramo de Santurban, se atendio con bomberos del munipio y desde la OGRD se articulo apoyo asi: atiende 7 bomberos de Tona apoyo: *Bucaramanga 1 maquina CI 5 Bomberos, 1 dron, Bomberos Piedecuesta: 2 maquia CI,6 bomberos Bomberos Vetas camioneta AR 6 bomberos Bomberos Matanza camioneta AR 4 bombero *Bomberos lebrija 3 bomberos 1 maquina EJERCOL 75 soldado PONAL 20 unidades Brigada acueducto metropolitano 30 brigadistas y 1 carrotanque defensa civil 50 Alcaldia 50 personas se coordino el apoyo aereo con la UNGRD asi: Helicóptero civil 1 Helicoptero ejer. 1 Avión. Ponal 1 SE ARTICULO CON LA cdmb LAS ACCIONES DE RECUPERACION,AFECTACION APX. 330 HECTAREAS DE VEGETACION NATIVA DE PARAMO",2024-01-01,0.0,0.0,0.0,True,Responded to,Forest fire,Undetermined,Municipal Disaster Risk Management Council of Tona,CDMB Environmental Authority,Tona,Rural,Rural Hamlet Ucata Cerca Al Cerro of the Picacho,Not reported,Not reported,False,,other,Other or unclassified,Agricultural or land impact recorded
2024 Jan 26 12:00:00 AM,ATENDIDO,2024-01-26T00:00:00.000,INCENDIO FORESTAL,INDETERMINADO,CMGRD DE SUCRE,CAS,SUCRE,RURAL,VEREDA LA SELVA,0,0.0,0.0,0,0.0,0.0,0.0,6.0,,,,0.0,0.0,0.0,2024-01-26T00:00:00.000,,,"el CMGRD  reporta la atencion de un incendio forestal en la vereda la selva, atendico por funcionarios de la alcaldia y apoyo de la comunidad, afectacion de 6 hestareas de bosques",REPORTE_DE_EVENTOS_POR_DESASTRES_NATURALES_Y_ANTRÓPICOS_(Histórico)_20260415.csv,EVT00841,2024-01-26,ATENDIDO,2024-01-26,INCENDIO FORESTAL,INDETERMINADO,CMGRD DE SUCRE,CAS,SUCRE,RURAL,VEREDA LA SELVA,0.0,0.0,0.0,0,0.0,0.0,0.0,6.0,,,,0.0,0.0,0.0,2024-01-26,,,"el CMGRD reporta la atencion de un incendio forestal en la vereda la selva, atendico por funcionarios de la alcaldia y apoyo de la comunidad, afectacion de 6 hestareas de bosques",2024-01-01,0.0,0.0,0.0,True,Responded to,Forest fire,Undetermined,Municipal Disaster Risk Management Council of Sucre,CAS Environmental Authority,Sucre,Rural,Rural Hamlet the Selva,Not reported,Not reported,False,,other,Other or unclassified,Agricultural or land impact recorded
2024 Jan 26 12:00:00 AM,ATENDIDO,2024-01-26T00:00:00.000,INCENDIO FORESTAL,INDETERMINADO,CMGRD DE SUAITA,CAS,SUAITA,RURAL,CORREGIMIENTO BADO REAL,0,0.0,0.0,0,0.0,0.0,0.0,10.0,,,,0.0,0.0,0.0,2024-01-26T00:00:00.000,,,"el CMGRD  reporta la atencion de un incendio forestal en el corregimiento Bado Real, atendido por defensa civil y apoyo de la comunidad,afectacion de 10 hectareas de bosques",REPORTE_DE_EVENTOS_POR_DESASTRES_NATURALES_Y_ANTRÓPICOS_(Histórico)_20260415.csv,EVT00842,2024-01-26,ATENDIDO,2024-01-26,INCENDIO FORESTAL,INDETERMINADO,CMGRD DE SUAITA,CAS,SUAITA,RURAL,CORREGIMIENTO BADO REAL,0.0,0.0,0.0,0,0.0,0.0,0.0,10.0,,,,0.0,0.0,0.0,2024-01-26,,,"el CMGRD reporta la atencion de un incendio forestal en el corregimiento Bado Real, atendido por defensa civil y apoyo de la comunidad,afectacion de 10 hectareas de bosques",2024-01-01,0.0,0.0,0.0,True,Responded to,Forest fire,Undetermined,Municipal Disaster Risk Management Council of Suaita,CAS Environmental Authority,Suaita,Rural,Township Bado Real,Not reported,Not reported,False,,other,Other or unclassified,Agricultural or land impact recorded
2024 Jan 28 12:00:00 AM,ATENDIDO,2024-01-28T00:00:00.000,INCENDIO FORESTAL,INDETERMINADO,CMGRD DE AGUADA,CAS,AGUADA,RURAL,VEREDA SAN ISIDRO LIMITES CON EL MUNICIPIO DE LA PAZA,0,0.0,0.0,0,0.0,0.0,0.0,250.0,,,,0.0,0.0,0.0,2024-01-26T00:00:00.000,,,"el CMGRD  reporta la atencion de un incendio forestal en la vereda san Isidro, limites con el municipio de la Paz, atendido por bomberos de Barbosa, Velez, ejercio batallon de atencion de desastres y comunidad, mas de 100 hombres atendieron la emergencia. afectacion de unas 250 hectareas de vegetacion nativa.",REPORTE_DE_EVENTOS_POR_DESASTRES_NATURALES_Y_ANTRÓPICOS_(Histórico)_20260415.csv,EVT00843,2024-01-28,ATENDIDO,2024-01-28,INCENDIO FORESTAL,INDETERMINADO,CMGRD DE AGUADA,CAS,AGUADA,RURAL,VEREDA SAN ISIDRO LIMITES CON EL MUNICIPIO DE LA PAZA,0.0,0.0,0.0,0,0.0,0.0,0.0,250.0,,,,0.0,0.0,0.0,2024-01-26,,,"el CMGRD reporta la atencion de un incendio forestal en la vereda san Isidro, limites con el municipio de la Paz, atendido por bomberos de Barbosa, Velez, ejercio batallon de atencion de desastres y comunidad, mas de 100 hombres atendieron la emergencia. afectacion de unas 250 hectareas de vegetacion nativa.",2024-01-01,0.0,0.0,0.0,True,Responded to,Forest fire,Undetermined,Municipal Disaster Risk Management Council of Aguada,CAS Environmental Authority,Aguada,Rural,Rural Hamlet San Isidro Limites Con the Municipio of the Paza,Not reported,Not reported,False,,other,Other or unclassified,Agricultural or land impact recorded
2024 Jan 28 12:00:00 AM,ATENDIDO,2024-01-28T00:00:00.000,INCENDIO FORESTAL,INDETERMINADO,BOMBEROS DE CONCEPCION,CAS,CONCEPCION,RURAL,VEREDA TABETA,0,0.0,0.0,0,0.0,0.0,0.0,40.0,,,,0.0,0.0,0.0,2024-01-28T00:00:00.000,,,"el CMGRD  reporta la atencion de un incendio forestal en la vereda Tabeta atendido por bomberos y defensa civil y apoyo de la comunidad,afectacion de 40 hectareas de bosques",REPORTE_DE_EVENTOS_POR_DESASTRES_NATURALES_Y_ANTRÓPICOS_(Histórico)_20260415.csv,EVT00844,2024-01-28,ATENDIDO,2024-01-28,INCENDIO FORESTAL,INDETERMINADO,BOMBEROS DE CONCEPCION,CAS,CONCEPCION,RURAL,VEREDA TABETA,0.0,0.0,0.0,0,0.0,0.0,0.0,40.0,,,,0.0,0.0,0.0,2024-01-28,,,"el CMGRD reporta la atencion de un incendio forestal en la vereda Tabeta atendido por bomberos y defensa civil y apoyo de la comunidad,afectacion de 40 hectareas de bosques",2024-01-01,0.0,0.0,0.0,True,Responded to,Forest fire,Undetermined,Fire Department of Concepcion,CAS Environmental Authority,Concepcion,Rural,Rural Hamlet Tabeta,Not reported,Not reported,False,,other,Other or unclassified,Agricultural or land impact recorded
2024 Jan 29 12:00:00 AM,ATENDIDO,2024-01-29T00:00:00.000,INCENDIO FORESTAL,INDETERMINADO,CMGRD DE RIONEGRO,CDMB,RIONEGRO,RURAL,VEREDA VILLA PAZA LIMITES CON MATANZA,0,0.0,0.0,0,0.0,0.0,0.0,15.0,,,,0.0,0.0,0.0,29//01/2024,,,"el CMGRD  reporta la atencion de un incendio forestal en la vereda Villa Paz limiites con Matanza atendido por bomberos  y apoyo de la comunidad,afectacion de 15  hectareas de bosques",REPORTE_DE_EVENTOS_POR_DESASTRES_NATURALES_Y_ANTRÓPICOS_(Histórico)_20260415.csv,EVT00845,2024-01-29,ATENDIDO,2024-01-29,INCENDIO FORESTAL,INDETERMINADO,CMGRD DE RIONEGRO,CDMB,RIONEGRO,RURAL,VEREDA VILLA PAZA LIMITES CON MATANZA,0.0,0.0,0.0,0,0.0,0.0,0.0,15.0,,,,0.0,0.0,0.0,,,,"el CMGRD reporta la atencion de un incendio forestal en la vereda Villa Paz limiites con Matanza atendido por bomberos y apoyo de la comunidad,afectacion de 15 hectareas de bosques",2024-01-01,0.0,0.0,0.0,True,Responded to,Forest fire,Undetermined,Municipal Disaster Risk Management Council of Rionegro,CDMB Environmental Authority,Rionegro,Rural,Rural Hamlet Villa Paza Limites Con Matanza,Not reported,Not reported,False,,other,Other or unclassified,Agricultural or land impact recorded
2024 Jan 30 12:00:00 AM,ATENDIDO,2024-01-30T00:00:00.000,INCENDIO FORESTAL,INDETERMINADO,CMGRD DE SABANA DE TORRES,CAS,SABANA DE TORRES,RURAL,VEREDA LA FLECHA,0,0.0,0.0,0,0.0,0.0,0.0,10.0,,,,0.0,0.0,0.0,2024-01-30T00:00:00.000,,,"el CMGRD  reporta la atencion de un incendio forestal en la vereda la Flecha atendido por bomberos  y apoyo de la comunidad,afectacion de 10  hectareas de bosques",REPORTE_DE_EVENTOS_POR_DESASTRES_NATURALES_Y_ANTRÓPICOS_(Histórico)_20260415.csv,EVT00846,2024-01-30,ATENDIDO,2024-01-30,INCENDIO FORESTAL,INDETERMINADO,CMGRD DE SABANA DE TORRES,CAS,SABANA DE TORRES,RURAL,VEREDA LA FLECHA,0.0,0.0,0.0,0,0.0,0.0,0.0,10.0,,,,0.0,0.0,0.0,2024-01-30,,,"el CMGRD reporta la atencion de un incendio forestal en la vereda la Flecha atendido por bomberos y apoyo de la comunidad,afectacion de 10 hectareas de bosques",2024-01-01,0.0,0.0,0.0,True,Responded to,Forest fire,Undetermined,Municipal Disaster Risk Management Council of Sabana of Torres,CAS Environmental Authority,Sabana De Torres,Rural,Rural Hamlet the Flecha,Not reported,Not reported,False,,other,Other or unclassified,Agricultural or land impact recorded
2024 Jan 30 12:00:00 AM,ATENDIDO,2024-01-30T00:00:00.000,INCENDIO FORESTAL,INDETERMINADO,CMGRD DE SAN JOAQUIN,CAS,SAN JOAQUIN,RURAL,VEREDA LA AURORA,0,0.0,0.0,0,0.0,0.0,0.0,20.0,,,,0.0,0.0,0.0,2024-01-30T00:00:00.000,,,"el CMGRD  reporta la atencion de un incendio forestal en la vereda la Aurora, atendido por defensa civil, policia nacional y comunidad, afectacion de 20 hectareas de vegetacion nativa",REPORTE_DE_EVENTOS_POR_DESASTRES_NATURALES_Y_ANTRÓPICOS_(Histórico)_20260415.csv,EVT00847,2024-01-30,ATENDIDO,2024-01-30,INCENDIO FORESTAL,INDETERMINADO,CMGRD DE SAN JOAQUIN,CAS,SAN JOAQUIN,RURAL,VEREDA LA AURORA,0.0,0.0,0.0,0,0.0,0.0,0.0,20.0,,,,0.0,0.0,0.0,2024-01-30,,,"el CMGRD reporta la atencion de un incendio forestal en la vereda la Aurora, atendido por defensa civil, policia nacional y comunidad, afectacion de 20 hectareas de vegetacion nativa",2024-01-01,0.0,0.0,0.0,True,Responded to,Forest fire,Undetermined,Municipal Disaster Risk Management Council of San Joaquin,CAS Environmental Authority,San Joaquin,Rural,Rural Hamlet the Aurora,Not reported,Not reported,False,,other,Other or unclassified,Agricultural or land impact recorded
2024 Feb 02 12:00:00 AM,ATENDIDO,2024-02-02T00:00:00.000,INCENDIO FORESTAL,INDETERMINADO,CMGRD DE SUCRE,CAS,SUCRE,RURAL,VEREDA HELECHALES,0,0.0,0.0,0,0.0,0.0,0.0,25.0,,,,0.0,0.0,0.0,2024-02-02T00:00:00.000,,,"EL CMGRD reporta incendio forestal en la vereda Helechales cerca al casco urbano, atendido por policía nacional, funcionarios de la alcaldía y comunidad, , causas en investigación, se coordina apoyo del batallón de ingenieros en atención de desastres y apoyo de un helicóptero con la UNGRD para el control por bomberos voluntarios de Vélez y la Belleza. afectación de 25 hectáreas de bosques y helechos, estado LIQUIDADO",REPORTE_DE_EVENTOS_POR_DESASTRES_NATURALES_Y_ANTRÓPICOS_(Histórico)_20260415.csv,EVT00848,2024-02-02,ATENDIDO,2024-02-02,INCENDIO FORESTAL,INDETERMINADO,CMGRD DE SUCRE,CAS,SUCRE,RURAL,VEREDA HELECHALES,0.0,0.0,0.0,0,0.0,0.0,0.0,25.0,,,,0.0,0.0,0.0,2024-02-02,,,"EL CMGRD reporta incendio forestal en la vereda Helechales cerca al casco urbano, atendido por policía nacional, funcionarios de la alcaldía y comunidad, , causas en investigación, se coordina apoyo del batallón de ingenieros en atención de desastres y apoyo de un helicóptero con la UNGRD para el control por bomberos voluntarios de Vélez y la Belleza. afectación de 25 hectáreas de bosques y helechos, estado LIQUIDADO",2024-02-01,0.0,0.0,0.0,True,Responded to,Forest fire,Undetermined,Municipal Disaster Risk Management Council of Sucre,CAS Environmental Authority,Sucre,Rural,Rural Hamlet Helechales,Not reported,Not reported,False,,other,Other or unclassified,Agricultural or land impact recorded
2024 Feb 02 12:00:00 AM,ATENDIDO,2024-02-02T00:00:00.000,INCENDIO FORESTAL,INDETERMINADO,CMGRD DE GAMBITA,CAS,GAMBITA,RURAL,VEREDA CASCAME,0,0.0,0.0,0,0.0,0.0,0.0,15.0,,,,0.0,0.0,0.0,2024-02-02T00:00:00.000,,,"La CMGRD informa incendio forestal en la vereda San Vicente límites con la vereda Castame, atendió defensa civil, apoyo de funcionarios de la alcaldía y comunidad del sector. Se coordinó apoyo del grupo PONALSAR, afectación de 15 hectáreas de bosques estado LIQUIDADO",REPORTE_DE_EVENTOS_POR_DESASTRES_NATURALES_Y_ANTRÓPICOS_(Histórico)_20260415.csv,EVT00849,2024-02-02,ATENDIDO,2024-02-02,INCENDIO FORESTAL,INDETERMINADO,CMGRD DE GAMBITA,CAS,GAMBITA,RURAL,VEREDA CASCAME,0.0,0.0,0.0,0,0.0,0.0,0.0,15.0,,,,0.0,0.0,0.0,2024-02-02,,,"La CMGRD informa incendio forestal en la vereda San Vicente límites con la vereda Castame, atendió defensa civil, apoyo de funcionarios de la alcaldía y comunidad del sector. Se coordinó apoyo del grupo PONALSAR, afectación de 15 hectáreas de bosques estado LIQUIDADO",2024-02-01,0.0,0.0,0.0,True,Responded to,Forest fire,Undetermined,Municipal Disaster Risk Management Council of Gambita,CAS Environmental Authority,Gambita,Rural,Rural Hamlet Cascame,Not reported,Not reported,False,,other,Other or unclassified,Agricultural or land impact recorded
2024 Feb 08 12:00:00 AM,ATENDIDO,2024-02-08T00:00:00.000,DESABASTECIMIENTO,FENOMENO DEL NIÑO,CMGRD DE SAN  JOAQUIN,CAS,SAN JOAQUIN,URBANO Y RURAL,TODA LA JURISDICCION,180,0.0,0.0,1,0.0,0.0,0.0,0.0,,,,0.0,0.0,0.0,2024-02-08T00:00:00.000,,,"el CMGRD reporta: desde los primeros dias de enero la temporada seca asociada al Fenomeno del Nño a causado disminucion considerable en las fuentes de agua del municipio y se presenta desabasteccimiento de agua, se activo el plan de contingencia y se declaro calamidad publica para gestionar apoyos con carrotanques ante la OGRD Y UNGRD",REPORTE_DE_EVENTOS_POR_DESASTRES_NATURALES_Y_ANTRÓPICOS_(Histórico)_20260415.csv,EVT00850,2024-02-08,ATENDIDO,2024-02-08,DESABASTECIMIENTO,FENOMENO DEL NIÑO,CMGRD DE SAN JOAQUIN,CAS,SAN JOAQUIN,URBANO Y RURAL,TODA LA JURISDICCION,180.0,0.0,0.0,1,0.0,0.0,0.0,0.0,,,,0.0,0.0,0.0,2024-02-08,,,"el CMGRD reporta: desde los primeros dias de enero la temporada seca asociada al Fenomeno del Nño a causado disminucion considerable en las fuentes de agua del municipio y se presenta desabasteccimiento de agua, se activo el plan de contingencia y se declaro calamidad publica para gestionar apoyos con carrotanques ante la OGRD Y UNGRD",2024-02-01,0.0,0.0,1.0,True,Responded to,Supply shortage,El Nino phenomenon,Municipal Disaster Risk Management Council of San Joaquin,CAS Environmental Authority,San Joaquin,Urban and rural,Entire jurisdiction,Not reported,Not reported,False,,hydrometeorological,Hydrometeorological,Infrastructure damage recorded
2024 Feb 08 12:00:00 AM,ATENDIDO,2024-02-08T00:00:00.000,DESABASTECIMIENTO,FENOMENO DEL NIÑO,CMGRD DE PINCHOTE,CAS,PINCHOTE,URBANO Y RURAL,TODA LA JURISDICCION,250,0.0,0.0,1,0.0,0.0,0.0,0.0,,,,0.0,0.0,0.0,2024-02-08T00:00:00.000,,,"el CMGRD reporta: desde los primeros dias de enero la temporada seca asociada al Fenomeno del Nño a causado disminucion considerable en las fuentes de agua del municipio y se presenta desabasteccimiento de agua, se activo el plan de contingencia y se declaro calamidad publica para gestionar apoyos con carrotanques ante la OGRD Y UNGRD",REPORTE_DE_EVENTOS_POR_DESASTRES_NATURALES_Y_ANTRÓPICOS_(Histórico)_20260415.csv,EVT00851,2024-02-08,ATENDIDO,2024-02-08,DESABASTECIMIENTO,FENOMENO DEL NIÑO,CMGRD DE PINCHOTE,CAS,PINCHOTE,URBANO Y RURAL,TODA LA JURISDICCION,250.0,0.0,0.0,1,0.0,0.0,0.0,0.0,,,,0.0,0.0,0.0,2024-02-08,,,"el CMGRD reporta: desde los primeros dias de enero la temporada seca asociada al Fenomeno del Nño a causado disminucion considerable en las fuentes de agua del municipio y se presenta desabasteccimiento de agua, se activo el plan de contingencia y se declaro calamidad publica para gestionar apoyos con carrotanques ante la OGRD Y UNGRD",2024-02-01,0.0,0.0,1.0,True,Responded to,Supply shortage,El Nino phenomenon,Municipal Disaster Risk Management Council of Pinchote,CAS Environmental Authority,Pinchote,Urban and rural,Entire jurisdiction,Not reported,Not reported,False,,hydrometeorological,Hydrometeorological,Infrastructure damage recorded
2024 Feb 08 12:00:00 AM,ATENDIDO,2024-02-08T00:00:00.000,DESABASTECIMIENTO,FENOMENO DEL NIÑO,CMGRD DE GALAN,CAS,GALAN,URBANO Y RURAL,TODA LA JURISDICCION,200,0.0,0.0,1,0.0,0.0,0.0,0.0,,,,0.0,0.0,0.0,2024-02-08T00:00:00.000,,,"el CMGRD reporta: desde los primeros dias de enero la temporada seca asociada al Fenomeno del Nño a causado disminucion considerable en las fuentes de agua del municipio y se presenta desabasteccimiento de agua, se activo el plan de contingencia y se declaro calamidad publica para gestionar apoyos con carrotanques ante la OGRD Y UNGRD",REPORTE_DE_EVENTOS_POR_DESASTRES_NATURALES_Y_ANTRÓPICOS_(Histórico)_20260415.csv,EVT00852,2024-02-08,ATENDIDO,2024-02-08,DESABASTECIMIENTO,FENOMENO DEL NIÑO,CMGRD DE GALAN,CAS,GALAN,URBANO Y RURAL,TODA LA JURISDICCION,200.0,0.0,0.0,1,0.0,0.0,0.0,0.0,,,,0.0,0.0,0.0,2024-02-08,,,"el CMGRD reporta: desde los primeros dias de enero la temporada seca asociada al Fenomeno del Nño a causado disminucion considerable en las fuentes de agua del municipio y se presenta desabasteccimiento de agua, se activo el plan de contingencia y se declaro calamidad publica para gestionar apoyos con carrotanques ante la OGRD Y UNGRD",2024-02-01,0.0,0.0,1.0,True,Responded to,Supply shortage,El Nino phenomenon,Municipal Disaster Risk Management Council of Galan,CAS Environmental Authority,Galan,Urban and rural,Entire jurisdiction,Not reported,Not reported,False,,hydrometeorological,Hydrometeorological,Infrastructure damage recorded
2024 Feb 08 12:00:00 AM,ATENDIDO,2024-02-08T00:00:00.000,DESABASTECIMIENTO,FENOMENO DEL NIÑO,CMGRD DE PALMAS DEL SOCORRO,CAS,PALMAS DEL SOCORRO,URBANO Y RURAL,TODA LA JURISDICCION,250,0.0,0.0,1,0.0,0.0,0.0,0.0,,,,0.0,0.0,0.0,2024-02-08T00:00:00.000,,,"el CMGRD reporta: desde los primeros dias de enero la temporada seca asociada al Fenomeno del Nño a causado disminucion considerable en las fuentes de agua del municipio y se presenta desabasteccimiento de agua, se activo el plan de contingencia y se declaro calamidad publica para gestionar apoyos con carrotanques ante la OGRD Y UNGRD",REPORTE_DE_EVENTOS_POR_DESASTRES_NATURALES_Y_ANTRÓPICOS_(Histórico)_20260415.csv,EVT00853,2024-02-08,ATENDIDO,2024-02-08,DESABASTECIMIENTO,FENOMENO DEL NIÑO,CMGRD DE PALMAS DEL SOCORRO,CAS,PALMAS DEL SOCORRO,URBANO Y RURAL,TODA LA JURISDICCION,250.0,0.0,0.0,1,0.0,0.0,0.0,0.0,,,,0.0,0.0,0.0,2024-02-08,,,"el CMGRD reporta: desde los primeros dias de enero la temporada seca asociada al Fenomeno del Nño a causado disminucion considerable en las fuentes de agua del municipio y se presenta desabasteccimiento de agua, se activo el plan de contingencia y se declaro calamidad publica para gestionar apoyos con carrotanques ante la OGRD Y UNGRD",2024-02-01,0.0,0.0,1.0,True,Responded to,Supply shortage,El Nino phenomenon,Municipal Disaster Risk Management Council of Palmas of the Socorro,CAS Environmental Authority,Palmas Del Socorro,Urban and rural,Entire jurisdiction,Not reported,Not reported,False,,hydrometeorological,Hydrometeorological,Infrastructure damage recorded
2024 Feb 08 12:00:00 AM,ATENDIDO,2024-02-08T00:00:00.000,DESABASTECIMIENTO,FENOMENO DEL NIÑO,CMGRD DEL HATO,CAS,HATO,URBANO Y RURAL,TODA LA JURISDICCION,190,0.0,0.0,1,0.0,0.0,0.0,0.0,,,,0.0,0.0,0.0,2024-02-08T00:00:00.000,,,"el CMGRD reporta: desde los primeros dias de enero la temporada seca asociada al Fenomeno del Nño a causado disminucion considerable en las fuentes de agua del municipio y se presenta desabasteccimiento de agua, se activo el plan de contingencia y se declaro calamidad publica para gestionar apoyos con carrotanques ante la OGRD Y UNGRD",REPORTE_DE_EVENTOS_POR_DESASTRES_NATURALES_Y_ANTRÓPICOS_(Histórico)_20260415.csv,EVT00854,2024-02-08,ATENDIDO,2024-02-08,DESABASTECIMIENTO,FENOMENO DEL NIÑO,CMGRD DEL HATO,CAS,HATO,URBANO Y RURAL,TODA LA JURISDICCION,190.0,0.0,0.0,1,0.0,0.0,0.0,0.0,,,,0.0,0.0,0.0,2024-02-08,,,"el CMGRD reporta: desde los primeros dias de enero la temporada seca asociada al Fenomeno del Nño a causado disminucion considerable en las fuentes de agua del municipio y se presenta desabasteccimiento de agua, se activo el plan de contingencia y se declaro calamidad publica para gestionar apoyos con carrotanques ante la OGRD Y UNGRD",2024-02-01,0.0,0.0,1.0,True,Responded to,Supply shortage,El Nino phenomenon,Municipal Disaster Risk Management Council of the Hato,CAS Environmental Authority,Hato,Urban and rural,Entire jurisdiction,Not reported,Not reported,False,,hydrometeorological,Hydrometeorological,Infrastructure damage recorded
2024 Feb 08 12:00:00 AM,ATENDIDO,2024-02-08T00:00:00.000,DESABASTECIMIENTO,FENOMENO DEL NIÑO,CMGRD DE MOGOTES,CAS,MOGOTES,URBANO Y RURAL,TODA LA JURISDICCION,300,0.0,0.0,1,0.0,0.0,0.0,0.0,,,,0.0,0.0,0.0,2024-02-08T00:00:00.000,,,"el CMGRD reporta: desde los primeros dias de enero la temporada seca asociada al Fenomeno del Nño a causado disminucion considerable en las fuentes de agua del municipio y se presenta desabasteccimiento de agua, se activo el plan de contingencia y se declaro calamidad publica para gestionar apoyos con carrotanques ante la OGRD Y UNGRD",REPORTE_DE_EVENTOS_POR_DESASTRES_NATURALES_Y_ANTRÓPICOS_(Histórico)_20260415.csv,EVT00855,2024-02-08,ATENDIDO,2024-02-08,DESABASTECIMIENTO,FENOMENO DEL NIÑO,CMGRD DE MOGOTES,CAS,MOGOTES,URBANO Y RURAL,TODA LA JURISDICCION,300.0,0.0,0.0,1,0.0,0.0,0.0,0.0,,,,0.0,0.0,0.0,2024-02-08,,,"el CMGRD reporta: desde los primeros dias de enero la temporada seca asociada al Fenomeno del Nño a causado disminucion considerable en las fuentes de agua del municipio y se presenta desabasteccimiento de agua, se activo el plan de contingencia y se declaro calamidad publica para gestionar apoyos con carrotanques ante la OGRD Y UNGRD",2024-02-01,0.0,0.0,1.0,True,Responded to,Supply shortage,El Nino phenomenon,Municipal Disaster Risk Management Council of Mogotes,CAS Environmental Authority,Mogotes,Urban and rural,Entire jurisdiction,Not reported,Not reported,False,,hydrometeorological,Hydrometeorological,Infrastructure damage recorded
2024 Feb 08 12:00:00 AM,ATENDIDO,2024-02-08T00:00:00.000,DESABASTECIMIENTO,FENOMENO DEL NIÑO,CMGRD DEL CARMEN,CAS,CARMEN,URBANO Y RURAL,TODA LA JURISDICCION,300,0.0,0.0,1,0.0,0.0,0.0,0.0,,,,0.0,0.0,0.0,2024-02-08T00:00:00.000,,,"el CMGRD reporta: desde los primeros dias de enero la temporada seca asociada al Fenomeno del Nño a causado disminucion considerable en las fuentes de agua del municipio y se presenta desabasteccimiento de agua, se activo el plan de contingencia y se declaro calamidad publica para gestionar apoyos con carrotanques ante la OGRD Y UNGRD",REPORTE_DE_EVENTOS_POR_DESASTRES_NATURALES_Y_ANTRÓPICOS_(Histórico)_20260415.csv,EVT00856,2024-02-08,ATENDIDO,2024-02-08,DESABASTECIMIENTO,FENOMENO DEL NIÑO,CMGRD DEL CARMEN,CAS,CARMEN,URBANO Y RURAL,TODA LA JURISDICCION,300.0,0.0,0.0,1,0.0,0.0,0.0,0.0,,,,0.0,0.0,0.0,2024-02-08,,,"el CMGRD reporta: desde los primeros dias de enero la temporada seca asociada al Fenomeno del Nño a causado disminucion considerable en las fuentes de agua del municipio y se presenta desabasteccimiento de agua, se activo el plan de contingencia y se declaro calamidad publica para gestionar apoyos con carrotanques ante la OGRD Y UNGRD",2024-02-01,0.0,0.0,1.0,True,Responded to,Supply shortage,El Nino phenomenon,Municipal Disaster Risk Management Council of the Carmen,CAS Environmental Authority,Carmen,Urban and rural,Entire jurisdiction,Not reported,Not reported,False,,hydrometeorological,Hydrometeorological,Infrastructure damage recorded
2024 Feb 08 12:00:00 AM,ATENDIDO,2024-02-08T00:00:00.000,DESABASTECIMIENTO,FENOMENO DEL NIÑO,CMGRD DE SANTA HELENA DEL OPON,CAS,SANTA HELENA DEL OPON,URBANO Y RURAL,TODA LA JURISDICCION,150,0.0,0.0,1,0.0,0.0,0.0,0.0,,,,0.0,0.0,0.0,2024-02-08T00:00:00.000,,,"el CMGRD reporta: desde los primeros dias de enero la temporada seca asociada al Fenomeno del Nño a causado disminucion considerable en las fuentes de agua del municipio y se presenta desabasteccimiento de agua, se activo el plan de contingencia y se declaro calamidad publica para gestionar apoyos con carrotanques ante la OGRD Y UNGRD",REPORTE_DE_EVENTOS_POR_DESASTRES_NATURALES_Y_ANTRÓPICOS_(Histórico)_20260415.csv,EVT00857,2024-02-08,ATENDIDO,2024-02-08,DESABASTECIMIENTO,FENOMENO DEL NIÑO,CMGRD DE SANTA HELENA DEL OPON,CAS,SANTA HELENA DEL OPON,URBANO Y RURAL,TODA LA JURISDICCION,150.0,0.0,0.0,1,0.0,0.0,0.0,0.0,,,,0.0,0.0,0.0,2024-02-08,,,"el CMGRD reporta: desde los primeros dias de enero la temporada seca asociada al Fenomeno del Nño a causado disminucion considerable en las fuentes de agua del municipio y se presenta desabasteccimiento de agua, se activo el plan de contingencia y se declaro calamidad publica para gestionar apoyos con carrotanques ante la OGRD Y UNGRD",2024-02-01,0.0,0.0,1.0,True,Responded to,Supply shortage,El Nino phenomenon,Municipal Disaster Risk Management Council of Santa Helena of the Opon,CAS Environmental Authority,Santa Helena Del Opon,Urban and rural,Entire jurisdiction,Not reported,Not reported,False,,hydrometeorological,Hydrometeorological,Infrastructure damage recorded
2024 Feb 08 12:00:00 AM,ATENDIDO,2024-02-08T00:00:00.000,DESABASTECIMIENTO,FENOMENO DEL NIÑO,CMGRD DE SIMACOTA,CAS,SIMACOTA,URBANO Y RURAL,TODA LA JURISDICCION,150,0.0,0.0,1,0.0,0.0,0.0,0.0,,,,0.0,0.0,0.0,2024-02-08T00:00:00.000,,,"el CMGRD reporta: desde los primeros dias de enero la temporada seca asociada al Fenomeno del Nño a causado disminucion considerable en las fuentes de agua del municipio y se presenta desabasteccimiento de agua, se activo el plan de contingencia y se declaro calamidad publica para gestionar apoyos con carrotanques ante la OGRD Y UNGRD",REPORTE_DE_EVENTOS_POR_DESASTRES_NATURALES_Y_ANTRÓPICOS_(Histórico)_20260415.csv,EVT00858,2024-02-08,ATENDIDO,2024-02-08,DESABASTECIMIENTO,FENOMENO DEL NIÑO,CMGRD DE SIMACOTA,CAS,SIMACOTA,URBANO Y RURAL,TODA LA JURISDICCION,150.0,0.0,0.0,1,0.0,0.0,0.0,0.0,,,,0.0,0.0,0.0,2024-02-08,,,"el CMGRD reporta: desde los primeros dias de enero la temporada seca asociada al Fenomeno del Nño a causado disminucion considerable en las fuentes de agua del municipio y se presenta desabasteccimiento de agua, se activo el plan de contingencia y se declaro calamidad publica para gestionar apoyos con carrotanques ante la OGRD Y UNGRD",2024-02-01,0.0,0.0,1.0,True,Responded to,Supply shortage,El Nino phenomenon,Municipal Disaster Risk Management Council of Simacota,CAS Environmental Authority,Simacota,Urban and rural,Entire jurisdiction,Not reported,Not reported,False,,hydrometeorological,Hydrometeorological,Infrastructure damage recorded
2024 Feb 11 12:00:00 AM,ATENDIDO,2024-02-11T00:00:00.000,INCENDIO FORESTAL,INDETERMINADO,CMGRD DE ALBANIA,CAS,ALBANIA,RURAL,VEREDA UTAPA,0,0.0,0.0,0,0.0,0.0,0.0,4.0,,,,0.0,0.0,0.0,2024-02-11T00:00:00.000,,,"El CMGRD reporta atención de incendio forestal en la vereda Utapa, atendido por la comunidad y el CMGRD afectación de 4 hectáreas de pastizales y bosques, estado LIQUIDADO",REPORTE_DE_EVENTOS_POR_DESASTRES_NATURALES_Y_ANTRÓPICOS_(Histórico)_20260415.csv,EVT00859,2024-02-11,ATENDIDO,2024-02-11,INCENDIO FORESTAL,INDETERMINADO,CMGRD DE ALBANIA,CAS,ALBANIA,RURAL,VEREDA UTAPA,0.0,0.0,0.0,0,0.0,0.0,0.0,4.0,,,,0.0,0.0,0.0,2024-02-11,,,"El CMGRD reporta atención de incendio forestal en la vereda Utapa, atendido por la comunidad y el CMGRD afectación de 4 hectáreas de pastizales y bosques, estado LIQUIDADO",2024-02-01,0.0,0.0,0.0,True,Responded to,Forest fire,Undetermined,Municipal Disaster Risk Management Council of Albania,CAS Environmental Authority,Albania,Rural,Rural Hamlet Utapa,Not reported,Not reported,False,,other,Other or unclassified,Agricultural or land impact recorded
2024 Feb 13 12:00:00 AM,ATENDIDO,2024-02-13T00:00:00.000,INCENDIO FORESTAL,INDETERMINADO,CMGRD DE CIMITARRA,CAS,CIMITARRA,RURAL,VIA NACIONAL VIA A PUERTO PARRA,0,0.0,0.0,0,0.0,0.0,0.0,10.0,,,,0.0,0.0,0.0,2024-02-13T00:00:00.000,,,"El CMGRD reporta atención de incendio forestal en Limites con el municipio de Puerto Parra, atendido por el  ejército de Colombia batallón Rafael Reyes y bomberos voluntarios de Barrancabermeja, afectación de 10 hectáreas de bosques, estado LUIQUIDADO",REPORTE_DE_EVENTOS_POR_DESASTRES_NATURALES_Y_ANTRÓPICOS_(Histórico)_20260415.csv,EVT00860,2024-02-13,ATENDIDO,2024-02-13,INCENDIO FORESTAL,INDETERMINADO,CMGRD DE CIMITARRA,CAS,CIMITARRA,RURAL,VIA NACIONAL VIA A PUERTO PARRA,0.0,0.0,0.0,0,0.0,0.0,0.0,10.0,,,,0.0,0.0,0.0,2024-02-13,,,"El CMGRD reporta atención de incendio forestal en Limites con el municipio de Puerto Parra, atendido por el ejército de Colombia batallón Rafael Reyes y bomberos voluntarios de Barrancabermeja, afectación de 10 hectáreas de bosques, estado LUIQUIDADO",2024-02-01,0.0,0.0,0.0,True,Responded to,Forest fire,Undetermined,Municipal Disaster Risk Management Council of Cimitarra,CAS Environmental Authority,Cimitarra,Rural,Road Nacional Road A Puerto Parra,Not reported,Not reported,False,,other,Other or unclassified,Agricultural or land impact recorded
2024 Feb 15 12:00:00 AM,ATENDIDO,2024-02-15T00:00:00.000,INCENDIO FORESTAL,INDETERMINADO,CMGRD DEL PLAYON,CDMB,EL PLAYON,RURAL,VEREDA SANTA ISABEL,0,0.0,0.0,0,0.0,0.0,0.0,5.0,,,,0.0,0.0,0.0,2024-02-15T00:00:00.000,,,"EL CMGRD reporta atencion de incendio forestal en la vereda Santa isabel atendido por la defensa civil y la comuniidad, afectacion de 5  hectareas de bosque nativo",REPORTE_DE_EVENTOS_POR_DESASTRES_NATURALES_Y_ANTRÓPICOS_(Histórico)_20260415.csv,EVT00861,2024-02-15,ATENDIDO,2024-02-15,INCENDIO FORESTAL,INDETERMINADO,CMGRD DEL PLAYON,CDMB,EL PLAYON,RURAL,VEREDA SANTA ISABEL,0.0,0.0,0.0,0,0.0,0.0,0.0,5.0,,,,0.0,0.0,0.0,2024-02-15,,,"EL CMGRD reporta atencion de incendio forestal en la vereda Santa isabel atendido por la defensa civil y la comuniidad, afectacion de 5 hectareas de bosque nativo",2024-02-01,0.0,0.0,0.0,True,Responded to,Forest fire,Undetermined,Municipal Disaster Risk Management Council of the Playon,CDMB Environmental Authority,El Playon,Rural,Rural Hamlet Santa Isabel,Not reported,Not reported,False,,other,Other or unclassified,Agricultural or land impact recorded
2024 Feb 16 12:00:00 AM,ATENDIDO,2024-02-16T00:00:00.000,INCENDIO FORESTAL,INDETERMINADO,CMGRD DEL GUACAMAYO,CAS,EL GUACAMAYO,RURAL,VEREDA CEDRALES LIMITES CON CONTRATACION,0,0.0,0.0,0,0.0,0.0,0.0,100.0,,,,0.0,0.0,0.0,16/02/22024,,,"el alcalde del Guacamayo reporta atencion de incendio forestal en la vereda Cedrales, atiende bomberos de Contratacion, apoyo del ejercito nacional batallano de atencion de desastres y comunidad , se coordino apoyo aereonde dos aviones  de la POLICIA NACIONAL  travez de la UNGRD",REPORTE_DE_EVENTOS_POR_DESASTRES_NATURALES_Y_ANTRÓPICOS_(Histórico)_20260415.csv,EVT00862,2024-02-16,ATENDIDO,2024-02-16,INCENDIO FORESTAL,INDETERMINADO,CMGRD DEL GUACAMAYO,CAS,EL GUACAMAYO,RURAL,VEREDA CEDRALES LIMITES CON CONTRATACION,0.0,0.0,0.0,0,0.0,0.0,0.0,100.0,,,,0.0,0.0,0.0,,,,"el alcalde del Guacamayo reporta atencion de incendio forestal en la vereda Cedrales, atiende bomberos de Contratacion, apoyo del ejercito nacional batallano de atencion de desastres y comunidad , se coordino apoyo aereonde dos aviones de la POLICIA NACIONAL travez de la UNGRD",2024-02-01,0.0,0.0,0.0,True,Responded to,Forest fire,Undetermined,Municipal Disaster Risk Management Council of the Guacamayo,CAS Environmental Authority,El Guacamayo,Rural,Rural Hamlet Cedrales Limites Con Contratacion,Not reported,Not reported,False,,other,Other or unclassified,Agricultural or land impact recorded
2024 Feb 20 12:00:00 AM,ATENDIDO,2024-02-20T00:00:00.000,INCENDIO FORESTAL,INDETERMINADO,CMGRD DE MOGOTES,CAS,MOGOTES,RURAL,VEREDA SAN JOSE,0,0.0,0.0,0,0.0,0.0,0.0,20.0,,,,0.0,0.0,0.0,2024-02-20T00:00:00.000,,,"la alcaldesa municipal informa la atencion de un incendio forestal en la vereda San Jose por bomberos del municipio con apoyo de la policia nacional y la comunidad, se coordino apoyo de bomberos de valle de san Jose y paramo. Afectacion de 20 hectareas de vegetacion nativa",REPORTE_DE_EVENTOS_POR_DESASTRES_NATURALES_Y_ANTRÓPICOS_(Histórico)_20260415.csv,EVT00863,2024-02-20,ATENDIDO,2024-02-20,INCENDIO FORESTAL,INDETERMINADO,CMGRD DE MOGOTES,CAS,MOGOTES,RURAL,VEREDA SAN JOSE,0.0,0.0,0.0,0,0.0,0.0,0.0,20.0,,,,0.0,0.0,0.0,2024-02-20,,,"la alcaldesa municipal informa la atencion de un incendio forestal en la vereda San Jose por bomberos del municipio con apoyo de la policia nacional y la comunidad, se coordino apoyo de bomberos de valle de san Jose y paramo. Afectacion de 20 hectareas de vegetacion nativa",2024-02-01,0.0,0.0,0.0,True,Responded to,Forest fire,Undetermined,Municipal Disaster Risk Management Council of Mogotes,CAS Environmental Authority,Mogotes,Rural,Rural Hamlet San Jose,Not reported,Not reported,False,,other,Other or unclassified,Agricultural or land impact recorded
2024 Feb 23 12:00:00 AM,ATENDIDO,2024-02-23T00:00:00.000,INCENDIO FORESTAL,INDETERMINADO,CMGRD DE COROMORO,CAS,COROMORO,RURAL,VEREDA EL GUADUAL,0,0.0,0.0,0,0.0,0.0,0.0,20.0,,,,0.0,0.0,0.0,2024-02-23T00:00:00.000,,,"El comandante de bomberos reporta atención de incendio forestal en la vereda el Guadual, atendido por el cuerpo de bomberos voluntarios y la comunidad afectación de 20 hectáreas de bosque nativo, estado LIQUIDADO",REPORTE_DE_EVENTOS_POR_DESASTRES_NATURALES_Y_ANTRÓPICOS_(Histórico)_20260415.csv,EVT00864,2024-02-23,ATENDIDO,2024-02-23,INCENDIO FORESTAL,INDETERMINADO,CMGRD DE COROMORO,CAS,COROMORO,RURAL,VEREDA EL GUADUAL,0.0,0.0,0.0,0,0.0,0.0,0.0,20.0,,,,0.0,0.0,0.0,2024-02-23,,,"El comandante de bomberos reporta atención de incendio forestal en la vereda el Guadual, atendido por el cuerpo de bomberos voluntarios y la comunidad afectación de 20 hectáreas de bosque nativo, estado LIQUIDADO",2024-02-01,0.0,0.0,0.0,True,Responded to,Forest fire,Undetermined,Municipal Disaster Risk Management Council of Coromoro,CAS Environmental Authority,Coromoro,Rural,Rural Hamlet the Guadual,Not reported,Not reported,False,,other,Other or unclassified,Agricultural or land impact recorded
2024 Feb 26 12:00:00 AM,ATENDIDO,2024-02-26T00:00:00.000,INCENDIO FORESTAL,INDETERMINADO,BOMBEROS DE SURATA Y EJERCITO,CDMB,SURATA,RURAL,VEREDA SANTA ROSA,0,0.0,0.0,0,0.0,0.0,0.0,10.0,,,,0.0,0.0,0.0,2024-02-26T00:00:00.000,,,"El comandante de bomberos reportó la atención de un incendio forestal en la vereda Santa Rosa del corregimiento Cachiri, atendido por bomberos Surata y comunidad, 5 hectáreas de pastizales y bosques afectadas",REPORTE_DE_EVENTOS_POR_DESASTRES_NATURALES_Y_ANTRÓPICOS_(Histórico)_20260415.csv,EVT00865,2024-02-26,ATENDIDO,2024-02-26,INCENDIO FORESTAL,INDETERMINADO,BOMBEROS DE SURATA Y EJERCITO,CDMB,SURATA,RURAL,VEREDA SANTA ROSA,0.0,0.0,0.0,0,0.0,0.0,0.0,10.0,,,,0.0,0.0,0.0,2024-02-26,,,"El comandante de bomberos reportó la atención de un incendio forestal en la vereda Santa Rosa del corregimiento Cachiri, atendido por bomberos Surata y comunidad, 5 hectáreas de pastizales y bosques afectadas",2024-02-01,0.0,0.0,0.0,True,Responded to,Forest fire,Undetermined,Fire Department of Surata and Ejercito,CDMB Environmental Authority,Surata,Rural,Rural Hamlet Santa Rosa,Not reported,Not reported,False,,other,Other or unclassified,Agricultural or land impact recorded
2024 Feb 26 12:00:00 AM,ATENDIDO,2024-02-26T00:00:00.000,DESABASTECIMIENTO,FENOMENO DEL NIÑO,CMGRD DEL PLAYON,CDMB,EL PLAYON,URBANO Y RURAL,TODA LA JURISDICCION,500,0.0,0.0,1,0.0,0.0,0.0,0.0,,,,0.0,0.0,0.0,2024-02-26T00:00:00.000,,,"el CMGRD reporta: desde los primeros dias de enero la temporada seca asociada al Fenomeno del Nño a causado disminucion considerable en las fuentes de agua del municipio y se presenta desabasteccimiento de agua, se activo el plan de contingencia y se declaro calamidad publica para gestionar apoyos con carrotanques ante la OGRD Y UNGRD",REPORTE_DE_EVENTOS_POR_DESASTRES_NATURALES_Y_ANTRÓPICOS_(Histórico)_20260415.csv,EVT00866,2024-02-26,ATENDIDO,2024-02-26,DESABASTECIMIENTO,FENOMENO DEL NIÑO,CMGRD DEL PLAYON,CDMB,EL PLAYON,URBANO Y RURAL,TODA LA JURISDICCION,500.0,0.0,0.0,1,0.0,0.0,0.0,0.0,,,,0.0,0.0,0.0,2024-02-26,,,"el CMGRD reporta: desde los primeros dias de enero la temporada seca asociada al Fenomeno del Nño a causado disminucion considerable en las fuentes de agua del municipio y se presenta desabasteccimiento de agua, se activo el plan de contingencia y se declaro calamidad publica para gestionar apoyos con carrotanques ante la OGRD Y UNGRD",2024-02-01,0.0,0.0,1.0,True,Responded to,Supply shortage,El Nino phenomenon,Municipal Disaster Risk Management Council of the Playon,CDMB Environmental Authority,El Playon,Urban and rural,Entire jurisdiction,Not reported,Not reported,False,,hydrometeorological,Hydrometeorological,Infrastructure damage recorded
2024 Feb 26 12:00:00 AM,ATENDIDO,2024-02-26T00:00:00.000,DESABASTECIMIENTO,FENOMENO DEL NIÑO,CMGRD CIMITARRA,CAS,CIMITARRA,URBANO Y RURAL,TODA LA JURISDICCION,600,0.0,0.0,1,0.0,0.0,0.0,0.0,,,,0.0,0.0,0.0,2024-02-26T00:00:00.000,,,"el CMGRD reporta: desde los primeros dias de enero la temporada seca asociada al Fenomeno del Nño a causado disminucion considerable en las fuentes de agua del municipio y se presenta desabasteccimiento de agua, se activo el plan de contingencia y se declaro calamidad publica para gestionar apoyos con carrotanques ante la OGRD Y UNGRD",REPORTE_DE_EVENTOS_POR_DESASTRES_NATURALES_Y_ANTRÓPICOS_(Histórico)_20260415.csv,EVT00867,2024-02-26,ATENDIDO,2024-02-26,DESABASTECIMIENTO,FENOMENO DEL NIÑO,CMGRD CIMITARRA,CAS,CIMITARRA,URBANO Y RURAL,TODA LA JURISDICCION,600.0,0.0,0.0,1,0.0,0.0,0.0,0.0,,,,0.0,0.0,0.0,2024-02-26,,,"el CMGRD reporta: desde los primeros dias de enero la temporada seca asociada al Fenomeno del Nño a causado disminucion considerable en las fuentes de agua del municipio y se presenta desabasteccimiento de agua, se activo el plan de contingencia y se declaro calamidad publica para gestionar apoyos con carrotanques ante la OGRD Y UNGRD",2024-02-01,0.0,0.0,1.0,True,Responded to,Supply shortage,El Nino phenomenon,Municipal Disaster Risk Management Council Cimitarra,CAS Environmental Authority,Cimitarra,Urban and rural,Entire jurisdiction,Not reported,Not reported,False,,hydrometeorological,Hydrometeorological,Infrastructure damage recorded
2024 Feb 26 12:00:00 AM,ATENDIDO,2024-02-26T00:00:00.000,DESABASTECIMIENTO,FENOMENO DEL NIÑO,CMGRD DE CONTRATACION,CAS,CONTRATACION,URBANO Y RURAL,TODA LA JURISDICCION,400,0.0,0.0,1,0.0,0.0,0.0,0.0,,,,0.0,0.0,0.0,2024-02-26T00:00:00.000,,,"el CMGRD reporta: desde los primeros dias de enero la temporada seca asociada al Fenomeno del Nño a causado disminucion considerable en las fuentes de agua del municipio y se presenta desabasteccimiento de agua, se activo el plan de contingencia y se declaro calamidad publica para gestionar apoyos con carrotanques ante la OGRD Y UNGRD",REPORTE_DE_EVENTOS_POR_DESASTRES_NATURALES_Y_ANTRÓPICOS_(Histórico)_20260415.csv,EVT00868,2024-02-26,ATENDIDO,2024-02-26,DESABASTECIMIENTO,FENOMENO DEL NIÑO,CMGRD DE CONTRATACION,CAS,CONTRATACION,URBANO Y RURAL,TODA LA JURISDICCION,400.0,0.0,0.0,1,0.0,0.0,0.0,0.0,,,,0.0,0.0,0.0,2024-02-26,,,"el CMGRD reporta: desde los primeros dias de enero la temporada seca asociada al Fenomeno del Nño a causado disminucion considerable en las fuentes de agua del municipio y se presenta desabasteccimiento de agua, se activo el plan de contingencia y se declaro calamidad publica para gestionar apoyos con carrotanques ante la OGRD Y UNGRD",2024-02-01,0.0,0.0,1.0,True,Responded to,Supply shortage,El Nino phenomenon,Municipal Disaster Risk Management Council of Contratacion,CAS Environmental Authority,Contratacion,Urban and rural,Entire jurisdiction,Not reported,Not reported,False,,hydrometeorological,Hydrometeorological,Infrastructure damage recorded
2024 Feb 27 12:00:00 AM,ATENDIDO,2024-02-27T00:00:00.000,INCENDIO FORESTAL,INDETERMINADO,BOMBEROS DE MALAGA,CAS,SAN JOSE DE MIRANDA,RURAL,SECTOR LA VATICOLA,0,0.0,0.0,0,0.0,0.0,0.0,4.0,,,,0.0,0.0,0.0,2024-02-27T00:00:00.000,,,"el comandante de bomberos de Malaga reporta laa atencion de un incendio forestal en el sector la vaticola de San Jose de Miranda, afectacion de 4 hectareas de bosque nativo",REPORTE_DE_EVENTOS_POR_DESASTRES_NATURALES_Y_ANTRÓPICOS_(Histórico)_20260415.csv,EVT00869,2024-02-27,ATENDIDO,2024-02-27,INCENDIO FORESTAL,INDETERMINADO,BOMBEROS DE MALAGA,CAS,SAN JOSE DE MIRANDA,RURAL,SECTOR LA VATICOLA,0.0,0.0,0.0,0,0.0,0.0,0.0,4.0,,,,0.0,0.0,0.0,2024-02-27,,,"el comandante de bomberos de Malaga reporta laa atencion de un incendio forestal en el sector la vaticola de San Jose de Miranda, afectacion de 4 hectareas de bosque nativo",2024-02-01,0.0,0.0,0.0,True,Responded to,Forest fire,Undetermined,Fire Department of Malaga,CAS Environmental Authority,San Jose De Miranda,Rural,Sector the Vaticola,Not reported,Not reported,False,,other,Other or unclassified,Agricultural or land impact recorded
2024 Feb 27 12:00:00 AM,ATENDIDO,2024-02-27T00:00:00.000,INCENDIO FORESTAL,INDETERMINADO,BOMBEROS DE BARICHARA,CAS,BARICHARA,RURAL,VEREDA EL CORRO,0,0.0,0.0,0,0.0,0.0,0.0,5.0,,,,0.0,0.0,0.0,2024-02-27T00:00:00.000,,,"El comandante de bomberos reporta atención de incendio forestal en la vereda el Choro - Guayabal, atendido por bomberos de Barichara y el ejército de Colombia, afectación de 5 hectáreas de pastizales y rastrojos",REPORTE_DE_EVENTOS_POR_DESASTRES_NATURALES_Y_ANTRÓPICOS_(Histórico)_20260415.csv,EVT00870,2024-02-27,ATENDIDO,2024-02-27,INCENDIO FORESTAL,INDETERMINADO,BOMBEROS DE BARICHARA,CAS,BARICHARA,RURAL,VEREDA EL CORRO,0.0,0.0,0.0,0,0.0,0.0,0.0,5.0,,,,0.0,0.0,0.0,2024-02-27,,,"El comandante de bomberos reporta atención de incendio forestal en la vereda el Choro - Guayabal, atendido por bomberos de Barichara y el ejército de Colombia, afectación de 5 hectáreas de pastizales y rastrojos",2024-02-01,0.0,0.0,0.0,True,Responded to,Forest fire,Undetermined,Fire Department of Barichara,CAS Environmental Authority,Barichara,Rural,Rural Hamlet the Corro,Not reported,Not reported,False,,other,Other or unclassified,Agricultural or land impact recorded
2024 Feb 28 12:00:00 AM,ATENDIDO,2024-02-28T00:00:00.000,INCENDIO FORESTAL,INDETERMINADO,BOMBEROS DE VELEZ,CAS,BOLIVAR,RURAL,VEREDA GAVILANES,0,0.0,0.0,0,0.0,0.0,0.0,10.0,,,,0.0,0.0,0.0,2024-02-28T00:00:00.000,,,"El comandante de bomberos de Vélez reportó la atención de un incendio forestal la vereda Gavilanes del municipio de Bolivar atendido por 4 máquinas y 10 unidades apoyados por la policía nacional, y comunidad afectación de 10 hectáreas de bosques, estado LIQUIDADO",REPORTE_DE_EVENTOS_POR_DESASTRES_NATURALES_Y_ANTRÓPICOS_(Histórico)_20260415.csv,EVT00871,2024-02-28,ATENDIDO,2024-02-28,INCENDIO FORESTAL,INDETERMINADO,BOMBEROS DE VELEZ,CAS,BOLIVAR,RURAL,VEREDA GAVILANES,0.0,0.0,0.0,0,0.0,0.0,0.0,10.0,,,,0.0,0.0,0.0,2024-02-28,,,"El comandante de bomberos de Vélez reportó la atención de un incendio forestal la vereda Gavilanes del municipio de Bolivar atendido por 4 máquinas y 10 unidades apoyados por la policía nacional, y comunidad afectación de 10 hectáreas de bosques, estado LIQUIDADO",2024-02-01,0.0,0.0,0.0,True,Responded to,Forest fire,Undetermined,Fire Department of Velez,CAS Environmental Authority,Bolivar,Rural,Rural Hamlet Gavilanes,Not reported,Not reported,False,,other,Other or unclassified,Agricultural or land impact recorded
2024 Feb 28 12:00:00 AM,ATENDIDO,2024-02-28T00:00:00.000,INCENDIO FORESTAL,INDETERMINADO,BOMBEROS VALLE DE SAN JOSE,CAS,VALLE DE SAN JOSE,RURAL,VEREDA EL GUACAL,0,0.0,0.0,0,0.0,0.0,0.0,4.0,,,,0.0,0.0,0.0,2024-02-28T00:00:00.000,,,"El comandante de bomberos reporta atención de incendio forestal en la vereda el Guacal parte alta, atendido por 4 unidades de bomberos, afectación de 4 hectáreas de bosques, estado LIQUIDADO",REPORTE_DE_EVENTOS_POR_DESASTRES_NATURALES_Y_ANTRÓPICOS_(Histórico)_20260415.csv,EVT00872,2024-02-28,ATENDIDO,2024-02-28,INCENDIO FORESTAL,INDETERMINADO,BOMBEROS VALLE DE SAN JOSE,CAS,VALLE DE SAN JOSE,RURAL,VEREDA EL GUACAL,0.0,0.0,0.0,0,0.0,0.0,0.0,4.0,,,,0.0,0.0,0.0,2024-02-28,,,"El comandante de bomberos reporta atención de incendio forestal en la vereda el Guacal parte alta, atendido por 4 unidades de bomberos, afectación de 4 hectáreas de bosques, estado LIQUIDADO",2024-02-01,0.0,0.0,0.0,True,Responded to,Forest fire,Undetermined,Fire Department Valle of San Jose,CAS Environmental Authority,Valle De San Jose,Rural,Rural Hamlet the Guacal,Not reported,Not reported,False,,other,Other or unclassified,Agricultural or land impact recorded
2024 Feb 28 12:00:00 AM,ATENDIDO,2024-02-28T00:00:00.000,INCENDIO FORESTAL,INDETERMINADO,BOMBEROS DE SABANA,CAS,SABANA DE TORRES,RURAL,VEREDA EL DIAMANTE,0,0.0,0.0,0,0.0,0.0,0.0,6.0,,,,0.0,0.0,0.0,2024-02-28T00:00:00.000,,,"El comandante de bomberos reporta la atención de 1 incendio forestal en la vereda el Diamante cerca a la sub estación eléctrica, afectación de 1 hectárea de vegetación nativa, estado LIQUIDADO",REPORTE_DE_EVENTOS_POR_DESASTRES_NATURALES_Y_ANTRÓPICOS_(Histórico)_20260415.csv,EVT00873,2024-02-28,ATENDIDO,2024-02-28,INCENDIO FORESTAL,INDETERMINADO,BOMBEROS DE SABANA,CAS,SABANA DE TORRES,RURAL,VEREDA EL DIAMANTE,0.0,0.0,0.0,0,0.0,0.0,0.0,6.0,,,,0.0,0.0,0.0,2024-02-28,,,"El comandante de bomberos reporta la atención de 1 incendio forestal en la vereda el Diamante cerca a la sub estación eléctrica, afectación de 1 hectárea de vegetación nativa, estado LIQUIDADO",2024-02-01,0.0,0.0,0.0,True,Responded to,Forest fire,Undetermined,Fire Department of Sabana,CAS Environmental Authority,Sabana De Torres,Rural,Rural Hamlet the Diamante,Not reported,Not reported,False,,other,Other or unclassified,Agricultural or land impact recorded
2024 Feb 29 12:00:00 AM,ATENDIDO,2024-02-29T00:00:00.000,INCENDIO FORESTAL,INDETERMINADO,BOMBEROS DE MALAGA,CAS,SAN JOSE DE MIRANDA,RURAL,SECTOR LA VIRGEN VIA NACIONAL,0,0.0,0.0,0,0.0,0.0,0.0,5.0,,,,0.0,0.0,0.0,2024-02-29T00:00:00.000,,,"El comandante de bomberos de Málaga reportó la atención de un incendio forestal el sector la virgen vía Nacional del municipio de San José de Miranda atendidopor 1 máquinas y 4 unidades apoyados por la policía nacional, comunidad afectación de 5 hectáreas de y pastizales, estado LIQUIDADO",REPORTE_DE_EVENTOS_POR_DESASTRES_NATURALES_Y_ANTRÓPICOS_(Histórico)_20260415.csv,EVT00874,2024-02-29,ATENDIDO,2024-02-29,INCENDIO FORESTAL,INDETERMINADO,BOMBEROS DE MALAGA,CAS,SAN JOSE DE MIRANDA,RURAL,SECTOR LA VIRGEN VIA NACIONAL,0.0,0.0,0.0,0,0.0,0.0,0.0,5.0,,,,0.0,0.0,0.0,2024-02-29,,,"El comandante de bomberos de Málaga reportó la atención de un incendio forestal el sector la virgen vía Nacional del municipio de San José de Miranda atendidopor 1 máquinas y 4 unidades apoyados por la policía nacional, comunidad afectación de 5 hectáreas de y pastizales, estado LIQUIDADO",2024-02-01,0.0,0.0,0.0,True,Responded to,Forest fire,Undetermined,Fire Department of Malaga,CAS Environmental Authority,San Jose De Miranda,Rural,Sector the Virgen Road Nacional,Not reported,Not reported,False,,other,Other or unclassified,Agricultural or land impact recorded
2024 Mar 01 12:00:00 AM,ATENDIDO,2024-03-05T00:00:00.000,INCENDIO FORESTAL,INDETERMINADO,CMGRD DE BARRANCABERMEJA,CAS,BARRANCABERMEJA,RURAL,VEREDA PENJAMO SECTOR EL RODEO,0,0.0,0.0,0,0.0,0.0,0.0,1200.0,,,,0.0,0.0,0.0,2024-03-01T00:00:00.000,,,"El CMGRD reportó atención de incendio forestal en la vereda Pénjamo sectores el Rodeo y el Llanito, atienden 45 unidades de bomberos voluntarios de Barrancabermeja, Los santos y Floridablanca, 12 voluntarios de la defensa civil, la OGRD coordinó apoyos con 40 soldados del BIADE 81 del ejército, 2 aviones AT-802 de la policía nacional, 01 helicóptero MI-17con sistema Bambi Bucket de aviación del ejército. Un avión C-295 con sistema Guardian Caylym de la Fuerza Aero Espacial. Apoyo adicional de 20 bomberos de los Santos.",REPORTE_DE_EVENTOS_POR_DESASTRES_NATURALES_Y_ANTRÓPICOS_(Histórico)_20260415.csv,EVT00875,2024-03-01,ATENDIDO,2024-03-05,INCENDIO FORESTAL,INDETERMINADO,CMGRD DE BARRANCABERMEJA,CAS,BARRANCABERMEJA,RURAL,VEREDA PENJAMO SECTOR EL RODEO,0.0,0.0,0.0,0,0.0,0.0,0.0,1200.0,,,,0.0,0.0,0.0,2024-03-01,,,"El CMGRD reportó atención de incendio forestal en la vereda Pénjamo sectores el Rodeo y el Llanito, atienden 45 unidades de bomberos voluntarios de Barrancabermeja, Los santos y Floridablanca, 12 voluntarios de la defensa civil, la OGRD coordinó apoyos con 40 soldados del BIADE 81 del ejército, 2 aviones AT-802 de la policía nacional, 01 helicóptero MI-17con sistema Bambi Bucket de aviación del ejército. Un avión C-295 con sistema Guardian Caylym de la Fuerza Aero Espacial. Apoyo adicional de 20 bomberos de los Santos.",2024-03-01,0.0,0.0,0.0,True,Responded to,Forest fire,Undetermined,Municipal Disaster Risk Management Council of Barrancabermeja,CAS Environmental Authority,Barrancabermeja,Rural,Rural Hamlet Penjamo Sector the Rodeo,Not reported,Not reported,False,,other,Other or unclassified,Agricultural or land impact recorded
2024 Mar 01 12:00:00 AM,ATENDIDO,2024-03-05T00:00:00.000,INCENDIO FORESTAL,INDETERMINADO,CMGRD PUERTO WILCHES,CAS,PUERTO WILCHES,RURAL,VEREDA CAÑO LIMON,0,0.0,0.0,0,0.0,0.0,0.0,200.0,,,,0.0,0.0,0.0,2024-03-01T00:00:00.000,,,"El CMGRD reportó atención de incendio forestal en la vereda Caño Limón, atiende bomberos voluntarios, defensa civil y comunidad de Puerto Wilches, zona de difícil acceso se solicita apoyo aéreo a la UNGRD,",REPORTE_DE_EVENTOS_POR_DESASTRES_NATURALES_Y_ANTRÓPICOS_(Histórico)_20260415.csv,EVT00876,2024-03-01,ATENDIDO,2024-03-05,INCENDIO FORESTAL,INDETERMINADO,CMGRD PUERTO WILCHES,CAS,PUERTO WILCHES,RURAL,VEREDA CAÑO LIMON,0.0,0.0,0.0,0,0.0,0.0,0.0,200.0,,,,0.0,0.0,0.0,2024-03-01,,,"El CMGRD reportó atención de incendio forestal en la vereda Caño Limón, atiende bomberos voluntarios, defensa civil y comunidad de Puerto Wilches, zona de difícil acceso se solicita apoyo aéreo a la UNGRD,",2024-03-01,0.0,0.0,0.0,True,Responded to,Forest fire,Undetermined,Municipal Disaster Risk Management Council Puerto Wilches,CAS Environmental Authority,Puerto Wilches,Rural,Rural Hamlet Cano Limon,Not reported,Not reported,False,,other,Other or unclassified,Agricultural or land impact recorded
2024 Mar 01 12:00:00 AM,ATENDIDO,2024-03-01T00:00:00.000,INCENDIO FORESTAL,INDETERMINADO,CMGRD DE SAN BENITO,CAS,SAN BENITO,RURAL,VEREDA ZAPATICA,0,0.0,0.0,,0.0,0.0,0.0,10.0,,,,0.0,0.0,0.0,2024-03-01T00:00:00.000,,,"El CMGRD reportó atención de incendio forestal en la vereda Zapatica, atiende policía nacional y comunidad, apoyo de un carro tanque de la UNGRD se coordina apoyo del cuerpo de bomberos de Vélez, Estado",REPORTE_DE_EVENTOS_POR_DESASTRES_NATURALES_Y_ANTRÓPICOS_(Histórico)_20260415.csv,EVT00877,2024-03-01,ATENDIDO,2024-03-01,INCENDIO FORESTAL,INDETERMINADO,CMGRD DE SAN BENITO,CAS,SAN BENITO,RURAL,VEREDA ZAPATICA,0.0,0.0,0.0,,0.0,0.0,0.0,10.0,,,,0.0,0.0,0.0,2024-03-01,,,"El CMGRD reportó atención de incendio forestal en la vereda Zapatica, atiende policía nacional y comunidad, apoyo de un carro tanque de la UNGRD se coordina apoyo del cuerpo de bomberos de Vélez, Estado",2024-03-01,0.0,0.0,0.0,True,Responded to,Forest fire,Undetermined,Municipal Disaster Risk Management Council of San Benito,CAS Environmental Authority,San Benito,Rural,Rural Hamlet Zapatica,Not reported,Not reported,False,,other,Other or unclassified,Agricultural or land impact recorded
2024 Mar 01 12:00:00 AM,ATENDIDO,2024-03-01T00:00:00.000,INCENDIO FORESTAL,INDETERMINADO,CMGRD DE SIMACOTA,CAS,SIMACOTA,RURAL,VEREDAS LA CAZUELA Y CAÑO LIMONES,0,0.0,0.0,0,0.0,0.0,0.0,20.0,,,,0.0,0.0,0.0,2024-03-01T00:00:00.000,,,"El CMGRD reportó atención de incendio forestal en la vereda La Plazuela y Caño Limones, atiende el cuerpo de bomberos de San Vicente de Chucurí. Estado LIQUIDADO afectación de 20 hectáreas de bosque nativo",REPORTE_DE_EVENTOS_POR_DESASTRES_NATURALES_Y_ANTRÓPICOS_(Histórico)_20260415.csv,EVT00878,2024-03-01,ATENDIDO,2024-03-01,INCENDIO FORESTAL,INDETERMINADO,CMGRD DE SIMACOTA,CAS,SIMACOTA,RURAL,VEREDAS LA CAZUELA Y CAÑO LIMONES,0.0,0.0,0.0,0,0.0,0.0,0.0,20.0,,,,0.0,0.0,0.0,2024-03-01,,,"El CMGRD reportó atención de incendio forestal en la vereda La Plazuela y Caño Limones, atiende el cuerpo de bomberos de San Vicente de Chucurí. Estado LIQUIDADO afectación de 20 hectáreas de bosque nativo",2024-03-01,0.0,0.0,0.0,True,Responded to,Forest fire,Undetermined,Municipal Disaster Risk Management Council of Simacota,CAS Environmental Authority,Simacota,Rural,Veredas the Cazuela and Cano Limones,Not reported,Not reported,False,,other,Other or unclassified,Agricultural or land impact recorded
2024 Mar 02 12:00:00 AM,ATENDIDO,2024-03-02T00:00:00.000,INCENDIO FORESTAL,INDETERMINADO,CMGRD DE MATANZA,CDMB,MATANZA,RURAL,VEREDA BACHIGA,0,0.0,0.0,0,0.0,0.0,0.0,12.0,,,,0.0,0.0,0.0,2024-03-02T00:00:00.000,,,"EL CMGRD reportó incendio forestal en la vereda Báchiga, atendido por bomberos, policía nacional y defensa civil de Matanza, desde la OGRD se coordinó apoyo de bomberos de Suratá, Vetas y ejercito Batallón Caldas y BIADE 81, apoyo de la comunidad. Estado LIQUIDADO afectación de 12 hectáreas de bosque nativo",REPORTE_DE_EVENTOS_POR_DESASTRES_NATURALES_Y_ANTRÓPICOS_(Histórico)_20260415.csv,EVT00879,2024-03-02,ATENDIDO,2024-03-02,INCENDIO FORESTAL,INDETERMINADO,CMGRD DE MATANZA,CDMB,MATANZA,RURAL,VEREDA BACHIGA,0.0,0.0,0.0,0,0.0,0.0,0.0,12.0,,,,0.0,0.0,0.0,2024-03-02,,,"EL CMGRD reportó incendio forestal en la vereda Báchiga, atendido por bomberos, policía nacional y defensa civil de Matanza, desde la OGRD se coordinó apoyo de bomberos de Suratá, Vetas y ejercito Batallón Caldas y BIADE 81, apoyo de la comunidad. Estado LIQUIDADO afectación de 12 hectáreas de bosque nativo",2024-03-01,0.0,0.0,0.0,True,Responded to,Forest fire,Undetermined,Municipal Disaster Risk Management Council of Matanza,CDMB Environmental Authority,Matanza,Rural,Rural Hamlet Bachiga,Not reported,Not reported,False,,other,Other or unclassified,Agricultural or land impact recorded
2024 Mar 04 12:00:00 AM,ATENDIDO,2024-03-04T00:00:00.000,INCENDIO FORESTAL,INDETERMINADO,CMGRD SABANA DE TORRES,CAS,SABANA DE TORRES,RURAL,VEREDAS AGUA BONITA Y LA RAYADA,0,0.0,0.0,0,0.0,0.0,0.0,40.0,,,,0.0,0.0,0.0,2024-02-04T00:00:00.000,,,"El comandante de bomberos reporta atención de tres incendios forestales en sectores de las veredas Agua Bonita y la Raya apoyados por la defensa civil y la comunidad, afectación de 40 hectáreas de pastizales y bosques",REPORTE_DE_EVENTOS_POR_DESASTRES_NATURALES_Y_ANTRÓPICOS_(Histórico)_20260415.csv,EVT00880,2024-03-04,ATENDIDO,2024-03-04,INCENDIO FORESTAL,INDETERMINADO,CMGRD SABANA DE TORRES,CAS,SABANA DE TORRES,RURAL,VEREDAS AGUA BONITA Y LA RAYADA,0.0,0.0,0.0,0,0.0,0.0,0.0,40.0,,,,0.0,0.0,0.0,2024-02-04,,,"El comandante de bomberos reporta atención de tres incendios forestales en sectores de las veredas Agua Bonita y la Raya apoyados por la defensa civil y la comunidad, afectación de 40 hectáreas de pastizales y bosques",2024-03-01,0.0,0.0,0.0,True,Responded to,Forest fire,Undetermined,Municipal Disaster Risk Management Council Sabana of Torres,CAS Environmental Authority,Sabana De Torres,Rural,Veredas Agua Bonita and the Rayada,Not reported,Not reported,False,,other,Other or unclassified,Agricultural or land impact recorded
2024 Mar 04 12:00:00 AM,ATENDIDO,2024-03-04T00:00:00.000,INCENDIO FORESTAL,INDETERMINADO,CMGRD DE PUERTO WILCHES,CAS,PUERTO WILCHES,RURAL,VEREDA KILOMETRO 8,0,0.0,0.0,0,0.0,0.0,0.0,30.0,,,,0.0,0.0,0.0,2024-02-04T00:00:00.000,,,"El comandante de bomberos reporta atención de incendio forestal en la vereda kilometro ocho, via hacia Bucaramanga, apoyo de la defensa civil y comunidad, afectación de 30 hectáreas de bosques.",REPORTE_DE_EVENTOS_POR_DESASTRES_NATURALES_Y_ANTRÓPICOS_(Histórico)_20260415.csv,EVT00881,2024-03-04,ATENDIDO,2024-03-04,INCENDIO FORESTAL,INDETERMINADO,CMGRD DE PUERTO WILCHES,CAS,PUERTO WILCHES,RURAL,VEREDA KILOMETRO 8,0.0,0.0,0.0,0,0.0,0.0,0.0,30.0,,,,0.0,0.0,0.0,2024-02-04,,,"El comandante de bomberos reporta atención de incendio forestal en la vereda kilometro ocho, via hacia Bucaramanga, apoyo de la defensa civil y comunidad, afectación de 30 hectáreas de bosques.",2024-03-01,0.0,0.0,0.0,True,Responded to,Forest fire,Undetermined,Municipal Disaster Risk Management Council of Puerto Wilches,CAS Environmental Authority,Puerto Wilches,Rural,Rural Hamlet Kilometro 8,Not reported,Not reported,False,,other,Other or unclassified,Agricultural or land impact recorded
2024 Mar 05 12:00:00 AM,ATENDIDO,2024-03-05T00:00:00.000,INCENDIO FORESTAL,INDETERMINADO,BOMBEROS DE SABANA,CAS,SABANA DE TORRES,RURAL,VEREDAS EL 80 Y LA FLECHA,0,0.0,0.0,0,0.0,0.0,0.0,20.0,,,,0.0,0.0,0.0,2024-03-05T00:00:00.000,,,"El comandante de bomberos reporta atención de 2 incendios forestales en sectores de las veredas EL 80 y la Flecha apoyados por la defensa civil y la comunidad, afectación de 20 hectáreas de pastizales y bosques, estados LIQUIDADOS",REPORTE_DE_EVENTOS_POR_DESASTRES_NATURALES_Y_ANTRÓPICOS_(Histórico)_20260415.csv,EVT00882,2024-03-05,ATENDIDO,2024-03-05,INCENDIO FORESTAL,INDETERMINADO,BOMBEROS DE SABANA,CAS,SABANA DE TORRES,RURAL,VEREDAS EL 80 Y LA FLECHA,0.0,0.0,0.0,0,0.0,0.0,0.0,20.0,,,,0.0,0.0,0.0,2024-03-05,,,"El comandante de bomberos reporta atención de 2 incendios forestales en sectores de las veredas EL 80 y la Flecha apoyados por la defensa civil y la comunidad, afectación de 20 hectáreas de pastizales y bosques, estados LIQUIDADOS",2024-03-01,0.0,0.0,0.0,True,Responded to,Forest fire,Undetermined,Fire Department of Sabana,CAS Environmental Authority,Sabana De Torres,Rural,Veredas the 80 and the Flecha,Not reported,Not reported,False,,other,Other or unclassified,Agricultural or land impact recorded
2024 Mar 05 12:00:00 AM,ATENDIDO,2024-03-05T00:00:00.000,INCENDIO FORESTAL,INDETERMINADO,BOMBEROS DE VILLANUEVA,CAS,VILLANUEVA,RURAL,VEREDA LA LAJITA,0,0.0,0.0,0,0.0,0.0,0.0,5.0,,,,0.0,0.0,0.0,2024-03-05T00:00:00.000,,,"El comandante de bomberos reporta atención de incendio forestal en la vereda la Lajita, atendido por 6 unidades de bomberos y la M-3,afectación de 5 hectáreas de bosques y pastizales, estado LIQUIDADO",REPORTE_DE_EVENTOS_POR_DESASTRES_NATURALES_Y_ANTRÓPICOS_(Histórico)_20260415.csv,EVT00883,2024-03-05,ATENDIDO,2024-03-05,INCENDIO FORESTAL,INDETERMINADO,BOMBEROS DE VILLANUEVA,CAS,VILLANUEVA,RURAL,VEREDA LA LAJITA,0.0,0.0,0.0,0,0.0,0.0,0.0,5.0,,,,0.0,0.0,0.0,2024-03-05,,,"El comandante de bomberos reporta atención de incendio forestal en la vereda la Lajita, atendido por 6 unidades de bomberos y la M-3,afectación de 5 hectáreas de bosques y pastizales, estado LIQUIDADO",2024-03-01,0.0,0.0,0.0,True,Responded to,Forest fire,Undetermined,Fire Department of Villanueva,CAS Environmental Authority,Villanueva,Rural,Rural Hamlet the Lajita,Not reported,Not reported,False,,other,Other or unclassified,Agricultural or land impact recorded
2024 Mar 05 12:00:00 AM,ATENDIDO,2024-03-05T00:00:00.000,INCENDIO FORESTAL,INDETERMINADO,CMGRD DE SAN BENITO,CAS,SAN BENITO,RURAL,VEREDA LA ZAPATICA,0,0.0,0.0,0,0.0,0.0,0.0,5.0,,,,0.0,0.0,0.0,2024-03-05T00:00:00.000,,,"EL CMGRD reporta la atención de un incendio forestal en la vereda la Zapatica, atendido por la policía nacional, funcionarios del CMGRD y la comunidad, evento recurrente, afectación de 5 hectáreas de bosques, estado LIQUIDADO",REPORTE_DE_EVENTOS_POR_DESASTRES_NATURALES_Y_ANTRÓPICOS_(Histórico)_20260415.csv,EVT00884,2024-03-05,ATENDIDO,2024-03-05,INCENDIO FORESTAL,INDETERMINADO,CMGRD DE SAN BENITO,CAS,SAN BENITO,RURAL,VEREDA LA ZAPATICA,0.0,0.0,0.0,0,0.0,0.0,0.0,5.0,,,,0.0,0.0,0.0,2024-03-05,,,"EL CMGRD reporta la atención de un incendio forestal en la vereda la Zapatica, atendido por la policía nacional, funcionarios del CMGRD y la comunidad, evento recurrente, afectación de 5 hectáreas de bosques, estado LIQUIDADO",2024-03-01,0.0,0.0,0.0,True,Responded to,Forest fire,Undetermined,Municipal Disaster Risk Management Council of San Benito,CAS Environmental Authority,San Benito,Rural,Rural Hamlet the Zapatica,Not reported,Not reported,False,,other,Other or unclassified,Agricultural or land impact recorded
2024 Mar 05 12:00:00 AM,ATENDIDO,2024-03-05T00:00:00.000,INCENDIO FORESTAL,INDETERMINADO,CMGRD DE RIONEGRO,CAS,RIONEGRO,RURAL,VEREDA LLANO DE PALMAS,0,0.0,0.0,0,0.0,0.0,0.0,10.0,,,,0.0,0.0,0.0,2024-03-05T00:00:00.000,,,"El comandante de bomberos reporta la atención de un incendio forestal en la vereda Llano de Palmas, atendido por 4 unidades de bomberos y apoyo de la comunidad, afectación de 2 hectáreas de vegetación natica, estado LIQUIDADO",REPORTE_DE_EVENTOS_POR_DESASTRES_NATURALES_Y_ANTRÓPICOS_(Histórico)_20260415.csv,EVT00885,2024-03-05,ATENDIDO,2024-03-05,INCENDIO FORESTAL,INDETERMINADO,CMGRD DE RIONEGRO,CAS,RIONEGRO,RURAL,VEREDA LLANO DE PALMAS,0.0,0.0,0.0,0,0.0,0.0,0.0,10.0,,,,0.0,0.0,0.0,2024-03-05,,,"El comandante de bomberos reporta la atención de un incendio forestal en la vereda Llano de Palmas, atendido por 4 unidades de bomberos y apoyo de la comunidad, afectación de 2 hectáreas de vegetación natica, estado LIQUIDADO",2024-03-01,0.0,0.0,0.0,True,Responded to,Forest fire,Undetermined,Municipal Disaster Risk Management Council of Rionegro,CAS Environmental Authority,Rionegro,Rural,Rural Hamlet Llano of Palmas,Not reported,Not reported,False,,other,Other or unclassified,Agricultural or land impact recorded
2024 Mar 05 12:00:00 AM,ATENDIDO,2024-03-05T00:00:00.000,INCENDIO FORESTAL,INDETERMINADO,BOMBEROS DE BUCARAMANGA,CDMB,BUCARAMANGA,URBANO,SECTOR LA INMACULADA,0,0.0,0.0,0,0.0,0.0,0.0,10.0,,,,0.0,0.0,0.0,2024-03-05T00:00:00.000,,,"El director del cuerpo oficial de bomberos reporta la atención de un incendio forestal en el sector la Inmaculada, atendido por 12 bomberos y apoyo de PONALSAR, estado LIQUIDADO afectación de 10 hectáreas de bosques y pastizales",REPORTE_DE_EVENTOS_POR_DESASTRES_NATURALES_Y_ANTRÓPICOS_(Histórico)_20260415.csv,EVT00886,2024-03-05,ATENDIDO,2024-03-05,INCENDIO FORESTAL,INDETERMINADO,BOMBEROS DE BUCARAMANGA,CDMB,BUCARAMANGA,URBANO,SECTOR LA INMACULADA,0.0,0.0,0.0,0,0.0,0.0,0.0,10.0,,,,0.0,0.0,0.0,2024-03-05,,,"El director del cuerpo oficial de bomberos reporta la atención de un incendio forestal en el sector la Inmaculada, atendido por 12 bomberos y apoyo de PONALSAR, estado LIQUIDADO afectación de 10 hectáreas de bosques y pastizales",2024-03-01,0.0,0.0,0.0,True,Responded to,Forest fire,Undetermined,Fire Department of Bucaramanga,CDMB Environmental Authority,Bucaramanga,Urban,Sector the Inmaculada,Not reported,Not reported,False,,other,Other or unclassified,Agricultural or land impact recorded
2024 Mar 06 12:00:00 AM,ATENDIDO,2024-03-06T00:00:00.000,INCENDIO FORESTAL,INDETERMINADO,BOMBEROS DE SABANA,CAS,SABANA DE TORRES,RURAL,VEREDA AGUA BONITA,0,0.0,0.0,0,0.0,0.0,0.0,10.0,,,,0.0,0.0,0.0,2024-03-06T00:00:00.000,,,"El comandante de bomberos reporta atención de 1 incendio forestal en la vereda Agua Bonita cerca a la bocatoma del acueducto apoyados por la defensa civil y la comunidad, afectación de 10 hectáreas de pastizales y bosques, estado LIQUIDADO",REPORTE_DE_EVENTOS_POR_DESASTRES_NATURALES_Y_ANTRÓPICOS_(Histórico)_20260415.csv,EVT00887,2024-03-06,ATENDIDO,2024-03-06,INCENDIO FORESTAL,INDETERMINADO,BOMBEROS DE SABANA,CAS,SABANA DE TORRES,RURAL,VEREDA AGUA BONITA,0.0,0.0,0.0,0,0.0,0.0,0.0,10.0,,,,0.0,0.0,0.0,2024-03-06,,,"El comandante de bomberos reporta atención de 1 incendio forestal en la vereda Agua Bonita cerca a la bocatoma del acueducto apoyados por la defensa civil y la comunidad, afectación de 10 hectáreas de pastizales y bosques, estado LIQUIDADO",2024-03-01,0.0,0.0,0.0,True,Responded to,Forest fire,Undetermined,Fire Department of Sabana,CAS Environmental Authority,Sabana De Torres,Rural,Rural Hamlet Agua Bonita,Not reported,Not reported,False,,other,Other or unclassified,Agricultural or land impact recorded
2024 Mar 07 12:00:00 AM,ATENDIDO,2024-03-07T00:00:00.000,INCENDIO FORESTAL,INDETERMINADO,BOMBEROS DE VELEZ,CAS,VELEZ,RURAL,VEREDA MONTE OSCURO,0,0.0,0.0,0,0.0,0.0,0.0,10.0,,,,0.0,0.0,0.0,2024-03-07T00:00:00.000,,,"El comandante de bomberos reporta atención de un incendio forestal en la vereda Monte Oscuro, afectación de 10 hectáreas de pastizales y bosques, estado LIQUIDADO",REPORTE_DE_EVENTOS_POR_DESASTRES_NATURALES_Y_ANTRÓPICOS_(Histórico)_20260415.csv,EVT00888,2024-03-07,ATENDIDO,2024-03-07,INCENDIO FORESTAL,INDETERMINADO,BOMBEROS DE VELEZ,CAS,VELEZ,RURAL,VEREDA MONTE OSCURO,0.0,0.0,0.0,0,0.0,0.0,0.0,10.0,,,,0.0,0.0,0.0,2024-03-07,,,"El comandante de bomberos reporta atención de un incendio forestal en la vereda Monte Oscuro, afectación de 10 hectáreas de pastizales y bosques, estado LIQUIDADO",2024-03-01,0.0,0.0,0.0,True,Responded to,Forest fire,Undetermined,Fire Department of Velez,CAS Environmental Authority,Velez,Rural,Rural Hamlet Monte Oscuro,Not reported,Not reported,False,,other,Other or unclassified,Agricultural or land impact recorded
2024 Mar 07 12:00:00 AM,ATENDIDO,2024-03-07T00:00:00.000,INCENDIO FORESTAL,INDETERMINADO,CMGRD DE GALAN,CAS,GALAN,RURAL,VEREDA SAN ISIDRO ALTO,0,0.0,0.0,0,0.0,0.0,0.0,25.0,,,,0.0,0.0,0.0,2024-03-07T00:00:00.000,,,"La alcaldesa municipal reporta incendio forestal en la vereda San Isidro Alto, atiende cuerpo de bomberos de Galán, se coordina apoyos de los cuerpos de bomberos de Villanueva y Barichara, estado ACTIVO",REPORTE_DE_EVENTOS_POR_DESASTRES_NATURALES_Y_ANTRÓPICOS_(Histórico)_20260415.csv,EVT00889,2024-03-07,ATENDIDO,2024-03-07,INCENDIO FORESTAL,INDETERMINADO,CMGRD DE GALAN,CAS,GALAN,RURAL,VEREDA SAN ISIDRO ALTO,0.0,0.0,0.0,0,0.0,0.0,0.0,25.0,,,,0.0,0.0,0.0,2024-03-07,,,"La alcaldesa municipal reporta incendio forestal en la vereda San Isidro Alto, atiende cuerpo de bomberos de Galán, se coordina apoyos de los cuerpos de bomberos de Villanueva y Barichara, estado ACTIVO",2024-03-01,0.0,0.0,0.0,True,Responded to,Forest fire,Undetermined,Municipal Disaster Risk Management Council of Galan,CAS Environmental Authority,Galan,Rural,Rural Hamlet San Isidro Alto,Not reported,Not reported,False,,other,Other or unclassified,Agricultural or land impact recorded
2024 Mar 09 12:00:00 AM,ATENDIDO,2024-03-09T00:00:00.000,INCENDIO FORESTAL,INDETERMINADO,CMGRD DE PUERTO WILCHES,CAS,PUERTO WILCHES,RURAL,VEREDA EL 15 EXTRACTORA MONTEREY,0,0.0,0.0,0,0.0,0.0,0.0,100.0,,,,0.0,0.0,0.0,2024-03-09T00:00:00.000,,,"El CMGRD reporta atención de un incendio forestal en la vereda km 15 cerca a la extractora Monterrey atendido por bomberos de Puerto Wilches,  brigadas de emergencias de la extractora, y de la empresa Bucarelia.  Más de 100 hectáreas de cultivo de palma de aceite afectadas. Estado LIQUIDADO",REPORTE_DE_EVENTOS_POR_DESASTRES_NATURALES_Y_ANTRÓPICOS_(Histórico)_20260415.csv,EVT00890,2024-03-09,ATENDIDO,2024-03-09,INCENDIO FORESTAL,INDETERMINADO,CMGRD DE PUERTO WILCHES,CAS,PUERTO WILCHES,RURAL,VEREDA EL 15 EXTRACTORA MONTEREY,0.0,0.0,0.0,0,0.0,0.0,0.0,100.0,,,,0.0,0.0,0.0,2024-03-09,,,"El CMGRD reporta atención de un incendio forestal en la vereda km 15 cerca a la extractora Monterrey atendido por bomberos de Puerto Wilches, brigadas de emergencias de la extractora, y de la empresa Bucarelia. Más de 100 hectáreas de cultivo de palma de aceite afectadas. Estado LIQUIDADO",2024-03-01,0.0,0.0,0.0,True,Responded to,Forest fire,Undetermined,Municipal Disaster Risk Management Council of Puerto Wilches,CAS Environmental Authority,Puerto Wilches,Rural,Rural Hamlet the 15 Extractora Monterey,Not reported,Not reported,False,,other,Other or unclassified,Agricultural or land impact recorded
2024 Mar 09 12:00:00 AM,ATENDIDO,2024-03-09T00:00:00.000,INCENDIO FORESTAL,INDETERMINADO,BOMBEROS DE ZAPATOCA,CAS,ZAPATOCA,RURAL,CORREGIMIENTO LA FUENTE,0,0.0,0.0,0,0.0,0.0,0.0,10.0,,,,0.0,0.0,0.0,2024-03-09T00:00:00.000,,,"el comandante de bomberos reporta atención de incendio forestal en el corregimiento la Fuente, atendido por bomberos de Zapatoca y la comunidad. Afectación de 10 hectáreas de bosques, estado LIQUIDADO",REPORTE_DE_EVENTOS_POR_DESASTRES_NATURALES_Y_ANTRÓPICOS_(Histórico)_20260415.csv,EVT00891,2024-03-09,ATENDIDO,2024-03-09,INCENDIO FORESTAL,INDETERMINADO,BOMBEROS DE ZAPATOCA,CAS,ZAPATOCA,RURAL,CORREGIMIENTO LA FUENTE,0.0,0.0,0.0,0,0.0,0.0,0.0,10.0,,,,0.0,0.0,0.0,2024-03-09,,,"el comandante de bomberos reporta atención de incendio forestal en el corregimiento la Fuente, atendido por bomberos de Zapatoca y la comunidad. Afectación de 10 hectáreas de bosques, estado LIQUIDADO",2024-03-01,0.0,0.0,0.0,True,Responded to,Forest fire,Undetermined,Fire Department of Zapatoca,CAS Environmental Authority,Zapatoca,Rural,Township the Fuente,Not reported,Not reported,False,,other,Other or unclassified,Agricultural or land impact recorded
2024 Mar 09 12:00:00 AM,ATENDIDO,2024-03-10T00:00:00.000,INCENDIO FORESTAL,INDETERMINADO,BOMBEROS DE RIONEGRO,CDMB,RIONEGRO,RURAL,VEREDA CALICHANA,0,0.0,0.0,0,0.0,0.0,0.0,25.0,,,,0.0,0.0,0.0,2024-03-09T00:00:00.000,,,"El comandante de bomberos reporta incendio forestal en la vereda Calichana, atiende cuerpo de bomberos de Rionegro, apoyo de la comunidad, controlado en un 70% estado ACTIVO",REPORTE_DE_EVENTOS_POR_DESASTRES_NATURALES_Y_ANTRÓPICOS_(Histórico)_20260415.csv,EVT00892,2024-03-09,ATENDIDO,2024-03-10,INCENDIO FORESTAL,INDETERMINADO,BOMBEROS DE RIONEGRO,CDMB,RIONEGRO,RURAL,VEREDA CALICHANA,0.0,0.0,0.0,0,0.0,0.0,0.0,25.0,,,,0.0,0.0,0.0,2024-03-09,,,"El comandante de bomberos reporta incendio forestal en la vereda Calichana, atiende cuerpo de bomberos de Rionegro, apoyo de la comunidad, controlado en un 70% estado ACTIVO",2024-03-01,0.0,0.0,0.0,True,Responded to,Forest fire,Undetermined,Fire Department of Rionegro,CDMB Environmental Authority,Rionegro,Rural,Rural Hamlet Calichana,Not reported,Not reported,False,,other,Other or unclassified,Agricultural or land impact recorded
2024 Mar 12 12:00:00 AM,ATENDIDO,2024-03-12T00:00:00.000,INCENDIO FORESTAL,INDETERMINADO,BOMBEROS Y DEFENSA CIVIL CURITI,CAS,CURITI,RURAL,VEREDA PALO BLANCO,0,0.0,0.0,0,0.0,0.0,0.0,6.0,,,,0.0,0.0,0.0,2024-03-12T00:00:00.000,,,"El CMGRD reporta atención de incendio forestal en la vereda Palo Blanco parte Alta sector las Antenas, se coordina respuesta de bomberos voluntarios y defensa civil, estado LIQUIDADO, AFECTACION 6 HECTAREAS DE BOSQUES",REPORTE_DE_EVENTOS_POR_DESASTRES_NATURALES_Y_ANTRÓPICOS_(Histórico)_20260415.csv,EVT00893,2024-03-12,ATENDIDO,2024-03-12,INCENDIO FORESTAL,INDETERMINADO,BOMBEROS Y DEFENSA CIVIL CURITI,CAS,CURITI,RURAL,VEREDA PALO BLANCO,0.0,0.0,0.0,0,0.0,0.0,0.0,6.0,,,,0.0,0.0,0.0,2024-03-12,,,"El CMGRD reporta atención de incendio forestal en la vereda Palo Blanco parte Alta sector las Antenas, se coordina respuesta de bomberos voluntarios y defensa civil, estado LIQUIDADO, AFECTACION 6 HECTAREAS DE BOSQUES",2024-03-01,0.0,0.0,0.0,True,Responded to,Forest fire,Undetermined,Fire Department and Civil Defense Curiti,CAS Environmental Authority,Curiti,Rural,Rural Hamlet Palo Blanco,Not reported,Not reported,False,,other,Other or unclassified,Agricultural or land impact recorded
2024 Mar 16 12:00:00 AM,ATENDIDO,2024-03-16T00:00:00.000,INCENDIO FORESTAL,INDETERMINADO,CMGRD DE PIEDECUESTA,CDMB,PIEDECUESTA,RURAL,VEREDA EL VOLADOR,0,0.0,0.0,0,0.0,0.0,0.0,20.0,,,,0.0,0.0,0.0,2024-03-16T00:00:00.000,,,"El CMGRD reporto incendio forestal en el Sector vereda el Volador Coordenadas 6°55'44.6"" N -73°03'74.7"" W atiende bomberos voluntarios 4 máquinas C.I 18 unidades, apoyo 4 unidades defensa civil 6 unidades PONALSAR, 26 unidades del ejército BIADE 81afectacion POR ESTABLECER estado CONTROLADO 80% En monitoreo permanente. Se programa reiniciar labores a las 5 a.m de mañana 19-03-2024",REPORTE_DE_EVENTOS_POR_DESASTRES_NATURALES_Y_ANTRÓPICOS_(Histórico)_20260415.csv,EVT00894,2024-03-16,ATENDIDO,2024-03-16,INCENDIO FORESTAL,INDETERMINADO,CMGRD DE PIEDECUESTA,CDMB,PIEDECUESTA,RURAL,VEREDA EL VOLADOR,0.0,0.0,0.0,0,0.0,0.0,0.0,20.0,,,,0.0,0.0,0.0,2024-03-16,,,"El CMGRD reporto incendio forestal en el Sector vereda el Volador Coordenadas 6°55'44.6"" N -73°03'74.7"" W atiende bomberos voluntarios 4 máquinas C.I 18 unidades, apoyo 4 unidades defensa civil 6 unidades PONALSAR, 26 unidades del ejército BIADE 81afectacion POR ESTABLECER estado CONTROLADO 80% En monitoreo permanente. Se programa reiniciar labores a las 5 a.m de mañana 19-03-2024",2024-03-01,0.0,0.0,0.0,True,Responded to,Forest fire,Undetermined,Municipal Disaster Risk Management Council of Piedecuesta,CDMB Environmental Authority,Piedecuesta,Rural,Rural Hamlet the Volador,Not reported,Not reported,False,,other,Other or unclassified,Agricultural or land impact recorded
2024 Mar 16 12:00:00 AM,ATENDIDO,2024-03-16T00:00:00.000,INCENDIO FORESTAL,INDETERMINADO,RUTA DEL CACAO Y BOMBEROS DE FLORIDA,CDMB,GIRON,RURAL,RUTA DEL CACAO  PR-26,0,0.0,0.0,0,0.0,0.0,0.0,15.0,,,,0.0,0.0,0.0,2024-03-16T00:00:00.000,,,El jefe de operaciones de la ruta del Cacao reporta incendio forestal en el Sector PR-26 Vía Bucaramanga - Barrancabermeja entrada a Puerto la Cruz Coordenadas latitud:7.0927708793321615 Longitud: -73.37677973952441 atiende bomberos voluntarios Floridablanca afectación POR establecer estado LIQUIDADO afectacion 15 hectareas de bosques,REPORTE_DE_EVENTOS_POR_DESASTRES_NATURALES_Y_ANTRÓPICOS_(Histórico)_20260415.csv,EVT00895,2024-03-16,ATENDIDO,2024-03-16,INCENDIO FORESTAL,INDETERMINADO,RUTA DEL CACAO Y BOMBEROS DE FLORIDA,CDMB,GIRON,RURAL,RUTA DEL CACAO PR-26,0.0,0.0,0.0,0,0.0,0.0,0.0,15.0,,,,0.0,0.0,0.0,2024-03-16,,,El jefe de operaciones de la ruta del Cacao reporta incendio forestal en el Sector PR-26 Vía Bucaramanga - Barrancabermeja entrada a Puerto la Cruz Coordenadas latitud:7.0927708793321615 Longitud: -73.37677973952441 atiende bomberos voluntarios Floridablanca afectación POR establecer estado LIQUIDADO afectacion 15 hectareas de bosques,2024-03-01,0.0,0.0,0.0,True,Responded to,Forest fire,Undetermined,Ruta of the Cacao and Fire Department of Florida,CDMB Environmental Authority,Giron,Rural,Ruta of the Cacao Pr-26,Not reported,Not reported,False,,other,Other or unclassified,Agricultural or land impact recorded
2024 Mar 16 12:00:00 AM,ATENDIDO,2024-03-16T00:00:00.000,INCENDIO FORESTAL,INDETERMINADO,BOMBEROS DE BARICHARA,CAS,BARICHARA,RURAL,VEREDA PARAMITO,0,0.0,0.0,0,0.0,0.0,0.0,4.0,,,,0.0,0.0,0.0,2024-03-16T00:00:00.000,,,"El comandante de bomberos reporta la atención de un incendio forestal en la vereda el Paramito atendido por bomberos voluntarios, apoyo de defensa civil y policía nacional, afectación de 4 hectáreas de bosques, estado liquidado",REPORTE_DE_EVENTOS_POR_DESASTRES_NATURALES_Y_ANTRÓPICOS_(Histórico)_20260415.csv,EVT00896,2024-03-16,ATENDIDO,2024-03-16,INCENDIO FORESTAL,INDETERMINADO,BOMBEROS DE BARICHARA,CAS,BARICHARA,RURAL,VEREDA PARAMITO,0.0,0.0,0.0,0,0.0,0.0,0.0,4.0,,,,0.0,0.0,0.0,2024-03-16,,,"El comandante de bomberos reporta la atención de un incendio forestal en la vereda el Paramito atendido por bomberos voluntarios, apoyo de defensa civil y policía nacional, afectación de 4 hectáreas de bosques, estado liquidado",2024-03-01,0.0,0.0,0.0,True,Responded to,Forest fire,Undetermined,Fire Department of Barichara,CAS Environmental Authority,Barichara,Rural,Rural Hamlet Paramito,Not reported,Not reported,False,,other,Other or unclassified,Agricultural or land impact recorded
2024 Mar 19 12:00:00 AM,ATENDIDO,2024-03-19T00:00:00.000,INCENDIO FORESTAL,INDETERMINADO,CMGRD DE SIMACOTA,CAS,SIMACOTA,RURAL,VEREDA AGUAS BLANCAS BAJO SIMACOTA,4,0.0,4.0,0,0.0,0.0,0.0,0.0,,,,0.0,0.0,0.0,2024-03-19T00:00:00.000,,,"El CMGRD reporta fuertes lluvias y tormentas eléctricas en la vereda Aguas Blancas del bajo Simacota, afectación en líneas eléctricas, caída de árboles y algunas viviendas destechadas, se adelanta la evaluación de daños y análisis de necesidades",REPORTE_DE_EVENTOS_POR_DESASTRES_NATURALES_Y_ANTRÓPICOS_(Histórico)_20260415.csv,EVT00897,2024-03-19,ATENDIDO,2024-03-19,INCENDIO FORESTAL,INDETERMINADO,CMGRD DE SIMACOTA,CAS,SIMACOTA,RURAL,VEREDA AGUAS BLANCAS BAJO SIMACOTA,4.0,0.0,4.0,0,0.0,0.0,0.0,0.0,,,,0.0,0.0,0.0,2024-03-19,,,"El CMGRD reporta fuertes lluvias y tormentas eléctricas en la vereda Aguas Blancas del bajo Simacota, afectación en líneas eléctricas, caída de árboles y algunas viviendas destechadas, se adelanta la evaluación de daños y análisis de necesidades",2024-03-01,0.0,4.0,0.0,True,Responded to,Forest fire,Undetermined,Municipal Disaster Risk Management Council of Simacota,CAS Environmental Authority,Simacota,Rural,Rural Hamlet Aguas Blancas Bajo Simacota,Not reported,Not reported,False,,other,Other or unclassified,Housing damage recorded
2024 Mar 19 12:00:00 AM,ATENDIDO,2024-03-19T00:00:00.000,INCENDIO FORESTAL,INDETERMINADO,CMGRD DE BARRANCABERMEJA,CAS,BARRANCABERMEJA,RURAL,VEREDA EL LLANITO,6,0.0,6.0,0,0.0,0.0,0.0,0.0,,,,0.0,0.0,0.0,2024-03-19T00:00:00.000,,,"EL CMGRD reporta fuertes lluvias y tormentas eléctricas en el corregimiento el LLanito, caída de árboles y algunas viviendas destechadas, se adelanta la evaluación de daños y análisis de necesidades",REPORTE_DE_EVENTOS_POR_DESASTRES_NATURALES_Y_ANTRÓPICOS_(Histórico)_20260415.csv,EVT00898,2024-03-19,ATENDIDO,2024-03-19,INCENDIO FORESTAL,INDETERMINADO,CMGRD DE BARRANCABERMEJA,CAS,BARRANCABERMEJA,RURAL,VEREDA EL LLANITO,6.0,0.0,6.0,0,0.0,0.0,0.0,0.0,,,,0.0,0.0,0.0,2024-03-19,,,"EL CMGRD reporta fuertes lluvias y tormentas eléctricas en el corregimiento el LLanito, caída de árboles y algunas viviendas destechadas, se adelanta la evaluación de daños y análisis de necesidades",2024-03-01,0.0,6.0,0.0,True,Responded to,Forest fire,Undetermined,Municipal Disaster Risk Management Council of Barrancabermeja,CAS Environmental Authority,Barrancabermeja,Rural,Rural Hamlet the Llanito,Not reported,Not reported,False,,other,Other or unclassified,Housing damage recorded
2024 Mar 20 12:00:00 AM,ATENDIDO,2024-03-20T00:00:00.000,INCENDIO FORESTAL,INDETERMINADO,CMGRD DE CARCASI,CAS,CARCASI,RURAL,VEREDA SAN JACINTO,0,0.0,0.0,0,0.0,0.0,0.0,10.0,,,,0.0,0.0,0.0,2024-03-20T00:00:00.000,,,"El alcalde municipal reporta atención de incendio forestal en la vereda San Jacinto, sector la Ramada, atendido por bomberos de Carcasí, apoyados por bomberos voluntarios de Enciso y San Miguel, afectación de 10 hectáreas de bosque nativo, estado LIQUIDADO",REPORTE_DE_EVENTOS_POR_DESASTRES_NATURALES_Y_ANTRÓPICOS_(Histórico)_20260415.csv,EVT00899,2024-03-20,ATENDIDO,2024-03-20,INCENDIO FORESTAL,INDETERMINADO,CMGRD DE CARCASI,CAS,CARCASI,RURAL,VEREDA SAN JACINTO,0.0,0.0,0.0,0,0.0,0.0,0.0,10.0,,,,0.0,0.0,0.0,2024-03-20,,,"El alcalde municipal reporta atención de incendio forestal en la vereda San Jacinto, sector la Ramada, atendido por bomberos de Carcasí, apoyados por bomberos voluntarios de Enciso y San Miguel, afectación de 10 hectáreas de bosque nativo, estado LIQUIDADO",2024-03-01,0.0,0.0,0.0,True,Responded to,Forest fire,Undetermined,Municipal Disaster Risk Management Council of Carcasi,CAS Environmental Authority,Carcasi,Rural,Rural Hamlet San Jacinto,Not reported,Not reported,False,,other,Other or unclassified,Agricultural or land impact recorded
2024 Mar 20 12:00:00 AM,ATENDIDO,2024-03-20T00:00:00.000,INCENDIO FORESTAL,INDETERMINADO,CMGRD DE ENCINO,CAS,ENCINO,RURAL,VEREDA SAN PEDRO ALTO,0,0.0,0.0,0,0.0,0.0,0.0,4.0,,,,0.0,0.0,0.0,2024-03-20T00:00:00.000,,,"El alcalde municipal reporta atención de incendio forestal en la vereda San Pedro Alto, atendido por funcionarios de la alcaldía, policía nacional Y comunidad, las lluvias de la noche anterior lograron liquidar el incendio.",REPORTE_DE_EVENTOS_POR_DESASTRES_NATURALES_Y_ANTRÓPICOS_(Histórico)_20260415.csv,EVT00900,2024-03-20,ATENDIDO,2024-03-20,INCENDIO FORESTAL,INDETERMINADO,CMGRD DE ENCINO,CAS,ENCINO,RURAL,VEREDA SAN PEDRO ALTO,0.0,0.0,0.0,0,0.0,0.0,0.0,4.0,,,,0.0,0.0,0.0,2024-03-20,,,"El alcalde municipal reporta atención de incendio forestal en la vereda San Pedro Alto, atendido por funcionarios de la alcaldía, policía nacional Y comunidad, las lluvias de la noche anterior lograron liquidar el incendio.",2024-03-01,0.0,0.0,0.0,True,Responded to,Forest fire,Undetermined,Municipal Disaster Risk Management Council of Encino,CAS Environmental Authority,Encino,Rural,Rural Hamlet San Pedro Alto,Not reported,Not reported,False,,other,Other or unclassified,Agricultural or land impact recorded
2024 Mar 20 12:00:00 AM,ATENDIDO,2024-03-20T00:00:00.000,INCENDIO FORESTAL,INDETERMINADO,BOMBEROS DE FLORIDABLANCA,CAS,GIRON,RURAL,VEREDA EL MOTOZO,0,0.0,0.0,0,0.0,0.0,0.0,15.0,,,,0.0,0.0,0.0,2024-03-20T00:00:00.000,,,"El CMGRD reporta atención de incendio forestal en la vereda Motozo límites con Lebrija, atendido por el cuerpo de bomberos de Floridablanca, apoyados por la comunidad, afectación de 15 hectáreas de bosque nativo, estado LIQUIDADO",REPORTE_DE_EVENTOS_POR_DESASTRES_NATURALES_Y_ANTRÓPICOS_(Histórico)_20260415.csv,EVT00901,2024-03-20,ATENDIDO,2024-03-20,INCENDIO FORESTAL,INDETERMINADO,BOMBEROS DE FLORIDABLANCA,CAS,GIRON,RURAL,VEREDA EL MOTOZO,0.0,0.0,0.0,0,0.0,0.0,0.0,15.0,,,,0.0,0.0,0.0,2024-03-20,,,"El CMGRD reporta atención de incendio forestal en la vereda Motozo límites con Lebrija, atendido por el cuerpo de bomberos de Floridablanca, apoyados por la comunidad, afectación de 15 hectáreas de bosque nativo, estado LIQUIDADO",2024-03-01,0.0,0.0,0.0,True,Responded to,Forest fire,Undetermined,Fire Department of Floridablanca,CAS Environmental Authority,Giron,Rural,Rural Hamlet the Motozo,Not reported,Not reported,False,,other,Other or unclassified,Agricultural or land impact recorded
2024 Mar 27 12:00:00 AM,ATENDIDO,2024-03-30T00:00:00.000,INCENDIO FORESTAL,INDETERMINADO,CMGRD DE RIONEGRO,CDMB,RIONEGRO,RURAL,VEREDA MUZANDA SECTOR PUERTO PRINCIPE,0,0.0,0.0,0,0.0,0.0,0.0,200.0,,,,0.0,0.0,0.0,2024-03-27T00:00:00.000,,,"EL CMGRD reporto incendio forestal en la vereda Muzandá sector Puerto Prince (bajo Rionegro) Atendido por: 7 bomberos de Rionegro, apoyo 12 bomberos de San Alberto (Cesar) y 70 personas de la comunidad Afectación: 200 hectáreas de pastizales y cultivos de palma de aceite. Causas: en investigación de las autoridades. NOTA: durante tres días los organismos de socorro lucharon con las llamas hasta controlarlo el día 30-03-2024 al finalizar la tarde, estado LIQUIDADO",REPORTE_DE_EVENTOS_POR_DESASTRES_NATURALES_Y_ANTRÓPICOS_(Histórico)_20260415.csv,EVT00902,2024-03-27,ATENDIDO,2024-03-30,INCENDIO FORESTAL,INDETERMINADO,CMGRD DE RIONEGRO,CDMB,RIONEGRO,RURAL,VEREDA MUZANDA SECTOR PUERTO PRINCIPE,0.0,0.0,0.0,0,0.0,0.0,0.0,200.0,,,,0.0,0.0,0.0,2024-03-27,,,"EL CMGRD reporto incendio forestal en la vereda Muzandá sector Puerto Prince (bajo Rionegro) Atendido por: 7 bomberos de Rionegro, apoyo 12 bomberos de San Alberto (Cesar) y 70 personas de la comunidad Afectación: 200 hectáreas de pastizales y cultivos de palma de aceite. Causas: en investigación de las autoridades. NOTA: durante tres días los organismos de socorro lucharon con las llamas hasta controlarlo el día 30-03-2024 al finalizar la tarde, estado LIQUIDADO",2024-03-01,0.0,0.0,0.0,True,Responded to,Forest fire,Undetermined,Municipal Disaster Risk Management Council of Rionegro,CDMB Environmental Authority,Rionegro,Rural,Rural Hamlet Muzanda Sector Puerto Principe,Not reported,Not reported,False,,other,Other or unclassified,Agricultural or land impact recorded
2024 Mar 27 12:00:00 AM,ATENDIDO,2024-03-27T00:00:00.000,INCENDIO FORESTAL,INDETERMINADO,BOMBEROS DE SABANA,CAS,SABANA DE TORRES,RURAL,VEREDA AGUAS CLARAS,0,0.0,0.0,0,0.0,0.0,0.0,15.0,,,,0.0,0.0,0.0,2024-03-27T00:00:00.000,,,"EL CMGRD reporta atención de incendio forestal en la vereda Aguas Claras Atendido por: Bomberos Voluntarios de Sabana de Torres Afectación: 15 hectáreas de bosque nativo Causas: indeterminadas, estado LIQUIDADO",REPORTE_DE_EVENTOS_POR_DESASTRES_NATURALES_Y_ANTRÓPICOS_(Histórico)_20260415.csv,EVT00903,2024-03-27,ATENDIDO,2024-03-27,INCENDIO FORESTAL,INDETERMINADO,BOMBEROS DE SABANA,CAS,SABANA DE TORRES,RURAL,VEREDA AGUAS CLARAS,0.0,0.0,0.0,0,0.0,0.0,0.0,15.0,,,,0.0,0.0,0.0,2024-03-27,,,"EL CMGRD reporta atención de incendio forestal en la vereda Aguas Claras Atendido por: Bomberos Voluntarios de Sabana de Torres Afectación: 15 hectáreas de bosque nativo Causas: indeterminadas, estado LIQUIDADO",2024-03-01,0.0,0.0,0.0,True,Responded to,Forest fire,Undetermined,Fire Department of Sabana,CAS Environmental Authority,Sabana De Torres,Rural,Rural Hamlet Aguas Claras,Not reported,Not reported,False,,other,Other or unclassified,Agricultural or land impact recorded
2024 Mar 29 12:00:00 AM,ATENDIDO,2024-03-29T00:00:00.000,INCENDIO FORESTAL,INDETERMINADO,CMGRD DE GUEPSA,CAS,GUEPSA,RURAL,VIA NACIONAL HACIA BARBOSA,0,0.0,0.0,0,0.0,0.0,0.0,2.0,,,,0.0,0.0,0.0,2024-03-29T00:00:00.000,,,"EL CMGRD reporta atención de incendio forestal en vía nacional Guepsa – Barbosa Atendido por: cuerpos de bomberos de Barbosa, Vélez y San Jose de Pare (Boyacá) Afectación: 2 hectáreas de cultivo de caña Causas: indeterminadas, estado LIQUIDADO",REPORTE_DE_EVENTOS_POR_DESASTRES_NATURALES_Y_ANTRÓPICOS_(Histórico)_20260415.csv,EVT00904,2024-03-29,ATENDIDO,2024-03-29,INCENDIO FORESTAL,INDETERMINADO,CMGRD DE GUEPSA,CAS,GUEPSA,RURAL,VIA NACIONAL HACIA BARBOSA,0.0,0.0,0.0,0,0.0,0.0,0.0,2.0,,,,0.0,0.0,0.0,2024-03-29,,,"EL CMGRD reporta atención de incendio forestal en vía nacional Guepsa – Barbosa Atendido por: cuerpos de bomberos de Barbosa, Vélez y San Jose de Pare (Boyacá) Afectación: 2 hectáreas de cultivo de caña Causas: indeterminadas, estado LIQUIDADO",2024-03-01,0.0,0.0,0.0,True,Responded to,Forest fire,Undetermined,Municipal Disaster Risk Management Council of Guepsa,CAS Environmental Authority,Guepsa,Rural,Road Nacional Hacia Barbosa,Not reported,Not reported,False,,other,Other or unclassified,Agricultural or land impact recorded
2024 Mar 30 12:00:00 AM,ATENDIDO,2024-03-30T00:00:00.000,INCENDIO FORESTAL,INDETERMINADO,CMGRD DE MOGOTES,CAS,MOGOTES,RURAL,VEREDA PITIGUAO,0,0.0,0.0,0,0.0,0.0,0.0,3.0,,,,0.0,0.0,0.0,2024-03-30T00:00:00.000,,,"EL CMGRD reporta atención de incendio forestal en la Vereda Pitiguao Atendido por: cuerpo de bomberos voluntarios de Mogotes Afectación: 3 hectáreas de bosque nativo Causas: en investigación de las autoridades, estado LIQUIDADO",REPORTE_DE_EVENTOS_POR_DESASTRES_NATURALES_Y_ANTRÓPICOS_(Histórico)_20260415.csv,EVT00905,2024-03-30,ATENDIDO,2024-03-30,INCENDIO FORESTAL,INDETERMINADO,CMGRD DE MOGOTES,CAS,MOGOTES,RURAL,VEREDA PITIGUAO,0.0,0.0,0.0,0,0.0,0.0,0.0,3.0,,,,0.0,0.0,0.0,2024-03-30,,,"EL CMGRD reporta atención de incendio forestal en la Vereda Pitiguao Atendido por: cuerpo de bomberos voluntarios de Mogotes Afectación: 3 hectáreas de bosque nativo Causas: en investigación de las autoridades, estado LIQUIDADO",2024-03-01,0.0,0.0,0.0,True,Responded to,Forest fire,Undetermined,Municipal Disaster Risk Management Council of Mogotes,CAS Environmental Authority,Mogotes,Rural,Rural Hamlet Pitiguao,Not reported,Not reported,False,,other,Other or unclassified,Agricultural or land impact recorded
2024 Mar 30 12:00:00 AM,ATENDIDO,2024-03-30T00:00:00.000,INCENDIO FORESTAL,INDETERMINADO,BOMBEROS DE MALAGA,CAS,SAN JOSE DE MIRANDA,RURAL,VEREDAS MONTERREDONDO Y EL JUNCAL,0,0.0,0.0,0,0.0,0.0,0.0,12.0,,,,0.0,0.0,0.0,2024-03-30T00:00:00.000,,,"El comandante de bomberos de Malaga reporta la atención de un incendio forestal en las veredas Monte redondo y el Juncal, 12 hectáreas de pastizales y bosques afectados, estado LIQUIDADO",REPORTE_DE_EVENTOS_POR_DESASTRES_NATURALES_Y_ANTRÓPICOS_(Histórico)_20260415.csv,EVT00906,2024-03-30,ATENDIDO,2024-03-30,INCENDIO FORESTAL,INDETERMINADO,BOMBEROS DE MALAGA,CAS,SAN JOSE DE MIRANDA,RURAL,VEREDAS MONTERREDONDO Y EL JUNCAL,0.0,0.0,0.0,0,0.0,0.0,0.0,12.0,,,,0.0,0.0,0.0,2024-03-30,,,"El comandante de bomberos de Malaga reporta la atención de un incendio forestal en las veredas Monte redondo y el Juncal, 12 hectáreas de pastizales y bosques afectados, estado LIQUIDADO",2024-03-01,0.0,0.0,0.0,True,Responded to,Forest fire,Undetermined,Fire Department of Malaga,CAS Environmental Authority,San Jose De Miranda,Rural,Veredas Monterredondo and the Juncal,Not reported,Not reported,False,,other,Other or unclassified,Agricultural or land impact recorded
2024 Apr 06 12:00:00 AM,ATENDIDO,2024-04-06T00:00:00.000,INCENDIO FORESTAL,INDETERMINADO,BOMBEROS DE LOS SANTOS,CAS,LOS SANTOS,RURAL,VEREDA EL ESPINAL,0,0.0,0.0,2,0.0,0.0,0.0,100.0,,,,0.0,0.0,0.0,2024-04-06T00:00:00.000,,,"El comandante de bomberos reportó atención de incendio forestal en la vereda el Espinal, atendido por 18 unidades de bomberos y mas de 50 personas de la comunidad, afectación mas de 100 hectáreas de vegetación nativa apx.  perdida en líneas de conducción de 2 acueductos, se adelantan los EDAN, estado liquidado",REPORTE_DE_EVENTOS_POR_DESASTRES_NATURALES_Y_ANTRÓPICOS_(Histórico)_20260415.csv,EVT00907,2024-04-06,ATENDIDO,2024-04-06,INCENDIO FORESTAL,INDETERMINADO,BOMBEROS DE LOS SANTOS,CAS,LOS SANTOS,RURAL,VEREDA EL ESPINAL,0.0,0.0,0.0,2,0.0,0.0,0.0,100.0,,,,0.0,0.0,0.0,2024-04-06,,,"El comandante de bomberos reportó atención de incendio forestal en la vereda el Espinal, atendido por 18 unidades de bomberos y mas de 50 personas de la comunidad, afectación mas de 100 hectáreas de vegetación nativa apx. perdida en líneas de conducción de 2 acueductos, se adelantan los EDAN, estado liquidado",2024-04-01,0.0,0.0,2.0,True,Responded to,Forest fire,Undetermined,Fire Department of Los Santos,CAS Environmental Authority,Los Santos,Rural,Rural Hamlet the Espinal,Not reported,Not reported,False,,other,Other or unclassified,Infrastructure damage recorded
2024 Apr 06 12:00:00 AM,ATENDIDO,2024-04-06T00:00:00.000,INCENDIO FORESTAL,INDETERMINADO,BOMBEROS DE MATANZA,CDMB,MATANZA,RURAL,SALIDA HACIA BUCARAMANGA,0,0.0,0.0,0,0.0,0.0,0.0,2.0,,,,0.0,0.0,0.0,2024-04-06T00:00:00.000,,,"El comandante de bomberos reportó atención de incendio forestal área rural salida hacia Bucaramanga, 2 hectáreas afectadas, estado LIQUIDADO",REPORTE_DE_EVENTOS_POR_DESASTRES_NATURALES_Y_ANTRÓPICOS_(Histórico)_20260415.csv,EVT00908,2024-04-06,ATENDIDO,2024-04-06,INCENDIO FORESTAL,INDETERMINADO,BOMBEROS DE MATANZA,CDMB,MATANZA,RURAL,SALIDA HACIA BUCARAMANGA,0.0,0.0,0.0,0,0.0,0.0,0.0,2.0,,,,0.0,0.0,0.0,2024-04-06,,,"El comandante de bomberos reportó atención de incendio forestal área rural salida hacia Bucaramanga, 2 hectáreas afectadas, estado LIQUIDADO",2024-04-01,0.0,0.0,0.0,True,Responded to,Forest fire,Undetermined,Fire Department of Matanza,CDMB Environmental Authority,Matanza,Rural,Salida Hacia Bucaramanga,Not reported,Not reported,False,,other,Other or unclassified,Agricultural or land impact recorded
2024 Apr 07 12:00:00 AM,ATENDIDO,2024-04-07T00:00:00.000,INCENDIO FORESTAL,INDETERMINADO,BOMBEROS DE RIONEGRO,CDMB,RIONEGRO,RURAL,VEREDA LA TIGRA,0,0.0,0.0,0,0.0,0.0,0.0,10.0,,,,0.0,0.0,0.0,2024-04-07T00:00:00.000,,,"El comandante de bomberos reportó atención de incendio forestal en la vereda La Tigra, atendido por 6 unidades de bomberos, afectación de 10 hectáreas de vegetación nativa apx.  Estado LIQUIDADO",REPORTE_DE_EVENTOS_POR_DESASTRES_NATURALES_Y_ANTRÓPICOS_(Histórico)_20260415.csv,EVT00909,2024-04-07,ATENDIDO,2024-04-07,INCENDIO FORESTAL,INDETERMINADO,BOMBEROS DE RIONEGRO,CDMB,RIONEGRO,RURAL,VEREDA LA TIGRA,0.0,0.0,0.0,0,0.0,0.0,0.0,10.0,,,,0.0,0.0,0.0,2024-04-07,,,"El comandante de bomberos reportó atención de incendio forestal en la vereda La Tigra, atendido por 6 unidades de bomberos, afectación de 10 hectáreas de vegetación nativa apx. Estado LIQUIDADO",2024-04-01,0.0,0.0,0.0,True,Responded to,Forest fire,Undetermined,Fire Department of Rionegro,CDMB Environmental Authority,Rionegro,Rural,Rural Hamlet the Tigra,Not reported,Not reported,False,,other,Other or unclassified,Agricultural or land impact recorded
2024 Apr 10 12:00:00 AM,ATENDIDO,2024-04-10T00:00:00.000,INCENDIO FORESTAL,INDETERMINADO,CMGRD DE MOGOTES,CAS,MOGOTES,RURAL,VEREDAS SAN MIGUEL Y HOYO GRANDE,0,0.0,0.0,0,0.0,0.0,0.0,35.0,,,,0.0,0.0,0.0,2024-04-10T00:00:00.000,,,"La alcaldesa reporta incendio atención de incendio forestal en la vereda es San Miguel y Vereda el Hoyo coordenadas 6°27'34""N 73°01'38""W se coordina desplazamiento del cuerpo de bomberos de Mogotes y apoyos de bomberos de municipios vecinos Estado Activo afectación indeterminada Reporta Alcaldesa LEIDY JOHANA ALMEIDA",REPORTE_DE_EVENTOS_POR_DESASTRES_NATURALES_Y_ANTRÓPICOS_(Histórico)_20260415.csv,EVT00910,2024-04-10,ATENDIDO,2024-04-10,INCENDIO FORESTAL,INDETERMINADO,CMGRD DE MOGOTES,CAS,MOGOTES,RURAL,VEREDAS SAN MIGUEL Y HOYO GRANDE,0.0,0.0,0.0,0,0.0,0.0,0.0,35.0,,,,0.0,0.0,0.0,2024-04-10,,,"La alcaldesa reporta incendio atención de incendio forestal en la vereda es San Miguel y Vereda el Hoyo coordenadas 6°27'34""N 73°01'38""W se coordina desplazamiento del cuerpo de bomberos de Mogotes y apoyos de bomberos de municipios vecinos Estado Activo afectación indeterminada Reporta Alcaldesa LEIDY JOHANA ALMEIDA",2024-04-01,0.0,0.0,0.0,True,Responded to,Forest fire,Undetermined,Municipal Disaster Risk Management Council of Mogotes,CAS Environmental Authority,Mogotes,Rural,Veredas San Miguel and Hoyo Grande,Not reported,Not reported,False,,other,Other or unclassified,Agricultural or land impact recorded
2024 Apr 15 12:00:00 AM,ATENDIDO,2024-04-15T00:00:00.000,INCENDIO FORESTAL,INDETERMINADO,CMGRD DE GUACA,CAS,GUACA,RURAL,VEREDA LAS AMARILLAS,0,0.0,0.0,0,0.0,0.0,0.0,12.0,,,,0.0,0.0,0.0,2024-04-15T00:00:00.000,,,"El CMGRD reporta atención de incendio forestal en la vereda las Amarillas, atendido por defensa civil, apoyo de la policía nacional y la comunidad, afectación de 12 hectáreas de vegetación nativa, estado ACTIVO, se coordina apoyos de la defensa civil de Málaga",REPORTE_DE_EVENTOS_POR_DESASTRES_NATURALES_Y_ANTRÓPICOS_(Histórico)_20260415.csv,EVT00911,2024-04-15,ATENDIDO,2024-04-15,INCENDIO FORESTAL,INDETERMINADO,CMGRD DE GUACA,CAS,GUACA,RURAL,VEREDA LAS AMARILLAS,0.0,0.0,0.0,0,0.0,0.0,0.0,12.0,,,,0.0,0.0,0.0,2024-04-15,,,"El CMGRD reporta atención de incendio forestal en la vereda las Amarillas, atendido por defensa civil, apoyo de la policía nacional y la comunidad, afectación de 12 hectáreas de vegetación nativa, estado ACTIVO, se coordina apoyos de la defensa civil de Málaga",2024-04-01,0.0,0.0,0.0,True,Responded to,Forest fire,Undetermined,Municipal Disaster Risk Management Council of Guaca,CAS Environmental Authority,Guaca,Rural,Rural Hamlet Las Amarillas,Not reported,Not reported,False,,other,Other or unclassified,Agricultural or land impact recorded
2024 Apr 15 12:00:00 AM,ATENDIDO,2024-04-15T00:00:00.000,INCENDIO FORESTAL,INDETERMINADO,DEFENSA CIVIL DE CURITI,CAS,CURITI,RURAL,VEREDAS LA MESA Y EL METAL,0,0.0,0.0,0,0.0,0.0,0.0,8.0,,,,0.0,0.0,0.0,2024-04-15T00:00:00.000,,,"El líder distinguido de la defensa civil reporta atención de incendio forestal en la vereda la Mesa y el Metal, atendido por 6 líderes de la defensa civil y comunidad, afectación de 8 hectáreas de pastizales y bosques, estado LIQUIDADO",REPORTE_DE_EVENTOS_POR_DESASTRES_NATURALES_Y_ANTRÓPICOS_(Histórico)_20260415.csv,EVT00912,2024-04-15,ATENDIDO,2024-04-15,INCENDIO FORESTAL,INDETERMINADO,DEFENSA CIVIL DE CURITI,CAS,CURITI,RURAL,VEREDAS LA MESA Y EL METAL,0.0,0.0,0.0,0,0.0,0.0,0.0,8.0,,,,0.0,0.0,0.0,2024-04-15,,,"El líder distinguido de la defensa civil reporta atención de incendio forestal en la vereda la Mesa y el Metal, atendido por 6 líderes de la defensa civil y comunidad, afectación de 8 hectáreas de pastizales y bosques, estado LIQUIDADO",2024-04-01,0.0,0.0,0.0,True,Responded to,Forest fire,Undetermined,Civil Defense of Curiti,CAS Environmental Authority,Curiti,Rural,Veredas the Mesa and the Metal,Not reported,Not reported,False,,other,Other or unclassified,Agricultural or land impact recorded
2024 Apr 24 12:00:00 AM,ATENDIDO,2024-04-24T00:00:00.000,INCENDIO FORESTAL,INDETERMINADO,CMGRD DE JORDAN,CAS,JORDAN,RURAL,CERCA AL CASCO URBANO JORDAN,1,0.0,1.0,0,0.0,0.0,0.0,0.0,,,,0.0,0.0,0.0,2024-04-24T00:00:00.000,,,"El CMGRD reporta atención de una vivienda cerca al casco urbano donde se desprendió una roca e apx. 3 toneladas y afecto techos y paredes, se adelanta el EDAN 4 personas habitan la vivienda pero en el momento de la emergencia se encontraban fuera de ella.",REPORTE_DE_EVENTOS_POR_DESASTRES_NATURALES_Y_ANTRÓPICOS_(Histórico)_20260415.csv,EVT00913,2024-04-24,ATENDIDO,2024-04-24,INCENDIO FORESTAL,INDETERMINADO,CMGRD DE JORDAN,CAS,JORDAN,RURAL,CERCA AL CASCO URBANO JORDAN,1.0,0.0,1.0,0,0.0,0.0,0.0,0.0,,,,0.0,0.0,0.0,2024-04-24,,,"El CMGRD reporta atención de una vivienda cerca al casco urbano donde se desprendió una roca e apx. 3 toneladas y afecto techos y paredes, se adelanta el EDAN 4 personas habitan la vivienda pero en el momento de la emergencia se encontraban fuera de ella.",2024-04-01,0.0,1.0,0.0,True,Responded to,Forest fire,Undetermined,Municipal Disaster Risk Management Council of Jordan,CAS Environmental Authority,Jordan,Rural,Cerca Al Casco Urbano Jordan,Not reported,Not reported,False,,other,Other or unclassified,Housing damage recorded
2024 Apr 29 12:00:00 AM,ATENDIDO,2024-04-29T00:00:00.000,DESLIZAMIENTOS,FUERTES LLUVIAS,CMGRD DE MATANZA,CDMB,MATANZA,RURAL,SECTOR EL TANQUE VIA A SOTO NORTE,0,0.0,0.0,0,1.0,0.0,0.0,0.0,,,,0.0,0.0,0.0,2024-04-29T00:00:00.000,,,"El CMGRD reporta deslizamientos y caída de rocas en el sector el Tanque en la vía que conduce de Bucaramanga a Matanza, se coordina traslado de maquinaria amarilla para retirar los escombros",REPORTE_DE_EVENTOS_POR_DESASTRES_NATURALES_Y_ANTRÓPICOS_(Histórico)_20260415.csv,EVT00914,2024-04-29,ATENDIDO,2024-04-29,DESLIZAMIENTOS,FUERTES LLUVIAS,CMGRD DE MATANZA,CDMB,MATANZA,RURAL,SECTOR EL TANQUE VIA A SOTO NORTE,0.0,0.0,0.0,0,1.0,0.0,0.0,0.0,,,,0.0,0.0,0.0,2024-04-29,,,"El CMGRD reporta deslizamientos y caída de rocas en el sector el Tanque en la vía que conduce de Bucaramanga a Matanza, se coordina traslado de maquinaria amarilla para retirar los escombros",2024-04-01,0.0,0.0,1.0,True,Responded to,Landslides,Heavy rainfall,Municipal Disaster Risk Management Council of Matanza,CDMB Environmental Authority,Matanza,Rural,Sector the Tanque Road A Soto Norte,Not reported,Not reported,False,,geophysical,Geophysical,Infrastructure damage recorded
2024 Apr 29 12:00:00 AM,ATENDIDO,2024-04-29T00:00:00.000,CRECIENTE SUBITA,FUERTES LLUVIAS,CMGRD DE SAN JOAQUIN,CAS,SAN JOAQUIN,RURAL,QUEBRADA LA LEONA SECTOR SANTA CLARA,0,0.0,0.0,0,1.0,0.0,0.0,0.0,,,,0.0,0.0,0.0,2024-04-29T00:00:00.000,,,"El CMGRD reporta creciente de la quebrada la Leona en el sector Santa Clara que afecta a via nacional por material de arrastre en la vía, se coordina con el INVIAS la rehabilitación del paso vehicular",REPORTE_DE_EVENTOS_POR_DESASTRES_NATURALES_Y_ANTRÓPICOS_(Histórico)_20260415.csv,EVT00915,2024-04-29,ATENDIDO,2024-04-29,CRECIENTE SUBITA,FUERTES LLUVIAS,CMGRD DE SAN JOAQUIN,CAS,SAN JOAQUIN,RURAL,QUEBRADA LA LEONA SECTOR SANTA CLARA,0.0,0.0,0.0,0,1.0,0.0,0.0,0.0,,,,0.0,0.0,0.0,2024-04-29,,,"El CMGRD reporta creciente de la quebrada la Leona en el sector Santa Clara que afecta a via nacional por material de arrastre en la vía, se coordina con el INVIAS la rehabilitación del paso vehicular",2024-04-01,0.0,0.0,1.0,True,Responded to,Flash flood,Heavy rainfall,Municipal Disaster Risk Management Council of San Joaquin,CAS Environmental Authority,San Joaquin,Rural,Quebrada the Leona Sector Santa Clara,Not reported,Not reported,False,,hydrometeorological,Hydrometeorological,Infrastructure damage recorded
2024 Apr 29 12:00:00 AM,ATENDIDO,2024-04-29T00:00:00.000,DESLIZAMIENTOS,FUERTES LLUVIAS,CMGRD DE GUADALUPE,CAS,GUADALUPE,RURAL,VIA HACIA SANTA HELENA DEL OPON,0,0.0,0.0,0,1.0,0.0,0.0,0.0,,,,0.0,0.0,0.0,2024-04-29T00:00:00.000,,,"El CMGRD reporta caída de rocas, árboles y deslizamientos en varios sectores de la vía que comunica con el municipio de Santa Helena del Opón, se coordina traslado de maquinaria amarilla.",REPORTE_DE_EVENTOS_POR_DESASTRES_NATURALES_Y_ANTRÓPICOS_(Histórico)_20260415.csv,EVT00916,2024-04-29,ATENDIDO,2024-04-29,DESLIZAMIENTOS,FUERTES LLUVIAS,CMGRD DE GUADALUPE,CAS,GUADALUPE,RURAL,VIA HACIA SANTA HELENA DEL OPON,0.0,0.0,0.0,0,1.0,0.0,0.0,0.0,,,,0.0,0.0,0.0,2024-04-29,,,"El CMGRD reporta caída de rocas, árboles y deslizamientos en varios sectores de la vía que comunica con el municipio de Santa Helena del Opón, se coordina traslado de maquinaria amarilla.",2024-04-01,0.0,0.0,1.0,True,Responded to,Landslides,Heavy rainfall,Municipal Disaster Risk Management Council of Guadalupe,CAS Environmental Authority,Guadalupe,Rural,Road Hacia Santa Helena of the Opon,Not reported,Not reported,False,,geophysical,Geophysical,Infrastructure damage recorded
2024 Apr 29 12:00:00 AM,ATENDIDO,2024-04-29T00:00:00.000,DESLIZAMIENTOS,CRECIENTE SUBITA,CMGRD DE PUERTO WILCHES,CAS,PUERTO WILCHES,RURAL,SECTOR VIJAGUAL,0,0.0,0.0,0,0.0,0.0,0.0,0.0,,,,0.0,0.0,0.0,2024-04-29T00:00:00.000,,,"El CMGRD reporta, debilitamiento del dique de protección del rio Magdalena a causa de la erosión en el sector de Vijagual, se coordina traslado de tubería y maquinaria amarilla por parte de la alcaldía.",REPORTE_DE_EVENTOS_POR_DESASTRES_NATURALES_Y_ANTRÓPICOS_(Histórico)_20260415.csv,EVT00917,2024-04-29,ATENDIDO,2024-04-29,DESLIZAMIENTOS,CRECIENTE SUBITA,CMGRD DE PUERTO WILCHES,CAS,PUERTO WILCHES,RURAL,SECTOR VIJAGUAL,0.0,0.0,0.0,0,0.0,0.0,0.0,0.0,,,,0.0,0.0,0.0,2024-04-29,,,"El CMGRD reporta, debilitamiento del dique de protección del rio Magdalena a causa de la erosión en el sector de Vijagual, se coordina traslado de tubería y maquinaria amarilla por parte de la alcaldía.",2024-04-01,0.0,0.0,0.0,False,Responded to,Landslides,Flash flood,Municipal Disaster Risk Management Council of Puerto Wilches,CAS Environmental Authority,Puerto Wilches,Rural,Sector Vijagual,Not reported,Not reported,False,,geophysical,Geophysical,No quantified impact recorded
2024 May 04 12:00:00 AM,ATENDIDO,2024-05-04T00:00:00.000,CRECIENTE SUBITA,FUERTES LLUVIAS,CMGRD DE PIEDECUESTA,CDMB,PIEDECUESTA,URBANO,BARRIO BARRO BLANCO,1,1.0,0.0,0,1.0,0.0,0.0,0.0,,,,0.0,0.0,0.0,2024-05-04T00:00:00.000,,,"Reportan deslizamientos, caída de rocas, árboles y un poste de energía en la vía Piedecuesta a Mesa de los Santos, causa cierre total de la vía. Se coordinó con la empresa CONSTRUVICOL operadora del peaje la Mesa el retiro de los escombros y la rehabilitación del tránsito. Colapso de una vivienda de tapia pisada en el barrio Hoyo Grande de Piedecuesta que no se encontraba habitada, CMGRD, defensa civil, bomberos y ejército nacional retiraron los escombros.",REPORTE_DE_EVENTOS_POR_DESASTRES_NATURALES_Y_ANTRÓPICOS_(Histórico)_20260415.csv,EVT00918,2024-05-04,ATENDIDO,2024-05-04,CRECIENTE SUBITA,FUERTES LLUVIAS,CMGRD DE PIEDECUESTA,CDMB,PIEDECUESTA,URBANO,BARRIO BARRO BLANCO,1.0,1.0,0.0,0,1.0,0.0,0.0,0.0,,,,0.0,0.0,0.0,2024-05-04,,,"Reportan deslizamientos, caída de rocas, árboles y un poste de energía en la vía Piedecuesta a Mesa de los Santos, causa cierre total de la vía. Se coordinó con la empresa CONSTRUVICOL operadora del peaje la Mesa el retiro de los escombros y la rehabilitación del tránsito. Colapso de una vivienda de tapia pisada en el barrio Hoyo Grande de Piedecuesta que no se encontraba habitada, CMGRD, defensa civil, bomberos y ejército nacional retiraron los escombros.",2024-05-01,0.0,1.0,1.0,True,Responded to,Flash flood,Heavy rainfall,Municipal Disaster Risk Management Council of Piedecuesta,CDMB Environmental Authority,Piedecuesta,Urban,Neighborhood Barro Blanco,Not reported,Not reported,False,,hydrometeorological,Hydrometeorological,Housing damage recorded
2024 May 04 12:00:00 AM,ATENDIDO,2024-05-04T00:00:00.000,CRECIENTE SUBITA,FUERTES LLUVIAS,CMGRD DE GIRON,CDMB,GIRON,URBANO,SECTOR LA PLAYA Y EL ZANCUDO,5,0.0,5.0,0,1.0,0.0,0.0,0.0,,,,0.0,0.0,0.0,2024-05-04T00:00:00.000,,,"el CMGRD  reporta lluvias por mas de 10 horas y creciente del rio de Oro, causa excavación en el sector la Playa, 5 viviendas sufrieron afectaciones en su estructura, 13 familias evacuadas y el CMGRD asignó arriendo temporal. No hay personas lesionadas ni desaparecidas",REPORTE_DE_EVENTOS_POR_DESASTRES_NATURALES_Y_ANTRÓPICOS_(Histórico)_20260415.csv,EVT00919,2024-05-04,ATENDIDO,2024-05-04,CRECIENTE SUBITA,FUERTES LLUVIAS,CMGRD DE GIRON,CDMB,GIRON,URBANO,SECTOR LA PLAYA Y EL ZANCUDO,5.0,0.0,5.0,0,1.0,0.0,0.0,0.0,,,,0.0,0.0,0.0,2024-05-04,,,"el CMGRD reporta lluvias por mas de 10 horas y creciente del rio de Oro, causa excavación en el sector la Playa, 5 viviendas sufrieron afectaciones en su estructura, 13 familias evacuadas y el CMGRD asignó arriendo temporal. No hay personas lesionadas ni desaparecidas",2024-05-01,0.0,5.0,1.0,True,Responded to,Flash flood,Heavy rainfall,Municipal Disaster Risk Management Council of Giron,CDMB Environmental Authority,Giron,Urban,Sector the Playa and the Zancudo,Not reported,Not reported,False,,hydrometeorological,Hydrometeorological,Housing damage recorded
2024 May 04 12:00:00 AM,ATENDIDO,2024-05-04T00:00:00.000,REMOCION EN MASA,DESLIZAMIENTOS,CMGRD DE SAN VICENTE DE CHUCURI,CAS,SAN VICENTE,RURAL,VIA LISBOA - SAN VICENTE,0,0.0,0.0,0,1.0,0.0,0.0,0.0,,,,0.0,0.0,0.0,2024-05-04T00:00:00.000,,,el CMGRD reporta deslizamientos y caida de rocas VIA LISBOA - SAN VICENTE presenta caída de material vegetal y rocas en el sector el Tablazo y el Ramo que afecta a los municipios de San Vicente y Betulia. Coordinamos traslado de maquinaria amarilla junto al CMGRD para rehabilitar el paso vehicular,REPORTE_DE_EVENTOS_POR_DESASTRES_NATURALES_Y_ANTRÓPICOS_(Histórico)_20260415.csv,EVT00920,2024-05-04,ATENDIDO,2024-05-04,REMOCION EN MASA,DESLIZAMIENTOS,CMGRD DE SAN VICENTE DE CHUCURI,CAS,SAN VICENTE,RURAL,VIA LISBOA - SAN VICENTE,0.0,0.0,0.0,0,1.0,0.0,0.0,0.0,,,,0.0,0.0,0.0,2024-05-04,,,el CMGRD reporta deslizamientos y caida de rocas VIA LISBOA - SAN VICENTE presenta caída de material vegetal y rocas en el sector el Tablazo y el Ramo que afecta a los municipios de San Vicente y Betulia. Coordinamos traslado de maquinaria amarilla junto al CMGRD para rehabilitar el paso vehicular,2024-05-01,0.0,0.0,1.0,True,Responded to,Mass movement,Landslides,Municipal Disaster Risk Management Council of San Vicente of Chucuri,CAS Environmental Authority,San Vicente,Rural,Road Lisboa - San Vicente,Not reported,Not reported,False,,geophysical,Geophysical,Infrastructure damage recorded
2024 May 04 12:00:00 AM,ATENDIDO,2024-05-04T00:00:00.000,CRECIENTE SUBITA,FUERTES LLUVIAS,CMGRD DE TONA,CDMB,TONA,RURAL,CORREGIMIENTO DE BERLIN,100,0.0,100.0,1,1.0,2.0,0.0,150.0,,,,0.0,0.0,0.0,2024-05-04T00:00:00.000,,,Las lluvias durante más de 12 horas continuas causan desbordamiento Ríos Jordan y Pescadero y colapso del alcantarillado Novedad más de 100 viviendas inundadas.Perdida de cultivos de cebolla aproximadamente 150 hectáreas. Danos en las tuberías del acueducto del corregimiento. 2 puentes vehiculares destruidos. Atiende CMGRD bomberos voluntarios de Tona y policía nacional adelanta la Evaluación de daños y Análisis de Necesidades EDAN. No hay lesionados ni desaparecidos Reporta ing. Alexander Quintero Sec. De Planeación,REPORTE_DE_EVENTOS_POR_DESASTRES_NATURALES_Y_ANTRÓPICOS_(Histórico)_20260415.csv,EVT00921,2024-05-04,ATENDIDO,2024-05-04,CRECIENTE SUBITA,FUERTES LLUVIAS,CMGRD DE TONA,CDMB,TONA,RURAL,CORREGIMIENTO DE BERLIN,100.0,0.0,100.0,1,1.0,2.0,0.0,150.0,,,,0.0,0.0,0.0,2024-05-04,,,Las lluvias durante más de 12 horas continuas causan desbordamiento Ríos Jordan y Pescadero y colapso del alcantarillado Novedad más de 100 viviendas inundadas.Perdida de cultivos de cebolla aproximadamente 150 hectáreas. Danos en las tuberías del acueducto del corregimiento. 2 puentes vehiculares destruidos. Atiende CMGRD bomberos voluntarios de Tona y policía nacional adelanta la Evaluación de daños y Análisis de Necesidades EDAN. No hay lesionados ni desaparecidos Reporta ing. Alexander Quintero Sec. De Planeación,2024-05-01,0.0,100.0,4.0,True,Responded to,Flash flood,Heavy rainfall,Municipal Disaster Risk Management Council of Tona,CDMB Environmental Authority,Tona,Rural,Township of Berlin,Not reported,Not reported,False,,hydrometeorological,Hydrometeorological,Housing damage recorded
2024 May 04 12:00:00 AM,ATENDIDO,2024-05-04T00:00:00.000,CRECIENTE SUBITA,FUERTES LLUVIAS,CMGRD DE BARRANCABERMEJA,CAS,BARRANCABERMEJA,RURAL,VEREDA TENERIFE Y CAMPO 23,50,0.0,50.0,0,0.0,0.0,0.0,0.0,,,,0.0,0.0,0.0,2024-05-04T00:00:00.000,,,"el CMGRD reporta fuertes lluvias y  Desbordamiento del rio la Colorada por reciente súbita en la vereda Tenerife y Campo 23 más de 50 familias resultaron afectadas en sus enceres por las inundaciones. Perdida de cultivos de plátano, yuca y algunos semovientes Se adelanta la Evaluación de daños y Análisis de Necesidades EDAN. Informa Ing. Roberto Bernal profesional del CMGRD",REPORTE_DE_EVENTOS_POR_DESASTRES_NATURALES_Y_ANTRÓPICOS_(Histórico)_20260415.csv,EVT00922,2024-05-04,ATENDIDO,2024-05-04,CRECIENTE SUBITA,FUERTES LLUVIAS,CMGRD DE BARRANCABERMEJA,CAS,BARRANCABERMEJA,RURAL,VEREDA TENERIFE Y CAMPO 23,50.0,0.0,50.0,0,0.0,0.0,0.0,0.0,,,,0.0,0.0,0.0,2024-05-04,,,"el CMGRD reporta fuertes lluvias y Desbordamiento del rio la Colorada por reciente súbita en la vereda Tenerife y Campo 23 más de 50 familias resultaron afectadas en sus enceres por las inundaciones. Perdida de cultivos de plátano, yuca y algunos semovientes Se adelanta la Evaluación de daños y Análisis de Necesidades EDAN. Informa Ing. Roberto Bernal profesional del CMGRD",2024-05-01,0.0,50.0,0.0,True,Responded to,Flash flood,Heavy rainfall,Municipal Disaster Risk Management Council of Barrancabermeja,CAS Environmental Authority,Barrancabermeja,Rural,Rural Hamlet Tenerife and Campo 23,Not reported,Not reported,False,,hydrometeorological,Hydrometeorological,Housing damage recorded
2024 May 04 12:00:00 AM,ATENDIDO,2024-05-04T00:00:00.000,CRECIENTE SUBITA,FUERTES LLUVIAS,CMGRD DE SANTA BARBARA,CAS,SANTA BARBARA,RURAL,QUEBRADA EL CANELO,0,0.0,0.0,0,1.0,0.0,0.0,0.0,,,,0.0,0.0,0.0,2024-05-04T00:00:00.000,,,"MUNICIPIO SANTA BARBARA: creciente de la quebrada el Canelo, causa dificultades en el paso en la vía hacia la vereda Altaona, reporta la Coordinadora de Gestión del Riesgo del municipio",REPORTE_DE_EVENTOS_POR_DESASTRES_NATURALES_Y_ANTRÓPICOS_(Histórico)_20260415.csv,EVT00923,2024-05-04,ATENDIDO,2024-05-04,CRECIENTE SUBITA,FUERTES LLUVIAS,CMGRD DE SANTA BARBARA,CAS,SANTA BARBARA,RURAL,QUEBRADA EL CANELO,0.0,0.0,0.0,0,1.0,0.0,0.0,0.0,,,,0.0,0.0,0.0,2024-05-04,,,"MUNICIPIO SANTA BARBARA: creciente de la quebrada el Canelo, causa dificultades en el paso en la vía hacia la vereda Altaona, reporta la Coordinadora de Gestión del Riesgo del municipio",2024-05-01,0.0,0.0,1.0,True,Responded to,Flash flood,Heavy rainfall,Municipal Disaster Risk Management Council of Santa Barbara,CAS Environmental Authority,Santa Barbara,Rural,Quebrada the Canelo,Not reported,Not reported,False,,hydrometeorological,Hydrometeorological,Infrastructure damage recorded
2024 May 09 12:00:00 AM,ATENDIDO,2024-05-09T00:00:00.000,REMOCION EN MASA,DESLIZAMIENTOS,CMGRD DE SUCRE,CAS,SUCRE Y LA BELLEZA,RURAL,SECTOR ALTAMIRA,0,0.0,0.0,0,1.0,0.0,0.0,0.0,,,,0.0,0.0,0.0,2024-05-09T00:00:00.000,,,"El CMGRD reporta fenómeno de remoción en masa en el sector Altamira Coordenadas: N5°52'53.230"",W73°52'54.230"" Afectación: incomunicados los corregimientos la Granja y la Pradera en la vía que conduce hacia el municipio Jesús María en un apx de 220 metros de calzada con pérdida total",REPORTE_DE_EVENTOS_POR_DESASTRES_NATURALES_Y_ANTRÓPICOS_(Histórico)_20260415.csv,EVT00924,2024-05-09,ATENDIDO,2024-05-09,REMOCION EN MASA,DESLIZAMIENTOS,CMGRD DE SUCRE,CAS,SUCRE Y LA BELLEZA,RURAL,SECTOR ALTAMIRA,0.0,0.0,0.0,0,1.0,0.0,0.0,0.0,,,,0.0,0.0,0.0,2024-05-09,,,"El CMGRD reporta fenómeno de remoción en masa en el sector Altamira Coordenadas: N5°52'53.230"",W73°52'54.230"" Afectación: incomunicados los corregimientos la Granja y la Pradera en la vía que conduce hacia el municipio Jesús María en un apx de 220 metros de calzada con pérdida total",2024-05-01,0.0,0.0,1.0,True,Responded to,Mass movement,Landslides,Municipal Disaster Risk Management Council of Sucre,CAS Environmental Authority,Sucre Y La Belleza,Rural,Sector Altamira,Not reported,Not reported,False,,geophysical,Geophysical,Infrastructure damage recorded
2024 May 09 12:00:00 AM,ATENDIDO,2024-05-09T00:00:00.000,TORMENTAS ELECTRICAS,FUERTES LLUVIAS,CMGRD DE BARRANCABERMEJA,CAS,BARRANCABERMEJA,URBANO,CASCO URBANO DE BARRANCABERMEJA,120,0.0,120.0,0,0.0,0.0,0.0,0.0,,,,0.0,0.0,0.0,2024-05-09T00:00:00.000,,,"El CMGRD reporta fuertes lluvias y tormentas eléctricas en el casco urbano, se adelanta evaluación de daños, reporte de mas de 120 viviendas afectadas en techos y cubiertas e inundaciones  a causa del colapso de alcantarillados",REPORTE_DE_EVENTOS_POR_DESASTRES_NATURALES_Y_ANTRÓPICOS_(Histórico)_20260415.csv,EVT00925,2024-05-09,ATENDIDO,2024-05-09,TORMENTAS ELECTRICAS,FUERTES LLUVIAS,CMGRD DE BARRANCABERMEJA,CAS,BARRANCABERMEJA,URBANO,CASCO URBANO DE BARRANCABERMEJA,120.0,0.0,120.0,0,0.0,0.0,0.0,0.0,,,,0.0,0.0,0.0,2024-05-09,,,"El CMGRD reporta fuertes lluvias y tormentas eléctricas en el casco urbano, se adelanta evaluación de daños, reporte de mas de 120 viviendas afectadas en techos y cubiertas e inundaciones a causa del colapso de alcantarillados",2024-05-01,0.0,120.0,0.0,True,Responded to,Thunderstorms,Heavy rainfall,Municipal Disaster Risk Management Council of Barrancabermeja,CAS Environmental Authority,Barrancabermeja,Urban,Casco Urbano of Barrancabermeja,Not reported,Not reported,False,,hydrometeorological,Hydrometeorological,Housing damage recorded
2024 May 09 12:00:00 AM,ATENDIDO,2024-05-09T00:00:00.000,CRECIENTE SUBITA,FUERTES LLUVIAS,CMGRD DE CHIMA,CAS,CHIMA,RURAL,QUEBRADA LA CHIMERA VEREDA SABANETA,7,0.0,0.0,0,1.0,0.0,0.0,0.0,,,,0.0,0.0,0.0,2024-05-09T00:00:00.000,,,"el CMGRD reporta creciente subita de la quebrada la Chimera que causa desbordamiento en la vereda Sabaneta, 7 viviendas cercanas se encuentran en riesgo, se coordina envio de maquinaria amarilla para reducir los riesgos",REPORTE_DE_EVENTOS_POR_DESASTRES_NATURALES_Y_ANTRÓPICOS_(Histórico)_20260415.csv,EVT00926,2024-05-09,ATENDIDO,2024-05-09,CRECIENTE SUBITA,FUERTES LLUVIAS,CMGRD DE CHIMA,CAS,CHIMA,RURAL,QUEBRADA LA CHIMERA VEREDA SABANETA,7.0,0.0,0.0,0,1.0,0.0,0.0,0.0,,,,0.0,0.0,0.0,2024-05-09,,,"el CMGRD reporta creciente subita de la quebrada la Chimera que causa desbordamiento en la vereda Sabaneta, 7 viviendas cercanas se encuentran en riesgo, se coordina envio de maquinaria amarilla para reducir los riesgos",2024-05-01,0.0,0.0,1.0,True,Responded to,Flash flood,Heavy rainfall,Municipal Disaster Risk Management Council of Chima,CAS Environmental Authority,Chima,Rural,Quebrada the Chimera Rural Hamlet Sabaneta,Not reported,Not reported,False,,hydrometeorological,Hydrometeorological,Infrastructure damage recorded
2024 May 12 12:00:00 AM,ATENDIDO,2024-05-12T00:00:00.000,REMOCION EN MASA,DESLIZAMIENTOS,CMGRD DE LANDAZURI,CAS,LANDAZURI,RURAL,VIA TRONCAL DEL CARARE,0,0.0,0.0,0,1.0,0.0,0.0,0.0,,,,0.0,0.0,0.0,2024-05-12T00:00:00.000,,,Fenómeno de remoción en masa sector el Gualilo vía nacional Troncal del Carare (Landazuri) Las lluvias en la provincia de Yariguies por más de 8 días causa varios deslizamientos que causan cierre de la vía. La OGRD apoyado por las alcaldías de Landazuri y Cimitarra traslada maquinaria amarilla y volquetas. Paso habilitado y restringido.,REPORTE_DE_EVENTOS_POR_DESASTRES_NATURALES_Y_ANTRÓPICOS_(Histórico)_20260415.csv,EVT00927,2024-05-12,ATENDIDO,2024-05-12,REMOCION EN MASA,DESLIZAMIENTOS,CMGRD DE LANDAZURI,CAS,LANDAZURI,RURAL,VIA TRONCAL DEL CARARE,0.0,0.0,0.0,0,1.0,0.0,0.0,0.0,,,,0.0,0.0,0.0,2024-05-12,,,Fenómeno de remoción en masa sector el Gualilo vía nacional Troncal del Carare (Landazuri) Las lluvias en la provincia de Yariguies por más de 8 días causa varios deslizamientos que causan cierre de la vía. La OGRD apoyado por las alcaldías de Landazuri y Cimitarra traslada maquinaria amarilla y volquetas. Paso habilitado y restringido.,2024-05-01,0.0,0.0,1.0,True,Responded to,Mass movement,Landslides,Municipal Disaster Risk Management Council of Landazuri,CAS Environmental Authority,Landazuri,Rural,Road Troncal of the Carare,Not reported,Not reported,False,,geophysical,Geophysical,Infrastructure damage recorded
2024 May 12 12:00:00 AM,ATENDIDO,2024-05-12T00:00:00.000,INUNDACIONES,FUERTES LLUVIAS,CMGRD DE BUCARAMANGA,CDMB,BUCARAMANGA,URBANO,BARRIO SAN MARTIN,15,0.0,15.0,0,0.0,0.0,0.0,0.0,,,,0.0,0.0,0.0,2024-05-12T00:00:00.000,,,"el CMGRD reporta fuertes lluvias y Colapso de alcantarillado y desbordamiento de la cañada la Iglesia. NOTA: las lluvias del domingo causaron rebose en los alcantarillados y la cañada la Iglesia, el CMGRD de Bucaramanga adelanta la evaluación de daños. 15 viviendas afectadas y  varios vehículos y motocicletas",REPORTE_DE_EVENTOS_POR_DESASTRES_NATURALES_Y_ANTRÓPICOS_(Histórico)_20260415.csv,EVT00928,2024-05-12,ATENDIDO,2024-05-12,INUNDACIONES,FUERTES LLUVIAS,CMGRD DE BUCARAMANGA,CDMB,BUCARAMANGA,URBANO,BARRIO SAN MARTIN,15.0,0.0,15.0,0,0.0,0.0,0.0,0.0,,,,0.0,0.0,0.0,2024-05-12,,,"el CMGRD reporta fuertes lluvias y Colapso de alcantarillado y desbordamiento de la cañada la Iglesia. NOTA: las lluvias del domingo causaron rebose en los alcantarillados y la cañada la Iglesia, el CMGRD de Bucaramanga adelanta la evaluación de daños. 15 viviendas afectadas y varios vehículos y motocicletas",2024-05-01,0.0,15.0,0.0,True,Responded to,Floods,Heavy rainfall,Municipal Disaster Risk Management Council of Bucaramanga,CDMB Environmental Authority,Bucaramanga,Urban,Neighborhood San Martin,Not reported,Not reported,False,,hydrometeorological,Hydrometeorological,Housing damage recorded
2024 May 12 12:00:00 AM,ATENDIDO,2024-05-12T00:00:00.000,INUNDACIONES,FUERTES LLUVIAS,CMGRD DE CIMITARRA,CAS,CIMITARRA,RURAL,CORREGIMIENTO DE PUERTO ARAUJO,150,0.0,150.0,0,0.0,0.0,0.0,0.0,,,,0.0,0.0,0.0,2024-05-12T00:00:00.000,,,"el CMGRD reporta fuertes lluvias y desbordamiento del rio carare en Puerto Araujo, 100 viviendas afectadas, el CMGRD adelanta la Evaluación de daños.",REPORTE_DE_EVENTOS_POR_DESASTRES_NATURALES_Y_ANTRÓPICOS_(Histórico)_20260415.csv,EVT00929,2024-05-12,ATENDIDO,2024-05-12,INUNDACIONES,FUERTES LLUVIAS,CMGRD DE CIMITARRA,CAS,CIMITARRA,RURAL,CORREGIMIENTO DE PUERTO ARAUJO,150.0,0.0,150.0,0,0.0,0.0,0.0,0.0,,,,0.0,0.0,0.0,2024-05-12,,,"el CMGRD reporta fuertes lluvias y desbordamiento del rio carare en Puerto Araujo, 100 viviendas afectadas, el CMGRD adelanta la Evaluación de daños.",2024-05-01,0.0,150.0,0.0,True,Responded to,Floods,Heavy rainfall,Municipal Disaster Risk Management Council of Cimitarra,CAS Environmental Authority,Cimitarra,Rural,Township of Puerto Araujo,Not reported,Not reported,False,,hydrometeorological,Hydrometeorological,Housing damage recorded
2024 May 12 12:00:00 AM,ATENDIDO,2024-05-12T00:00:00.000,DESLIZAMIENTOS,CRECIENTE SUBITA,CMGRD PUERTO WILCHES,CAS,PUERTO WILCHES,RURAL,SECTORES SITIO NUEVO Y VUELTA PERICO,0,0.0,0.0,0,0.0,0.0,0.0,0.0,,,,0.0,0.0,0.0,2024-05-12T00:00:00.000,ROJA,,"El CMGRD  reporta que el rio Magdalena se encuentra en alerta roja en Puerto Wilches y aumenta el riesgo de desbordamiento por debilitamiento del dique de proteccion en los sectores Vuelta Perico y Sitio Nuevo, coordinamos con el CMGRD y la comunidad de Puerto Wlches el reforzamiento del dique con sacos de polietileno.",REPORTE_DE_EVENTOS_POR_DESASTRES_NATURALES_Y_ANTRÓPICOS_(Histórico)_20260415.csv,EVT00930,2024-05-12,ATENDIDO,2024-05-12,DESLIZAMIENTOS,CRECIENTE SUBITA,CMGRD PUERTO WILCHES,CAS,PUERTO WILCHES,RURAL,SECTORES SITIO NUEVO Y VUELTA PERICO,0.0,0.0,0.0,0,0.0,0.0,0.0,0.0,,,,0.0,0.0,0.0,2024-05-12,ROJA,,"El CMGRD reporta que el rio Magdalena se encuentra en alerta roja en Puerto Wilches y aumenta el riesgo de desbordamiento por debilitamiento del dique de proteccion en los sectores Vuelta Perico y Sitio Nuevo, coordinamos con el CMGRD y la comunidad de Puerto Wlches el reforzamiento del dique con sacos de polietileno.",2024-05-01,0.0,0.0,0.0,False,Responded to,Landslides,Flash flood,Municipal Disaster Risk Management Council Puerto Wilches,CAS Environmental Authority,Puerto Wilches,Rural,Sectores Sitio Nuevo and Vuelta Perico,Red,Not reported,False,,geophysical,Geophysical,No quantified impact recorded
2024 May 15 12:00:00 AM,ATENDIDO,2024-05-15T00:00:00.000,INUNDACIONES,CRECIENTE SUBITA,CMGRD DE RIONEGRO,CDMB,RIONEGRO,RURAL,BAJO RIONEGRO SECTOR QUEBRADA PAYANDE,0,0.0,0.0,0,1.0,0.0,0.0,0.0,,,,0.0,0.0,0.0,2024-05-15T00:00:00.000,,,"la comunidad el día de hoy se presenta inundación por ruptura del río Cachira del Espíritu Santo uniéndose a la quebrada Payande, la administración municipal realizó visita técnica por parte del coordinador del CMGRD y profesionales adscritos a la secretaría de planeación e infraestructura. Se realizó un sobrevuelo en dron para identificar los puntos críticos. Resaltando que se presenta afectaciones en cultivos, ganadería y la vía del taladro. Se realizará un informe técnico y se remitirá al consejo departamental de riesgo, igualmente se programará visita para realizar una caracterización para evaluar las afectaciones",REPORTE_DE_EVENTOS_POR_DESASTRES_NATURALES_Y_ANTRÓPICOS_(Histórico)_20260415.csv,EVT00931,2024-05-15,ATENDIDO,2024-05-15,INUNDACIONES,CRECIENTE SUBITA,CMGRD DE RIONEGRO,CDMB,RIONEGRO,RURAL,BAJO RIONEGRO SECTOR QUEBRADA PAYANDE,0.0,0.0,0.0,0,1.0,0.0,0.0,0.0,,,,0.0,0.0,0.0,2024-05-15,,,"la comunidad el día de hoy se presenta inundación por ruptura del río Cachira del Espíritu Santo uniéndose a la quebrada Payande, la administración municipal realizó visita técnica por parte del coordinador del CMGRD y profesionales adscritos a la secretaría de planeación e infraestructura. Se realizó un sobrevuelo en dron para identificar los puntos críticos. Resaltando que se presenta afectaciones en cultivos, ganadería y la vía del taladro. Se realizará un informe técnico y se remitirá al consejo departamental de riesgo, igualmente se programará visita para realizar una caracterización para evaluar las afectaciones",2024-05-01,0.0,0.0,1.0,True,Responded to,Floods,Flash flood,Municipal Disaster Risk Management Council of Rionegro,CDMB Environmental Authority,Rionegro,Rural,Bajo Rionegro Sector Quebrada Payande,Not reported,Not reported,False,,hydrometeorological,Hydrometeorological,Infrastructure damage recorded
2024 May 15 12:00:00 AM,ATENDIDO,2024-05-15T00:00:00.000,ACCIDENTE MINERO,INDETERMINADO,CMGRD DE CALIFORNIA,CDMB,CALIFORNIA,RURAL,VEREDA ANGOSTURAS,4,0.0,0.0,0,0.0,0.0,0.0,0.0,,,,10.0,0.0,3.0,2024-05-15T00:00:00.000,,,"Siendo las 11:30 a.m reporta el CMGRD incidente en socavón de extracción de oro (por determinar su legalidad ubicado en la vereda Angosturas, sector el Alta.  Las causas de la emergencia son indeterminadas. Activa por llamada de la comunidad a la Policía Nacional. Inmediatamente se activa el plan de emergencias municipal con una patrulla del cuadrante de la policía nacional y de la ESE hospital San Antonio, 1 médico, 1 jefe de enfermeros, 3 auxiliares, 1 ambulancia se coordinan apoyos de hospitales de Vetas, Suratá, Matanza, Charta, empresa privada y comunidad. Con ambulancias, oxígeno y personal profesional. 3 fallecidos (1 en el hospital y 2 en el sitio del hecho): • LUIS FERNANDO PEREZ (25 AÑOS) • CARLOS STIVEN GIL (30 AÑOS) • CESAR JHON LUIS CASTILLO (17 AÑOS) – De nacionalidad Venezolana 10 lesionados con dificultad respiratoria, trasladados así: • 5 al Hospital Universitario de Santander • 1 Hospital Universitario Comuneros • 3 Hospital San Sebastián, Suratá, Santander • 1 con salida voluntaria atendida en el Hospital San Antonio. Se activó el SDGRD en alistamiento y se brindó acompañamiento en un consejo municipal de gestión del riesgo",REPORTE_DE_EVENTOS_POR_DESASTRES_NATURALES_Y_ANTRÓPICOS_(Histórico)_20260415.csv,EVT00932,2024-05-15,ATENDIDO,2024-05-15,ACCIDENTE MINERO,INDETERMINADO,CMGRD DE CALIFORNIA,CDMB,CALIFORNIA,RURAL,VEREDA ANGOSTURAS,4.0,0.0,0.0,0,0.0,0.0,0.0,0.0,,,,10.0,0.0,3.0,2024-05-15,,,"Siendo las 11:30 a.m reporta el CMGRD incidente en socavón de extracción de oro (por determinar su legalidad ubicado en la vereda Angosturas, sector el Alta. Las causas de la emergencia son indeterminadas. Activa por llamada de la comunidad a la Policía Nacional. Inmediatamente se activa el plan de emergencias municipal con una patrulla del cuadrante de la policía nacional y de la ESE hospital San Antonio, 1 médico, 1 jefe de enfermeros, 3 auxiliares, 1 ambulancia se coordinan apoyos de hospitales de Vetas, Suratá, Matanza, Charta, empresa privada y comunidad. Con ambulancias, oxígeno y personal profesional. 3 fallecidos (1 en el hospital y 2 en el sitio del hecho): • LUIS FERNANDO PEREZ (25 AÑOS) • CARLOS STIVEN GIL (30 AÑOS) • CESAR JHON LUIS CASTILLO (17 AÑOS) – De nacionalidad Venezolana 10 lesionados con dificultad respiratoria, trasladados así: • 5 al Hospital Universitario de Santander • 1 Hospital Universitario Comuneros • 3 Hospital San Sebastián, Suratá, Santander • 1 con salida voluntaria atendida en el Hospital San Antonio. Se activó el SDGRD en alistamiento y se brindó acompañamiento en un consejo municipal de gestión del riesgo",2024-05-01,13.0,0.0,0.0,True,Responded to,Mining accident,Undetermined,Municipal Disaster Risk Management Council of California,CDMB Environmental Authority,California,Rural,Rural Hamlet Angosturas,Not reported,Not reported,False,,technological_anthropogenic,Technological and anthropogenic,Human impact recorded
2024 May 16 12:00:00 AM,ATENDIDO,2024-05-16T00:00:00.000,REMOCION EN MASA,DESLIZAMIENTOS,CMGRD DE CONTRATACION,CAS,CONTRATACION,RURAL,SECTOR CIRO OLARTE VIA HACIA GUADALUPE,0,0.0,0.0,0,1.0,0.0,0.0,0.0,,,,0.0,0.0,0.0,2024-05-16T00:00:00.000,,,"El comandante de bomberos reporta cierre de la via Contratación - Guadalupe sector Ciro Olarte a causa de deslizamientos y caída de rocas, se coordina traslado de maquinaria del municipio",REPORTE_DE_EVENTOS_POR_DESASTRES_NATURALES_Y_ANTRÓPICOS_(Histórico)_20260415.csv,EVT00933,2024-05-16,ATENDIDO,2024-05-16,REMOCION EN MASA,DESLIZAMIENTOS,CMGRD DE CONTRATACION,CAS,CONTRATACION,RURAL,SECTOR CIRO OLARTE VIA HACIA GUADALUPE,0.0,0.0,0.0,0,1.0,0.0,0.0,0.0,,,,0.0,0.0,0.0,2024-05-16,,,"El comandante de bomberos reporta cierre de la via Contratación - Guadalupe sector Ciro Olarte a causa de deslizamientos y caída de rocas, se coordina traslado de maquinaria del municipio",2024-05-01,0.0,0.0,1.0,True,Responded to,Mass movement,Landslides,Municipal Disaster Risk Management Council of Contratacion,CAS Environmental Authority,Contratacion,Rural,Sector Ciro Olarte Road Hacia Guadalupe,Not reported,Not reported,False,,geophysical,Geophysical,Infrastructure damage recorded
2024 May 24 12:00:00 AM,ATENDIDO,2024-05-24T00:00:00.000,REMOCION EN MASA,DESLIZAMIENTOS,CMGRD DE SUAITA,CAS,SUAITA,RURAL,VIA AL CORREGIMIENTO SAN JOSE DE SUAITA,0,0.0,0.0,0,1.0,0.0,0.0,0.0,,,,0.0,0.0,0.0,2024-05-24T00:00:00.000,,,"El CMGRD reporta fenómeno de remoción en masa en el corregimiento San Jose de Suaita que afecta la movilidad de estudiantes y productos agrícolas, se coordina envío de maquinaria amarilla para la remoción de escombros.",REPORTE_DE_EVENTOS_POR_DESASTRES_NATURALES_Y_ANTRÓPICOS_(Histórico)_20260415.csv,EVT00934,2024-05-24,ATENDIDO,2024-05-24,REMOCION EN MASA,DESLIZAMIENTOS,CMGRD DE SUAITA,CAS,SUAITA,RURAL,VIA AL CORREGIMIENTO SAN JOSE DE SUAITA,0.0,0.0,0.0,0,1.0,0.0,0.0,0.0,,,,0.0,0.0,0.0,2024-05-24,,,"El CMGRD reporta fenómeno de remoción en masa en el corregimiento San Jose de Suaita que afecta la movilidad de estudiantes y productos agrícolas, se coordina envío de maquinaria amarilla para la remoción de escombros.",2024-05-01,0.0,0.0,1.0,True,Responded to,Mass movement,Landslides,Municipal Disaster Risk Management Council of Suaita,CAS Environmental Authority,Suaita,Rural,Road Al Township San Jose of Suaita,Not reported,Not reported,False,,geophysical,Geophysical,Infrastructure damage recorded
2024 May 27 12:00:00 AM,ATENDIDO,2024-05-27T00:00:00.000,AVENIDA TORRENCIAL,FUERTES LLUVIAS,CMGRD DEL HATO,CAS,HATO,RURAL,"VEREDAS LA PRIMAVERA, L RONCANCIO HOYA NEGRA",50,0.0,0.0,2,2.0,1.0,0.0,0.0,,,,0.0,0.0,0.0,2024-05-27T00:00:00.000,,,"El CMGRD reporta avenida torrencial en la quebrada Witoca y quebrada la vega en  el municipio de hato Afectando puente peatonal de la vereda primavera
sector san Antonio Perdida
de cultivos Desde la OGRD se
coordina la evaluación de
daños y análisis de
necesidad.",REPORTE_DE_EVENTOS_POR_DESASTRES_NATURALES_Y_ANTRÓPICOS_(Histórico)_20260415.csv,EVT00935,2024-05-27,ATENDIDO,2024-05-27,AVENIDA TORRENCIAL,FUERTES LLUVIAS,CMGRD DEL HATO,CAS,HATO,RURAL,"VEREDAS LA PRIMAVERA, L RONCANCIO HOYA NEGRA",50.0,0.0,0.0,2,2.0,1.0,0.0,0.0,,,,0.0,0.0,0.0,2024-05-27,,,El CMGRD reporta avenida torrencial en la quebrada Witoca y quebrada la vega en el municipio de hato Afectando puente peatonal de la vereda primavera sector san Antonio Perdida de cultivos Desde la OGRD se coordina la evaluación de daños y análisis de necesidad.,2024-05-01,0.0,0.0,5.0,True,Responded to,Torrential flash flood,Heavy rainfall,Municipal Disaster Risk Management Council of the Hato,CAS Environmental Authority,Hato,Rural,Veredas the Primavera L Roncancio Hoya Negra,Not reported,Not reported,False,,hydrometeorological,Hydrometeorological,Infrastructure damage recorded
2024 May 27 12:00:00 AM,ATENDIDO,2024-05-27T00:00:00.000,AVENIDA TORRENCIAL,FUERTES LLUVIAS,CMGRD DEL PALMAR,CAS,PALMAR,RURAL,QUEBRADAS LA VEGA Y LA CHIRIGUA,40,0.0,0.0,1,2.0,1.0,0.0,0.0,,,,0.0,0.0,0.0,27/05//2024,,,"EL CMGRD reporta avenida torrencial de las quebradas la vega y la Chirigua afectando el puente vehicular hacia el municipio de Simacota, ademas de afectaciones viales en varias veredas, se adelanta la evaluacion de daños",REPORTE_DE_EVENTOS_POR_DESASTRES_NATURALES_Y_ANTRÓPICOS_(Histórico)_20260415.csv,EVT00936,2024-05-27,ATENDIDO,2024-05-27,AVENIDA TORRENCIAL,FUERTES LLUVIAS,CMGRD DEL PALMAR,CAS,PALMAR,RURAL,QUEBRADAS LA VEGA Y LA CHIRIGUA,40.0,0.0,0.0,1,2.0,1.0,0.0,0.0,,,,0.0,0.0,0.0,,,,"EL CMGRD reporta avenida torrencial de las quebradas la vega y la Chirigua afectando el puente vehicular hacia el municipio de Simacota, ademas de afectaciones viales en varias veredas, se adelanta la evaluacion de daños",2024-05-01,0.0,0.0,4.0,True,Responded to,Torrential flash flood,Heavy rainfall,Municipal Disaster Risk Management Council of the Palmar,CAS Environmental Authority,Palmar,Rural,Quebradas the Vega and the Chirigua,Not reported,Not reported,False,,hydrometeorological,Hydrometeorological,Infrastructure damage recorded
2024 May 27 12:00:00 AM,ATENDIDO,2024-05-27T00:00:00.000,AVENIDA TORRENCIAL,FUERTES LLUVIAS,CMGRD DE GALAN,CAS,GALAN,RURAL,QUEBRADAS CHIVIRITI Y LA WITOCA,150,0.0,0.0,2,3.0,2.0,0.0,0.0,,,,0.0,0.0,0.0,2024-05-27T00:00:00.000,,,"El CMGRD reporta avenida Afectación al Acueducto rural afectando las veredas, Peña grande, las vueltas y boquerón. Afectación vial hacia el municipio de palmar Perdida de Cultivos 2 Puentes afectados desde la OGRD se Quebradas CHIVIRITI, LA WITOCA sector hoya negra y la “Y” municipio de GALAN torrencial de la quebrada Chivirití y la Witoca",REPORTE_DE_EVENTOS_POR_DESASTRES_NATURALES_Y_ANTRÓPICOS_(Histórico)_20260415.csv,EVT00937,2024-05-27,ATENDIDO,2024-05-27,AVENIDA TORRENCIAL,FUERTES LLUVIAS,CMGRD DE GALAN,CAS,GALAN,RURAL,QUEBRADAS CHIVIRITI Y LA WITOCA,150.0,0.0,0.0,2,3.0,2.0,0.0,0.0,,,,0.0,0.0,0.0,2024-05-27,,,"El CMGRD reporta avenida Afectación al Acueducto rural afectando las veredas, Peña grande, las vueltas y boquerón. Afectación vial hacia el municipio de palmar Perdida de Cultivos 2 Puentes afectados desde la OGRD se Quebradas CHIVIRITI, LA WITOCA sector hoya negra y la “Y” municipio de GALAN torrencial de la quebrada Chivirití y la Witoca",2024-05-01,0.0,0.0,7.0,True,Responded to,Torrential flash flood,Heavy rainfall,Municipal Disaster Risk Management Council of Galan,CAS Environmental Authority,Galan,Rural,Quebradas Chiviriti and the Witoca,Not reported,Not reported,False,,hydrometeorological,Hydrometeorological,Infrastructure damage recorded
2024 May 27 12:00:00 AM,ATENDIDO,2024-05-27T00:00:00.000,AVENIDA TORRENCIAL,FUERTES LLUVIAS,CMGRD DE CABRERA,CAS,CABRERA,RURAL,QUEBRADA LA WITOCA,100,0.0,0.0,1,1.0,0.0,0.0,0.0,,,,0.0,0.0,0.0,2024-01-27T00:00:00.000,,,"el alcalde muniicipal reporta la avenida torrencial de la quebrada la Witoca causó persida de mas de 2000 metros de tuberia del acueducto de Cabrera, ademas de la afectacion de dos puentes vehiculares y varios cultivos de café, se adelanta la evaluacion de daños",REPORTE_DE_EVENTOS_POR_DESASTRES_NATURALES_Y_ANTRÓPICOS_(Histórico)_20260415.csv,EVT00938,2024-05-27,ATENDIDO,2024-05-27,AVENIDA TORRENCIAL,FUERTES LLUVIAS,CMGRD DE CABRERA,CAS,CABRERA,RURAL,QUEBRADA LA WITOCA,100.0,0.0,0.0,1,1.0,0.0,0.0,0.0,,,,0.0,0.0,0.0,2024-01-27,,,"el alcalde muniicipal reporta la avenida torrencial de la quebrada la Witoca causó persida de mas de 2000 metros de tuberia del acueducto de Cabrera, ademas de la afectacion de dos puentes vehiculares y varios cultivos de café, se adelanta la evaluacion de daños",2024-05-01,0.0,0.0,2.0,True,Responded to,Torrential flash flood,Heavy rainfall,Municipal Disaster Risk Management Council of Cabrera,CAS Environmental Authority,Cabrera,Rural,Quebrada the Witoca,Not reported,Not reported,False,,hydrometeorological,Hydrometeorological,Infrastructure damage recorded
2024 May 28 12:00:00 AM,ATENDIDO,2024-05-28T00:00:00.000,AVENIDA TORRENCIAL,FUERTES LLUVIAS,CMGRD DEL CARMEN,CAS,EL CARMEN DE CHUCURI,RURAL,RIO VERGELANO,30,0.0,0.0,0,1.0,1.0,0.0,0.0,,,,0.0,0.0,0.0,2024-05-28T00:00:00.000,,,"El CMGRD reporta avenida torrencial en el rio Vergelano causa afectaciones en cultivos de platano y yuca, ademas de afectaciones en vias de la vereda el vergel",REPORTE_DE_EVENTOS_POR_DESASTRES_NATURALES_Y_ANTRÓPICOS_(Histórico)_20260415.csv,EVT00939,2024-05-28,ATENDIDO,2024-05-28,AVENIDA TORRENCIAL,FUERTES LLUVIAS,CMGRD DEL CARMEN,CAS,EL CARMEN DE CHUCURI,RURAL,RIO VERGELANO,30.0,0.0,0.0,0,1.0,1.0,0.0,0.0,,,,0.0,0.0,0.0,2024-05-28,,,"El CMGRD reporta avenida torrencial en el rio Vergelano causa afectaciones en cultivos de platano y yuca, ademas de afectaciones en vias de la vereda el vergel",2024-05-01,0.0,0.0,2.0,True,Responded to,Torrential flash flood,Heavy rainfall,Municipal Disaster Risk Management Council of the Carmen,CAS Environmental Authority,El Carmen De Chucuri,Rural,Rio Vergelano,Not reported,Not reported,False,,hydrometeorological,Hydrometeorological,Infrastructure damage recorded
2024 May 29 12:00:00 AM,ATENDIDO,2024-05-29T00:00:00.000,REMOCION EN MASA,DESLIZAMIENTOS,CMGRD DE SUCRE,CAS,SUCRE,RURAL,VIA HACIA JESUS MARIA,0,0.0,0.0,0,4.0,0.0,0.0,0.0,,,,0.0,0.0,0.0,2024-05-29T00:00:00.000,,,"el CMGRD reporta afectaciones en la vía secundaria hacia JESUS MARIA y al corregimiento sabana grande municipio SUCRE debido a la saturacion de taludes a causa de las fuertes lluvias, en la via se enuentran 14 deslizamientos, se coordina maquinaria amarilla del departamento para rehabilitar el paso",REPORTE_DE_EVENTOS_POR_DESASTRES_NATURALES_Y_ANTRÓPICOS_(Histórico)_20260415.csv,EVT00940,2024-05-29,ATENDIDO,2024-05-29,REMOCION EN MASA,DESLIZAMIENTOS,CMGRD DE SUCRE,CAS,SUCRE,RURAL,VIA HACIA JESUS MARIA,0.0,0.0,0.0,0,4.0,0.0,0.0,0.0,,,,0.0,0.0,0.0,2024-05-29,,,"el CMGRD reporta afectaciones en la vía secundaria hacia JESUS MARIA y al corregimiento sabana grande municipio SUCRE debido a la saturacion de taludes a causa de las fuertes lluvias, en la via se enuentran 14 deslizamientos, se coordina maquinaria amarilla del departamento para rehabilitar el paso",2024-05-01,0.0,0.0,4.0,True,Responded to,Mass movement,Landslides,Municipal Disaster Risk Management Council of Sucre,CAS Environmental Authority,Sucre,Rural,Road Hacia Jesus Maria,Not reported,Not reported,False,,geophysical,Geophysical,Infrastructure damage recorded
2024 May 29 12:00:00 AM,ATENDIDO,2024-05-29T00:00:00.000,REMOCION EN MASA,DESLIZAMIENTOS,CMGRD DE BOLIVAR,CAS,BOLIVAR,RURAL,"VEREDAS LA BALSA, GALLEGOS, LA MELONA",0,0.0,0.0,0,1.0,0.0,1.0,0.0,,,,0.0,0.0,0.0,2024-05-29T00:00:00.000,,,"el CMGRD reporta fenomenos de remocion en masa en las Veredas La Balsa,
Gallegos, la Melona y
San José municipio
BOLIVAR, se encuentran 4 veredas incomunicadas, ademas el deslizamiento en el colegio Berbeo pone en riesgo la poblacion estudiantil, se coordina la evaluacion de los daños",REPORTE_DE_EVENTOS_POR_DESASTRES_NATURALES_Y_ANTRÓPICOS_(Histórico)_20260415.csv,EVT00941,2024-05-29,ATENDIDO,2024-05-29,REMOCION EN MASA,DESLIZAMIENTOS,CMGRD DE BOLIVAR,CAS,BOLIVAR,RURAL,"VEREDAS LA BALSA, GALLEGOS, LA MELONA",0.0,0.0,0.0,0,1.0,0.0,1.0,0.0,,,,0.0,0.0,0.0,2024-05-29,,,"el CMGRD reporta fenomenos de remocion en masa en las Veredas La Balsa, Gallegos, la Melona y San José municipio BOLIVAR, se encuentran 4 veredas incomunicadas, ademas el deslizamiento en el colegio Berbeo pone en riesgo la poblacion estudiantil, se coordina la evaluacion de los daños",2024-05-01,0.0,0.0,2.0,True,Responded to,Mass movement,Landslides,Municipal Disaster Risk Management Council of Bolivar,CAS Environmental Authority,Bolivar,Rural,Veredas the Balsa Gallegos the Melona,Not reported,Not reported,False,,geophysical,Geophysical,Infrastructure damage recorded
2024 May 29 12:00:00 AM,ATENDIDO,2024-05-29T00:00:00.000,INUNDACIONES,FUERTES LLUVIAS,CMGRD DE BARRANCABERMEJA,CAS,BARRANCABERMEJA,URBANO,SECTOR POZO 7 Y LA BENDICION DE DIOS,100,0.0,100.0,0,0.0,0.0,0.0,0.0,,,,0.0,0.0,0.0,2024-05-29T00:00:00.000,,,"el CMGRD reporta fuertes
lluvias y colapso del
alcantarillado Más de 100 viviendas
ubicadas cerca a las
cañadas con daños en
muebles y enceres El CMGRD adelanta la
evaluación de daños y
análisis de necesidades
EDAN",REPORTE_DE_EVENTOS_POR_DESASTRES_NATURALES_Y_ANTRÓPICOS_(Histórico)_20260415.csv,EVT00942,2024-05-29,ATENDIDO,2024-05-29,INUNDACIONES,FUERTES LLUVIAS,CMGRD DE BARRANCABERMEJA,CAS,BARRANCABERMEJA,URBANO,SECTOR POZO 7 Y LA BENDICION DE DIOS,100.0,0.0,100.0,0,0.0,0.0,0.0,0.0,,,,0.0,0.0,0.0,2024-05-29,,,el CMGRD reporta fuertes lluvias y colapso del alcantarillado Más de 100 viviendas ubicadas cerca a las cañadas con daños en muebles y enceres El CMGRD adelanta la evaluación de daños y análisis de necesidades EDAN,2024-05-01,0.0,100.0,0.0,True,Responded to,Floods,Heavy rainfall,Municipal Disaster Risk Management Council of Barrancabermeja,CAS Environmental Authority,Barrancabermeja,Urban,Sector Pozo 7 and the Bendicion of Dios,Not reported,Not reported,False,,hydrometeorological,Hydrometeorological,Housing damage recorded
2024 May 29 12:00:00 AM,ATENDIDO,2024-05-29T00:00:00.000,INUNDACIONES,FUERTES LLUVIAS,CMGRD DE PUERTO WILCHES,CAS,PUERTO WILCHES,URBANO,BARRIO BELLA VISTA CIENAGA YARI,80,0.0,80.0,0,0.0,0.0,0.0,0.0,,,,0.0,0.0,0.0,2024-05-29T00:00:00.000,,,"El CMGRD reporta fuertes lluvias y colapso del alcantarillado Más de 80 viviendas
ubicadas cerca a la ciénaga
de Yarí con daños en
muebles y enceres El CMGRD adelanta la
evaluación de daños y
análisis de necesidades
EDAN",REPORTE_DE_EVENTOS_POR_DESASTRES_NATURALES_Y_ANTRÓPICOS_(Histórico)_20260415.csv,EVT00943,2024-05-29,ATENDIDO,2024-05-29,INUNDACIONES,FUERTES LLUVIAS,CMGRD DE PUERTO WILCHES,CAS,PUERTO WILCHES,URBANO,BARRIO BELLA VISTA CIENAGA YARI,80.0,0.0,80.0,0,0.0,0.0,0.0,0.0,,,,0.0,0.0,0.0,2024-05-29,,,El CMGRD reporta fuertes lluvias y colapso del alcantarillado Más de 80 viviendas ubicadas cerca a la ciénaga de Yarí con daños en muebles y enceres El CMGRD adelanta la evaluación de daños y análisis de necesidades EDAN,2024-05-01,0.0,80.0,0.0,True,Responded to,Floods,Heavy rainfall,Municipal Disaster Risk Management Council of Puerto Wilches,CAS Environmental Authority,Puerto Wilches,Urban,Neighborhood Bella Vista Cienaga Yari,Not reported,Not reported,False,,hydrometeorological,Hydrometeorological,Housing damage recorded
2024 Jun 01 12:00:00 AM,ATENDIDO,2024-06-01T00:00:00.000,CRECIENTE SUBITA,FUERTES LLUVIAS,CMGRD DE TONA,CDMB,TONA,RURAL,CORREGIMIENTO DE BERLIN,50,0.0,0.0,0,0.0,0.0,0.0,20.0,,,,0.0,0.0,0.0,2024-06-01T00:00:00.000,,,"El CMGRD reporta fuertes lluvias y creciente súbita del rio Jordán en el corregimiento de Berlín, afectación en cultivos de cebolla y papa.",REPORTE_DE_EVENTOS_POR_DESASTRES_NATURALES_Y_ANTRÓPICOS_(Histórico)_20260415.csv,EVT00944,2024-06-01,ATENDIDO,2024-06-01,CRECIENTE SUBITA,FUERTES LLUVIAS,CMGRD DE TONA,CDMB,TONA,RURAL,CORREGIMIENTO DE BERLIN,50.0,0.0,0.0,0,0.0,0.0,0.0,20.0,,,,0.0,0.0,0.0,2024-06-01,,,"El CMGRD reporta fuertes lluvias y creciente súbita del rio Jordán en el corregimiento de Berlín, afectación en cultivos de cebolla y papa.",2024-06-01,0.0,0.0,0.0,True,Responded to,Flash flood,Heavy rainfall,Municipal Disaster Risk Management Council of Tona,CDMB Environmental Authority,Tona,Rural,Township of Berlin,Not reported,Not reported,False,,hydrometeorological,Hydrometeorological,Agricultural or land impact recorded
2024 Jun 08 12:00:00 AM,ATENDIDO,2024-06-08T00:00:00.000,INUNDACIONES,FUERTES LLUVIAS,CMGRD DE MATANZA,CDMB,MATANZA,URBANO,BARRIO EL CENTRO,20,0.0,20.0,0,0.0,0.0,0.0,0.0,,,,0.0,0.0,0.0,2024-06-08T00:00:00.000,,,"El CMGRD reporta fuertes lluvias y colapso de alcantarillados en la zona centro del municipio, 20 viviendas afectadas en muebles y enceres, se coordina la evaluación de daños y análisis de necesidades",REPORTE_DE_EVENTOS_POR_DESASTRES_NATURALES_Y_ANTRÓPICOS_(Histórico)_20260415.csv,EVT00945,2024-06-08,ATENDIDO,2024-06-08,INUNDACIONES,FUERTES LLUVIAS,CMGRD DE MATANZA,CDMB,MATANZA,URBANO,BARRIO EL CENTRO,20.0,0.0,20.0,0,0.0,0.0,0.0,0.0,,,,0.0,0.0,0.0,2024-06-08,,,"El CMGRD reporta fuertes lluvias y colapso de alcantarillados en la zona centro del municipio, 20 viviendas afectadas en muebles y enceres, se coordina la evaluación de daños y análisis de necesidades",2024-06-01,0.0,20.0,0.0,True,Responded to,Floods,Heavy rainfall,Municipal Disaster Risk Management Council of Matanza,CDMB Environmental Authority,Matanza,Urban,Neighborhood the Centro,Not reported,Not reported,False,,hydrometeorological,Hydrometeorological,Housing damage recorded
2024 Jun 08 12:00:00 AM,ATENDIDO,2024-06-08T00:00:00.000,INUNDACIONES,FUERTES LLUVIAS,CMGRD DE VELEZ,CAS,VELEZ,URBANO,BARRIO RICAURTE,10,0.0,10.0,0,0.0,0.0,0.0,0.0,,,,0.0,0.0,0.0,2024-06-08T00:00:00.000,,,"El CMGRD reporta fuertes lluvias y colapso de alcantarillados en el barrio Ricaurte, varias viviendas afectadas, se adelantan los EDAN.",REPORTE_DE_EVENTOS_POR_DESASTRES_NATURALES_Y_ANTRÓPICOS_(Histórico)_20260415.csv,EVT00946,2024-06-08,ATENDIDO,2024-06-08,INUNDACIONES,FUERTES LLUVIAS,CMGRD DE VELEZ,CAS,VELEZ,URBANO,BARRIO RICAURTE,10.0,0.0,10.0,0,0.0,0.0,0.0,0.0,,,,0.0,0.0,0.0,2024-06-08,,,"El CMGRD reporta fuertes lluvias y colapso de alcantarillados en el barrio Ricaurte, varias viviendas afectadas, se adelantan los EDAN.",2024-06-01,0.0,10.0,0.0,True,Responded to,Floods,Heavy rainfall,Municipal Disaster Risk Management Council of Velez,CAS Environmental Authority,Velez,Urban,Neighborhood Ricaurte,Not reported,Not reported,False,,hydrometeorological,Hydrometeorological,Housing damage recorded
2024 Jun 11 12:00:00 AM,ATENDIDO,2024-06-11T00:00:00.000,INUNDACIONES,CRECIENTE SUBITA,CMGRD DE SABANA DE TORRES,CAS,SABANA DE TORRES,RURAL,VEREDA PROVINCIA Y BARRANCO COLORADO,50,0.0,0.0,0,0.0,0.0,0.0,0.0,,,,0.0,0.0,0.0,2024-06-11T00:00:00.000,,,"El CMGRD reporta fuertes lluvias y la creciente súbita del rio Lebrija causa inundaciones en zonas ganaderas de la vereda Provincia, algunas viviendas y más de 50 familias afectadas, se realiza la evaluación de daños y análisis de necesidades EDAN.",REPORTE_DE_EVENTOS_POR_DESASTRES_NATURALES_Y_ANTRÓPICOS_(Histórico)_20260415.csv,EVT00947,2024-06-11,ATENDIDO,2024-06-11,INUNDACIONES,CRECIENTE SUBITA,CMGRD DE SABANA DE TORRES,CAS,SABANA DE TORRES,RURAL,VEREDA PROVINCIA Y BARRANCO COLORADO,50.0,0.0,0.0,0,0.0,0.0,0.0,0.0,,,,0.0,0.0,0.0,2024-06-11,,,"El CMGRD reporta fuertes lluvias y la creciente súbita del rio Lebrija causa inundaciones en zonas ganaderas de la vereda Provincia, algunas viviendas y más de 50 familias afectadas, se realiza la evaluación de daños y análisis de necesidades EDAN.",2024-06-01,0.0,0.0,0.0,False,Responded to,Floods,Flash flood,Municipal Disaster Risk Management Council of Sabana of Torres,CAS Environmental Authority,Sabana De Torres,Rural,Rural Hamlet Provincia and Barranco Colorado,Not reported,Not reported,False,,hydrometeorological,Hydrometeorological,No quantified impact recorded
2024 Jun 14 12:00:00 AM,ATENDIDO,2024-06-14T00:00:00.000,REMOCION EN MASA,DESLIZAMIENTOS,CMGRD DE CONTRATACION,CAS,CONTRATACION,RURAL,VIA DEPARTAMENTAL HACIA GUADALUPE,0,0.0,0.0,0,1.0,0.0,0.0,0.0,,,,0.0,0.0,0.0,2024-06-14T00:00:00.000,,,"EL CMGRD reportó fuertes lluvias y fenómenos de remoción en masa en 6 puntos en la vía entre Contratación y el municipio de Guadalupe, se coordina el envío de maquinaria amarilla para rehabilitar el paso",REPORTE_DE_EVENTOS_POR_DESASTRES_NATURALES_Y_ANTRÓPICOS_(Histórico)_20260415.csv,EVT00948,2024-06-14,ATENDIDO,2024-06-14,REMOCION EN MASA,DESLIZAMIENTOS,CMGRD DE CONTRATACION,CAS,CONTRATACION,RURAL,VIA DEPARTAMENTAL HACIA GUADALUPE,0.0,0.0,0.0,0,1.0,0.0,0.0,0.0,,,,0.0,0.0,0.0,2024-06-14,,,"EL CMGRD reportó fuertes lluvias y fenómenos de remoción en masa en 6 puntos en la vía entre Contratación y el municipio de Guadalupe, se coordina el envío de maquinaria amarilla para rehabilitar el paso",2024-06-01,0.0,0.0,1.0,True,Responded to,Mass movement,Landslides,Municipal Disaster Risk Management Council of Contratacion,CAS Environmental Authority,Contratacion,Rural,Road Departamental Hacia Guadalupe,Not reported,Not reported,False,,geophysical,Geophysical,Infrastructure damage recorded
2024 Jun 14 12:00:00 AM,ATENDIDO,2024-06-14T00:00:00.000,REMOCION EN MASA,DESLIZAMIENTOS,CMGRD DE SUAITA,CAS,SUAITA,RURAL,VIA HACIA EL MUNICIPIO DE SAN BENITO,0,0.0,0.0,0,1.0,0.0,0.0,0.0,,,,0.0,0.0,0.0,2024-06-14T00:00:00.000,,,"EL CMGRD reportó fuertes lluvias y fenómenos de remoción en masa la vía Suaita - San Benito también presenta afectaciones por deslizamientos entre el Ramal y Puente Lata, se coordina maquinaria amarilla",REPORTE_DE_EVENTOS_POR_DESASTRES_NATURALES_Y_ANTRÓPICOS_(Histórico)_20260415.csv,EVT00949,2024-06-14,ATENDIDO,2024-06-14,REMOCION EN MASA,DESLIZAMIENTOS,CMGRD DE SUAITA,CAS,SUAITA,RURAL,VIA HACIA EL MUNICIPIO DE SAN BENITO,0.0,0.0,0.0,0,1.0,0.0,0.0,0.0,,,,0.0,0.0,0.0,2024-06-14,,,"EL CMGRD reportó fuertes lluvias y fenómenos de remoción en masa la vía Suaita - San Benito también presenta afectaciones por deslizamientos entre el Ramal y Puente Lata, se coordina maquinaria amarilla",2024-06-01,0.0,0.0,1.0,True,Responded to,Mass movement,Landslides,Municipal Disaster Risk Management Council of Suaita,CAS Environmental Authority,Suaita,Rural,Road Hacia the Municipio of San Benito,Not reported,Not reported,False,,geophysical,Geophysical,Infrastructure damage recorded
2024 Jun 17 12:00:00 AM,ATENDIDO,2024-06-17T00:00:00.000,REMOCION EN MASA,DESLIZAMIENTOS,CMGRD DE GUAVATA,CAS,GUAVATA,RURAL,VIAS HACIA LOS MUNICIPIOS DE BOLIVAR Y PUENTE NACIONAL,0,0.0,0.0,0,2.0,0.0,0.0,0.0,,,,0.0,0.0,0.0,2024-06-17T00:00:00.000,,,"El alcalde municipal reporta fuertes lluvias y fenómenos de remoción en masa en las vías entre Guavatá y Bolívar y Guavatá a Puente Nacional, se coordina con el departamento el envío de maquinaria amarilla para la remoción de los deslizamientos",REPORTE_DE_EVENTOS_POR_DESASTRES_NATURALES_Y_ANTRÓPICOS_(Histórico)_20260415.csv,EVT00950,2024-06-17,ATENDIDO,2024-06-17,REMOCION EN MASA,DESLIZAMIENTOS,CMGRD DE GUAVATA,CAS,GUAVATA,RURAL,VIAS HACIA LOS MUNICIPIOS DE BOLIVAR Y PUENTE NACIONAL,0.0,0.0,0.0,0,2.0,0.0,0.0,0.0,,,,0.0,0.0,0.0,2024-06-17,,,"El alcalde municipal reporta fuertes lluvias y fenómenos de remoción en masa en las vías entre Guavatá y Bolívar y Guavatá a Puente Nacional, se coordina con el departamento el envío de maquinaria amarilla para la remoción de los deslizamientos",2024-06-01,0.0,0.0,2.0,True,Responded to,Mass movement,Landslides,Municipal Disaster Risk Management Council of Guavata,CAS Environmental Authority,Guavata,Rural,Vias Hacia Los Municipios of Bolivar and Puente Nacional,Not reported,Not reported,False,,geophysical,Geophysical,Infrastructure damage recorded
2024 Jun 18 12:00:00 AM,ATENDIDO,2024-06-18T00:00:00.000,TORMENTAS ELECTRICAS,FUERTES LLUVIAS,CMGRD DE CIMITARRA,CAS,CIMITARRA,URBANO,SALIDA HACIA BUCARAMANGA,20,0.0,5.0,0,1.0,0.0,0.0,0.0,,,,0.0,0.0,0.0,2024-06-18T00:00:00.000,,,"El CMGRD reporta fuertes lluvias y tormentas eléctricas en el casco urbano de Cimitarra. afectación desbordamiento de la quebrada Agua Fría en la parte alta y salida hacia Bucaramanga Novedad: las fuertes lluvias causaron desbordamiento de la quebrada Agua fría, no hay reporte de afectaciones en vidas. Hoy se realizará la Evaluación de daños y análisis de necesidades.",REPORTE_DE_EVENTOS_POR_DESASTRES_NATURALES_Y_ANTRÓPICOS_(Histórico)_20260415.csv,EVT00951,2024-06-18,ATENDIDO,2024-06-18,TORMENTAS ELECTRICAS,FUERTES LLUVIAS,CMGRD DE CIMITARRA,CAS,CIMITARRA,URBANO,SALIDA HACIA BUCARAMANGA,20.0,0.0,5.0,0,1.0,0.0,0.0,0.0,,,,0.0,0.0,0.0,2024-06-18,,,"El CMGRD reporta fuertes lluvias y tormentas eléctricas en el casco urbano de Cimitarra. afectación desbordamiento de la quebrada Agua Fría en la parte alta y salida hacia Bucaramanga Novedad: las fuertes lluvias causaron desbordamiento de la quebrada Agua fría, no hay reporte de afectaciones en vidas. Hoy se realizará la Evaluación de daños y análisis de necesidades.",2024-06-01,0.0,5.0,1.0,True,Responded to,Thunderstorms,Heavy rainfall,Municipal Disaster Risk Management Council of Cimitarra,CAS Environmental Authority,Cimitarra,Urban,Salida Hacia Bucaramanga,Not reported,Not reported,False,,hydrometeorological,Hydrometeorological,Housing damage recorded
2024 Jun 19 12:00:00 AM,ATENDIDO,2024-06-19T00:00:00.000,REMOCION EN MASA,DESLIZAMIENTOS,CMGRD DE GUAPOTA,CAS,GUAPOTA,RURAL,VIA A LA VEREDA AGUA FRIA,0,0.0,0.0,0,1.0,0.0,0.0,0.0,,,,0.0,0.0,0.0,2024-06-19T00:00:00.000,,,"Enorme derrumbe en la vía de acceso entre la central y el municipio de Guapotá. Sector Vereda Agua Fría. Más de 3000 personas incomunicadas. Estado cierre total Reporta el alcalde municipal, se coordina maquinaria amarilla para remover los escombros.",REPORTE_DE_EVENTOS_POR_DESASTRES_NATURALES_Y_ANTRÓPICOS_(Histórico)_20260415.csv,EVT00952,2024-06-19,ATENDIDO,2024-06-19,REMOCION EN MASA,DESLIZAMIENTOS,CMGRD DE GUAPOTA,CAS,GUAPOTA,RURAL,VIA A LA VEREDA AGUA FRIA,0.0,0.0,0.0,0,1.0,0.0,0.0,0.0,,,,0.0,0.0,0.0,2024-06-19,,,"Enorme derrumbe en la vía de acceso entre la central y el municipio de Guapotá. Sector Vereda Agua Fría. Más de 3000 personas incomunicadas. Estado cierre total Reporta el alcalde municipal, se coordina maquinaria amarilla para remover los escombros.",2024-06-01,0.0,0.0,1.0,True,Responded to,Mass movement,Landslides,Municipal Disaster Risk Management Council of Guapota,CAS Environmental Authority,Guapota,Rural,Road A the Rural Hamlet Agua Fria,Not reported,Not reported,False,,geophysical,Geophysical,Infrastructure damage recorded
2024 Jun 19 12:00:00 AM,ATENDIDO,2024-06-19T00:00:00.000,DESLIZAMIENTOS,CRECIENTE SUBITA,CMGRD DE CABRERA,CAS,CABRERA,RURAL,VIA DEPARTAMENTAL SOCORRO - ZAPATOCA,0,0.0,0.0,0,1.0,0.0,0.0,0.0,,,,0.0,0.0,0.0,2024-06-19T00:00:00.000,,,"La avenida torrencial de la semana pasada causada por la quebrada la Wiotoca, causó desvío del rio Suarez que está socavando la vía entre el Socorro, Cabrera, Hato, Galán y Zapatoca en el sector Gomez Niño, CIERRE TOTAL, se adelantan trabajos con  maquinaria amarila del departameento",REPORTE_DE_EVENTOS_POR_DESASTRES_NATURALES_Y_ANTRÓPICOS_(Histórico)_20260415.csv,EVT00953,2024-06-19,ATENDIDO,2024-06-19,DESLIZAMIENTOS,CRECIENTE SUBITA,CMGRD DE CABRERA,CAS,CABRERA,RURAL,VIA DEPARTAMENTAL SOCORRO - ZAPATOCA,0.0,0.0,0.0,0,1.0,0.0,0.0,0.0,,,,0.0,0.0,0.0,2024-06-19,,,"La avenida torrencial de la semana pasada causada por la quebrada la Wiotoca, causó desvío del rio Suarez que está socavando la vía entre el Socorro, Cabrera, Hato, Galán y Zapatoca en el sector Gomez Niño, CIERRE TOTAL, se adelantan trabajos con maquinaria amarila del departameento",2024-06-01,0.0,0.0,1.0,True,Responded to,Landslides,Flash flood,Municipal Disaster Risk Management Council of Cabrera,CAS Environmental Authority,Cabrera,Rural,Road Departamental Socorro - Zapatoca,Not reported,Not reported,False,,geophysical,Geophysical,Infrastructure damage recorded
2024 Jun 23 12:00:00 AM,ATENDIDO,2024-06-23T00:00:00.000,REMOCION EN MASA,DESLIZAMIENTOS,CMGRD DE GUADALUPE,CAS,GUADALUPE,RURAL,VIA HACIA EL MUNICIPIO DE SUAITA,0,0.0,0.0,0,1.0,0.0,0.0,0.0,,,,0.0,0.0,0.0,2024-06-23T00:00:00.000,,,"El alcalde municipal reporta cierre total de la via hacia el muniipio de Suaita por deslizamientos en el talud superior, se coordina traslado de maquinaria amarilla para la recuperación de las zonas afectadas",REPORTE_DE_EVENTOS_POR_DESASTRES_NATURALES_Y_ANTRÓPICOS_(Histórico)_20260415.csv,EVT00954,2024-06-23,ATENDIDO,2024-06-23,REMOCION EN MASA,DESLIZAMIENTOS,CMGRD DE GUADALUPE,CAS,GUADALUPE,RURAL,VIA HACIA EL MUNICIPIO DE SUAITA,0.0,0.0,0.0,0,1.0,0.0,0.0,0.0,,,,0.0,0.0,0.0,2024-06-23,,,"El alcalde municipal reporta cierre total de la via hacia el muniipio de Suaita por deslizamientos en el talud superior, se coordina traslado de maquinaria amarilla para la recuperación de las zonas afectadas",2024-06-01,0.0,0.0,1.0,True,Responded to,Mass movement,Landslides,Municipal Disaster Risk Management Council of Guadalupe,CAS Environmental Authority,Guadalupe,Rural,Road Hacia the Municipio of Suaita,Not reported,Not reported,False,,geophysical,Geophysical,Infrastructure damage recorded
2024 Jun 29 12:00:00 AM,ATENDIDO,2024-06-29T00:00:00.000,TORMENTAS ELECTRICAS,FUERTES LLUVIAS,CMGRD DE SAN VICENTE DE CHUCURI,CAS,SAN VICENTE,RURAL,"VEREDAS YARIMA, LLANA FRIA, POZO NUTRIA",30,0.0,0.0,0,6.0,1.0,0.0,0.0,,,,0.0,0.0,0.0,2024-06-29T00:00:00.000,,,"El CMGRD reporta Las fuertes lluvias causaron creciente de las quebradas Las Cruces, Canta Ranas, rio Chucurí y rio Oponcito. • Cierre de la vía hacia Bucaramanga por deslizamientos y 6 vías veredales afectadas, Perdida de ganado vacuno más de 30 reces, perdida de cultivos de cacao, aguacate, yuca, plátano, cítricos (limón, mandarina, naranja). Se adelanta la caracterización de familias afectadas, evaluación de pérdidas y daños y la recuperación de las vías por maquinaria del departamento y el municipio con apoyo de los bomberos voluntarios y la defensa civil.",REPORTE_DE_EVENTOS_POR_DESASTRES_NATURALES_Y_ANTRÓPICOS_(Histórico)_20260415.csv,EVT00955,2024-06-29,ATENDIDO,2024-06-29,TORMENTAS ELECTRICAS,FUERTES LLUVIAS,CMGRD DE SAN VICENTE DE CHUCURI,CAS,SAN VICENTE,RURAL,"VEREDAS YARIMA, LLANA FRIA, POZO NUTRIA",30.0,0.0,0.0,0,6.0,1.0,0.0,0.0,,,,0.0,0.0,0.0,2024-06-29,,,"El CMGRD reporta Las fuertes lluvias causaron creciente de las quebradas Las Cruces, Canta Ranas, rio Chucurí y rio Oponcito. • Cierre de la vía hacia Bucaramanga por deslizamientos y 6 vías veredales afectadas, Perdida de ganado vacuno más de 30 reces, perdida de cultivos de cacao, aguacate, yuca, plátano, cítricos (limón, mandarina, naranja). Se adelanta la caracterización de familias afectadas, evaluación de pérdidas y daños y la recuperación de las vías por maquinaria del departamento y el municipio con apoyo de los bomberos voluntarios y la defensa civil.",2024-06-01,0.0,0.0,7.0,True,Responded to,Thunderstorms,Heavy rainfall,Municipal Disaster Risk Management Council of San Vicente of Chucuri,CAS Environmental Authority,San Vicente,Rural,"Veredas Yarima, Llana Fria, Pozo Nutria",Not reported,Not reported,False,,hydrometeorological,Hydrometeorological,Infrastructure damage recorded
2024 Jun 29 12:00:00 AM,ATENDIDO,2024-06-29T00:00:00.000,TORMENTAS ELECTRICAS,FUERTES LLUVIAS,CMGRD DE CIMITARRA,CAS,CIMITARRA,RURAL,CORREGIMIENTO PUERTO ARAUJO Y VEREDA EL SAN JUAN,400,0.0,100.0,0,2.0,0.0,0.0,0.0,,,,0.0,0.0,0.0,2024-06-29T00:00:00.000,,,"El CMGRD reporta Las fuertes lluvias causaron creciente de los ríos Carare y Guayabito. * cierre de la vía troncal del Carare sector San Marino por deslizamientos y desbordamiento de una cañada, 350 viviendas del corregimiento Puerto Araujo afectadas por desbordamiento del rio Carare. 1 viviendas del centro poblado San Juan de la Carretera afectadas por desbordamiento de una cañada. Se adelanta la caracterización de familias afectadas, evaluación de pérdidas y daños por el Consejo Municipal de Gestión del Riesgo de Desastres de Cimitarra",REPORTE_DE_EVENTOS_POR_DESASTRES_NATURALES_Y_ANTRÓPICOS_(Histórico)_20260415.csv,EVT00956,2024-06-29,ATENDIDO,2024-06-29,TORMENTAS ELECTRICAS,FUERTES LLUVIAS,CMGRD DE CIMITARRA,CAS,CIMITARRA,RURAL,CORREGIMIENTO PUERTO ARAUJO Y VEREDA EL SAN JUAN,400.0,0.0,100.0,0,2.0,0.0,0.0,0.0,,,,0.0,0.0,0.0,2024-06-29,,,"El CMGRD reporta Las fuertes lluvias causaron creciente de los ríos Carare y Guayabito. * cierre de la vía troncal del Carare sector San Marino por deslizamientos y desbordamiento de una cañada, 350 viviendas del corregimiento Puerto Araujo afectadas por desbordamiento del rio Carare. 1 viviendas del centro poblado San Juan de la Carretera afectadas por desbordamiento de una cañada. Se adelanta la caracterización de familias afectadas, evaluación de pérdidas y daños por el Consejo Municipal de Gestión del Riesgo de Desastres de Cimitarra",2024-06-01,0.0,100.0,2.0,True,Responded to,Thunderstorms,Heavy rainfall,Municipal Disaster Risk Management Council of Cimitarra,CAS Environmental Authority,Cimitarra,Rural,Township Puerto Araujo and Rural Hamlet the San Juan,Not reported,Not reported,False,,hydrometeorological,Hydrometeorological,Housing damage recorded
2024 Jun 30 12:00:00 AM,ATENDIDO,2024-06-30T00:00:00.000,CRECIENTE SUBITA,FUERTES LLUVIAS,CMGRD DE SURATA,CDMB,SURATA,RURAL,VIA AL CORREGIMIENTO CACHIRI,0,0.0,0.0,0,1.0,0.0,0.0,0.0,,,,0.0,0.0,0.0,2024-06-30T00:00:00.000,,,"EL CMGRD reporta Las fuertes lluvias causaron creciente de la quebrada Cartagua, Afectación e un puente peatonal y cierre de la vía. Se coordinó maquinaria del municipio de Suratá para rehabilitar el paso y se mantiene monitoreo permanente por bomberos y defensa civil de Suratá",REPORTE_DE_EVENTOS_POR_DESASTRES_NATURALES_Y_ANTRÓPICOS_(Histórico)_20260415.csv,EVT00957,2024-06-30,ATENDIDO,2024-06-30,CRECIENTE SUBITA,FUERTES LLUVIAS,CMGRD DE SURATA,CDMB,SURATA,RURAL,VIA AL CORREGIMIENTO CACHIRI,0.0,0.0,0.0,0,1.0,0.0,0.0,0.0,,,,0.0,0.0,0.0,2024-06-30,,,"EL CMGRD reporta Las fuertes lluvias causaron creciente de la quebrada Cartagua, Afectación e un puente peatonal y cierre de la vía. Se coordinó maquinaria del municipio de Suratá para rehabilitar el paso y se mantiene monitoreo permanente por bomberos y defensa civil de Suratá",2024-06-01,0.0,0.0,1.0,True,Responded to,Flash flood,Heavy rainfall,Municipal Disaster Risk Management Council of Surata,CDMB Environmental Authority,Surata,Rural,Road Al Township Cachiri,Not reported,Not reported,False,,hydrometeorological,Hydrometeorological,Infrastructure damage recorded
2024 Jul 06 12:00:00 AM,ATENDIDO,2024-07-06T00:00:00.000,INUNDACIONES,CRECIENTE SUBITA,CMGRD DE RIONEGRO,CDMB,RIONEGRO,RURAL,CORREGIMIENTO SAN RAFAEL DE LEBRIJA,20,0.0,1.0,0,1.0,0.0,0.0,30.0,,,,0.0,0.0,0.0,2024-07-06T00:00:00.000,,,"El CMGRD reporta desbordamiento de la quebrada Payandé, afluente del rio Cachira en el corregimiento San Rafael de Lebrija, 20 familias se evacuaron por prevención a casa de familiares. Afectación de cultivos de palma de aceite y la vía panamericana presento cierres intermitentes, se apoya con bomberos de Rionegro y Sabana de Torres y policía nacional",REPORTE_DE_EVENTOS_POR_DESASTRES_NATURALES_Y_ANTRÓPICOS_(Histórico)_20260415.csv,EVT00958,2024-07-06,ATENDIDO,2024-07-06,INUNDACIONES,CRECIENTE SUBITA,CMGRD DE RIONEGRO,CDMB,RIONEGRO,RURAL,CORREGIMIENTO SAN RAFAEL DE LEBRIJA,20.0,0.0,1.0,0,1.0,0.0,0.0,30.0,,,,0.0,0.0,0.0,2024-07-06,,,"El CMGRD reporta desbordamiento de la quebrada Payandé, afluente del rio Cachira en el corregimiento San Rafael de Lebrija, 20 familias se evacuaron por prevención a casa de familiares. Afectación de cultivos de palma de aceite y la vía panamericana presento cierres intermitentes, se apoya con bomberos de Rionegro y Sabana de Torres y policía nacional",2024-07-01,0.0,1.0,1.0,True,Responded to,Floods,Flash flood,Municipal Disaster Risk Management Council of Rionegro,CDMB Environmental Authority,Rionegro,Rural,Township San Rafael of Lebrija,Not reported,Not reported,False,,hydrometeorological,Hydrometeorological,Housing damage recorded
2024 Jul 07 12:00:00 AM,ATENDIDO,2024-07-07T00:00:00.000,REMOCION EN MASA,FUERTES LLUVIAS,CMGRD DE CHIPATA,CAS,CHIPATA,RURAL,VIA PRINCIPAL HACIA VELEZ KM. 4,2,2.0,0.0,0,1.0,0.0,0.0,0.0,,,,0.0,0.0,0.0,2024-07-07T00:00:00.000,,,"El CMGRD reporta fuetes lluvias y deslizamientos en la vía hacia Vélez en el km 4, 2 familias evacuadas, se coordina maquinaria amarilla del departamento para la remoción de los deslizamientos.",REPORTE_DE_EVENTOS_POR_DESASTRES_NATURALES_Y_ANTRÓPICOS_(Histórico)_20260415.csv,EVT00959,2024-07-07,ATENDIDO,2024-07-07,REMOCION EN MASA,FUERTES LLUVIAS,CMGRD DE CHIPATA,CAS,CHIPATA,RURAL,VIA PRINCIPAL HACIA VELEZ KM. 4,2.0,2.0,0.0,0,1.0,0.0,0.0,0.0,,,,0.0,0.0,0.0,2024-07-07,,,"El CMGRD reporta fuetes lluvias y deslizamientos en la vía hacia Vélez en el km 4, 2 familias evacuadas, se coordina maquinaria amarilla del departamento para la remoción de los deslizamientos.",2024-07-01,0.0,2.0,1.0,True,Responded to,Mass movement,Heavy rainfall,Municipal Disaster Risk Management Council of Chipata,CAS Environmental Authority,Chipata,Rural,Road Principal Hacia Velez Km 4,Not reported,Not reported,False,,geophysical,Geophysical,Housing damage recorded
2024 Jul 07 12:00:00 AM,ATENDIDO,2024-07-07T00:00:00.000,REMOCION EN MASA,DESLIZAMIENTOS,CMGRD DEL GUACAMAYO,CAS,EL GUACAMAYO,RURAL,VIA AL CORREGIMIENTO SANTA RITA,0,0.0,0.0,0,1.0,0.0,0.0,0.0,,,,0.0,0.0,0.0,2024-07-07T00:00:00.000,,,"El CMGRD reporta fuetes lluvias y deslizamientos en la vía hacia el corregimiento Santa Rita, se coordina maquinaria amarilla del departamento para atender los deslizamientos",REPORTE_DE_EVENTOS_POR_DESASTRES_NATURALES_Y_ANTRÓPICOS_(Histórico)_20260415.csv,EVT00960,2024-07-07,ATENDIDO,2024-07-07,REMOCION EN MASA,DESLIZAMIENTOS,CMGRD DEL GUACAMAYO,CAS,EL GUACAMAYO,RURAL,VIA AL CORREGIMIENTO SANTA RITA,0.0,0.0,0.0,0,1.0,0.0,0.0,0.0,,,,0.0,0.0,0.0,2024-07-07,,,"El CMGRD reporta fuetes lluvias y deslizamientos en la vía hacia el corregimiento Santa Rita, se coordina maquinaria amarilla del departamento para atender los deslizamientos",2024-07-01,0.0,0.0,1.0,True,Responded to,Mass movement,Landslides,Municipal Disaster Risk Management Council of the Guacamayo,CAS Environmental Authority,El Guacamayo,Rural,Road Al Township Santa Rita,Not reported,Not reported,False,,geophysical,Geophysical,Infrastructure damage recorded
2024 Jul 08 12:00:00 AM,ATENDIDO,2024-07-08T00:00:00.000,TORMENTAS ELECTRICAS,FUERTES LLUVIAS,CMGRD DE SUCRE,CAS,SUCRE,URBANO,SECTOR CASCO URBANO SUCRE,6,0.0,6.0,0,0.0,0.0,0.0,0.0,,,,0.0,0.0,0.0,2024-07-08T00:00:00.000,,,"El CMGRD reporta fuetes lluvias y tormentas eléctricas y deslizamientos en la vía hacia Jesús María, se realiza la evaluación de daños y análisis de necesidades.",REPORTE_DE_EVENTOS_POR_DESASTRES_NATURALES_Y_ANTRÓPICOS_(Histórico)_20260415.csv,EVT00961,2024-07-08,ATENDIDO,2024-07-08,TORMENTAS ELECTRICAS,FUERTES LLUVIAS,CMGRD DE SUCRE,CAS,SUCRE,URBANO,SECTOR CASCO URBANO SUCRE,6.0,0.0,6.0,0,0.0,0.0,0.0,0.0,,,,0.0,0.0,0.0,2024-07-08,,,"El CMGRD reporta fuetes lluvias y tormentas eléctricas y deslizamientos en la vía hacia Jesús María, se realiza la evaluación de daños y análisis de necesidades.",2024-07-01,0.0,6.0,0.0,True,Responded to,Thunderstorms,Heavy rainfall,Municipal Disaster Risk Management Council of Sucre,CAS Environmental Authority,Sucre,Urban,Sector Casco Urbano Sucre,Not reported,Not reported,False,,hydrometeorological,Hydrometeorological,Housing damage recorded
2024 Jul 08 12:00:00 AM,ATENDIDO,2024-07-08T00:00:00.000,CRECIENTE SUBITA,FUERTES LLUVIAS,CMGRD DE CONCEPCION,CAS,CONCEPCION,RURAL,VEREDA BARBULA SECTOR EL MORAL,0,0.0,0.0,0,1.0,1.0,0.0,0.0,,,,0.0,0.0,0.0,2024-07-08T00:00:00.000,,,"EL CMGRD reporta creciente súbita de la quebrada Bárbula, afectación de un puente vehicular que comunica con el municipio de Carcasí en el sector Jurado.",REPORTE_DE_EVENTOS_POR_DESASTRES_NATURALES_Y_ANTRÓPICOS_(Histórico)_20260415.csv,EVT00962,2024-07-08,ATENDIDO,2024-07-08,CRECIENTE SUBITA,FUERTES LLUVIAS,CMGRD DE CONCEPCION,CAS,CONCEPCION,RURAL,VEREDA BARBULA SECTOR EL MORAL,0.0,0.0,0.0,0,1.0,1.0,0.0,0.0,,,,0.0,0.0,0.0,2024-07-08,,,"EL CMGRD reporta creciente súbita de la quebrada Bárbula, afectación de un puente vehicular que comunica con el municipio de Carcasí en el sector Jurado.",2024-07-01,0.0,0.0,2.0,True,Responded to,Flash flood,Heavy rainfall,Municipal Disaster Risk Management Council of Concepcion,CAS Environmental Authority,Concepcion,Rural,Rural Hamlet Barbula Sector the Moral,Not reported,Not reported,False,,hydrometeorological,Hydrometeorological,Infrastructure damage recorded
2024 Jul 19 12:00:00 AM,ATENDIDO,2024-07-19T00:00:00.000,TORMENTAS ELECTRICAS,FUERTES LLUVIAS,CMGRD SABANA DE TORRES,CAS,SABANA DE TORRES,RURAL,SECTOR EL PINO Y VEREDA LLANO GRANDE,1,0.0,1.0,0,1.0,0.0,1.0,0.0,,,,0.0,0.0,1.0,2024-07-19T00:00:00.000,,,"EL CMGRD reporta fuertes lluvias y tormentas electricas acompañadas de fuertes vientos, afectaciones en techos de la escuela Llano Grande donde estudian 55 niño, ademas de la caida de arboles en la via hacia el Pino, atienden bomberos de Sabana de Torres, lamentablemente en la respuesta a la emergencia pierde la vida el bombero Carlos Andres Pinzon Bolivar, al tratar de retirar las ramas.",REPORTE_DE_EVENTOS_POR_DESASTRES_NATURALES_Y_ANTRÓPICOS_(Histórico)_20260415.csv,EVT00963,2024-07-19,ATENDIDO,2024-07-19,TORMENTAS ELECTRICAS,FUERTES LLUVIAS,CMGRD SABANA DE TORRES,CAS,SABANA DE TORRES,RURAL,SECTOR EL PINO Y VEREDA LLANO GRANDE,1.0,0.0,1.0,0,1.0,0.0,1.0,0.0,,,,0.0,0.0,1.0,2024-07-19,,,"EL CMGRD reporta fuertes lluvias y tormentas electricas acompañadas de fuertes vientos, afectaciones en techos de la escuela Llano Grande donde estudian 55 niño, ademas de la caida de arboles en la via hacia el Pino, atienden bomberos de Sabana de Torres, lamentablemente en la respuesta a la emergencia pierde la vida el bombero Carlos Andres Pinzon Bolivar, al tratar de retirar las ramas.",2024-07-01,1.0,1.0,2.0,True,Responded to,Thunderstorms,Heavy rainfall,Municipal Disaster Risk Management Council Sabana of Torres,CAS Environmental Authority,Sabana De Torres,Rural,Sector the Pino and Rural Hamlet Llano Grande,Not reported,Not reported,False,,hydrometeorological,Hydrometeorological,Human impact recorded
2024 Jul 21 12:00:00 AM,ATENDIDO,2024-07-20T00:00:00.000,INCENDIO FORESTAL,INDETERMINADO,CMGRD DE BETULIA,CAS,BETULIA,RURAL,VEREDA LA UNION,0,0.0,0.0,0,0.0,0.0,0.0,25.0,,,,0.0,0.0,0.0,2024-07-21T00:00:00.000,,,"El CMGRD reportó la atención de un incendio forestal en la vereda la Unión atendido por el cuerpo de bomberos voluntarios de Betulia, apoyo de los bomberos de Zapatoca y la comunidad, afectación de 25 hectáreas de vegetación nativa y pastizales",REPORTE_DE_EVENTOS_POR_DESASTRES_NATURALES_Y_ANTRÓPICOS_(Histórico)_20260415.csv,EVT00964,2024-07-21,ATENDIDO,2024-07-20,INCENDIO FORESTAL,INDETERMINADO,CMGRD DE BETULIA,CAS,BETULIA,RURAL,VEREDA LA UNION,0.0,0.0,0.0,0,0.0,0.0,0.0,25.0,,,,0.0,0.0,0.0,2024-07-21,,,"El CMGRD reportó la atención de un incendio forestal en la vereda la Unión atendido por el cuerpo de bomberos voluntarios de Betulia, apoyo de los bomberos de Zapatoca y la comunidad, afectación de 25 hectáreas de vegetación nativa y pastizales",2024-07-01,0.0,0.0,0.0,True,Responded to,Forest fire,Undetermined,Municipal Disaster Risk Management Council of Betulia,CAS Environmental Authority,Betulia,Rural,Rural Hamlet the Union,Not reported,Not reported,False,,other,Other or unclassified,Agricultural or land impact recorded
2024 Jul 21 12:00:00 AM,ATENDIDO,2024-07-21T00:00:00.000,TORMENTAS ELECTRICAS,FUERTES LLUVIAS,CMGRD DE CHARALA,CAS,CHARALA,URBANO,TODA LA JURISDICCION,4,0.0,4.0,0,0.0,0.0,0.0,0.0,,,,0.0,0.0,0.0,2024-07-21T00:00:00.000,,,"El CMGRD reporta fuertes lluvias y tormentas eléctricas sobre el casco urbano del municipio que causaron colapso del alcantarillado y afectación en varias viviendas, se adelantan los EDAN",REPORTE_DE_EVENTOS_POR_DESASTRES_NATURALES_Y_ANTRÓPICOS_(Histórico)_20260415.csv,EVT00965,2024-07-21,ATENDIDO,2024-07-21,TORMENTAS ELECTRICAS,FUERTES LLUVIAS,CMGRD DE CHARALA,CAS,CHARALA,URBANO,TODA LA JURISDICCION,4.0,0.0,4.0,0,0.0,0.0,0.0,0.0,,,,0.0,0.0,0.0,2024-07-21,,,"El CMGRD reporta fuertes lluvias y tormentas eléctricas sobre el casco urbano del municipio que causaron colapso del alcantarillado y afectación en varias viviendas, se adelantan los EDAN",2024-07-01,0.0,4.0,0.0,True,Responded to,Thunderstorms,Heavy rainfall,Municipal Disaster Risk Management Council of Charala,CAS Environmental Authority,Charala,Urban,Entire jurisdiction,Not reported,Not reported,False,,hydrometeorological,Hydrometeorological,Housing damage recorded
2024 Jul 26 12:00:00 AM,ATENDIDO,2024-07-26T00:00:00.000,TORMENTAS ELECTRICAS,FUERTES LLUVIAS,CMGRD DE BUCARAMANGA,CDMB,BUCARAMANGA,URBANO,"CALLE 45, SECTOR EL PALENQUE",10,0.0,10.0,0,0.0,0.0,0.0,0.0,,,,0.0,0.0,0.0,2024-07-26T00:00:00.000,,,"El CMGRD reporta que las fuertes lluvias causaron colapso de alcantarillados e inundaciones en varios sectores como la calle 45 con avenida González Valencia, vía Chimitá al Palenque y creciente de la quebrada Chimitá y rio de Oro, 10 viviendas afectadas principalmente en los asentamientos Puente Nariño, el Túnel y la Playita.",REPORTE_DE_EVENTOS_POR_DESASTRES_NATURALES_Y_ANTRÓPICOS_(Histórico)_20260415.csv,EVT00966,2024-07-26,ATENDIDO,2024-07-26,TORMENTAS ELECTRICAS,FUERTES LLUVIAS,CMGRD DE BUCARAMANGA,CDMB,BUCARAMANGA,URBANO,"CALLE 45, SECTOR EL PALENQUE",10.0,0.0,10.0,0,0.0,0.0,0.0,0.0,,,,0.0,0.0,0.0,2024-07-26,,,"El CMGRD reporta que las fuertes lluvias causaron colapso de alcantarillados e inundaciones en varios sectores como la calle 45 con avenida González Valencia, vía Chimitá al Palenque y creciente de la quebrada Chimitá y rio de Oro, 10 viviendas afectadas principalmente en los asentamientos Puente Nariño, el Túnel y la Playita.",2024-07-01,0.0,10.0,0.0,True,Responded to,Thunderstorms,Heavy rainfall,Municipal Disaster Risk Management Council of Bucaramanga,CDMB Environmental Authority,Bucaramanga,Urban,Calle 45 Sector the Palenque,Not reported,Not reported,False,,hydrometeorological,Hydrometeorological,Housing damage recorded
2024 Jul 26 12:00:00 AM,ATENDIDO,2024-07-26T00:00:00.000,TORMENTAS ELECTRICAS,FUERTES LLUVIAS,CMGRD DE GIRON,CDMB,GIRON,URBANO,ASENTAMIENTOS CONVIVIR Y ALTOS DE ANDINA,12,0.0,12.0,0,0.0,0.0,0.0,0.0,,,,0.0,0.0,0.0,2024-07-26T00:00:00.000,,,"El CMGRD reporta. Las lluvias del día 26 de julio causaron creciente súbita del rio de Oro que afectó 12 viviendas de los asentamientos Convivir y Altos de Andina, se adelanta la evaluación de daños y análisis de necesidades.",REPORTE_DE_EVENTOS_POR_DESASTRES_NATURALES_Y_ANTRÓPICOS_(Histórico)_20260415.csv,EVT00967,2024-07-26,ATENDIDO,2024-07-26,TORMENTAS ELECTRICAS,FUERTES LLUVIAS,CMGRD DE GIRON,CDMB,GIRON,URBANO,ASENTAMIENTOS CONVIVIR Y ALTOS DE ANDINA,12.0,0.0,12.0,0,0.0,0.0,0.0,0.0,,,,0.0,0.0,0.0,2024-07-26,,,"El CMGRD reporta. Las lluvias del día 26 de julio causaron creciente súbita del rio de Oro que afectó 12 viviendas de los asentamientos Convivir y Altos de Andina, se adelanta la evaluación de daños y análisis de necesidades.",2024-07-01,0.0,12.0,0.0,True,Responded to,Thunderstorms,Heavy rainfall,Municipal Disaster Risk Management Council of Giron,CDMB Environmental Authority,Giron,Urban,Asentamientos Convivir and Altos of Andina,Not reported,Not reported,False,,hydrometeorological,Hydrometeorological,Housing damage recorded
2024 Jul 29 12:00:00 AM,ATENDIDO,2024-07-29T00:00:00.000,CRECIENTE SUBITA,FUERTES LLUVIAS,CMGRD SANTA BARBARA,CAS,SANTA BARBARA,RURAL,VEREDA LA SALINA,0,0.0,0.0,0,1.0,0.0,0.0,0.0,,,,0.0,0.0,0.0,2024-07-29T00:00:00.000,,,"El CMGRD reporta que las fuertes lluvias causaron crecientes de las quebradas el Canelo y la Salina en jurisdicción de Santa Barbara, cierre de la vía Los Curos-Málaga en el sector el Canelo a la hora. El INVIAS a través de la empresa ruta 066 realiza la remoción de los escombros",REPORTE_DE_EVENTOS_POR_DESASTRES_NATURALES_Y_ANTRÓPICOS_(Histórico)_20260415.csv,EVT00968,2024-07-29,ATENDIDO,2024-07-29,CRECIENTE SUBITA,FUERTES LLUVIAS,CMGRD SANTA BARBARA,CAS,SANTA BARBARA,RURAL,VEREDA LA SALINA,0.0,0.0,0.0,0,1.0,0.0,0.0,0.0,,,,0.0,0.0,0.0,2024-07-29,,,"El CMGRD reporta que las fuertes lluvias causaron crecientes de las quebradas el Canelo y la Salina en jurisdicción de Santa Barbara, cierre de la vía Los Curos-Málaga en el sector el Canelo a la hora. El INVIAS a través de la empresa ruta 066 realiza la remoción de los escombros",2024-07-01,0.0,0.0,1.0,True,Responded to,Flash flood,Heavy rainfall,Municipal Disaster Risk Management Council Santa Barbara,CAS Environmental Authority,Santa Barbara,Rural,Rural Hamlet the Salina,Not reported,Not reported,False,,hydrometeorological,Hydrometeorological,Infrastructure damage recorded
2024 Jul 29 12:00:00 AM,ATENDIDO,2024-07-29T00:00:00.000,GRANIZADA,FUERTES LLUVIAS,CMGRD DE CHARTA,CAS,CHARTA,RURAL,VEREDA EL PERICO,0,0.0,0.0,0,1.0,0.0,0.0,0.0,,,,0.0,0.0,0.0,2024-07-29T00:00:00.000,,,"El CMGRD reporta. fuertes y Granizada en la vereda el perico y cerca al casco urbano, hoy se realizará la evaluación de daños y análisis de necesidades, se reporta afectación en cultivos de mora, tomate, frijol y maíz y kla via hacia la vereda",REPORTE_DE_EVENTOS_POR_DESASTRES_NATURALES_Y_ANTRÓPICOS_(Histórico)_20260415.csv,EVT00969,2024-07-29,ATENDIDO,2024-07-29,GRANIZADA,FUERTES LLUVIAS,CMGRD DE CHARTA,CAS,CHARTA,RURAL,VEREDA EL PERICO,0.0,0.0,0.0,0,1.0,0.0,0.0,0.0,,,,0.0,0.0,0.0,2024-07-29,,,"El CMGRD reporta. fuertes y Granizada en la vereda el perico y cerca al casco urbano, hoy se realizará la evaluación de daños y análisis de necesidades, se reporta afectación en cultivos de mora, tomate, frijol y maíz y kla via hacia la vereda",2024-07-01,0.0,0.0,1.0,True,Responded to,Hailstorm,Heavy rainfall,Municipal Disaster Risk Management Council of Charta,CAS Environmental Authority,Charta,Rural,Rural Hamlet the Perico,Not reported,Not reported,False,,hydrometeorological,Hydrometeorological,Infrastructure damage recorded
2024 Jul 30 12:00:00 AM,ATENDIDO,2024-07-30T00:00:00.000,TORMENTAS ELECTRICAS,FUERTES LLUVIAS,CMGRD DE PUERTO WILCHES,CAS,PUERTO WILCHES,URBANO,"CASCO URBANO BARRIOS BELLAVISTA, EL ELDA, 7 DE ABRIL",280,0.0,280.0,0,0.0,0.0,1.0,0.0,,,,0.0,0.0,0.0,2024-07-30T00:00:00.000,,,"EL CMGRD reporta En el casco urbano del municipio de Puerto Wilches debido a las fuertes lluvias, tormentas eléctricas y fuertes vientos  presentadas el día de hoy, se identificaron  afectaciones en los barrios, 7 de abril, Bellavista, La Elda y Barrio Díaz, A la hora se reportan más de 280 viviendas con pérdida de techos de zinc y eternit, caída de árboles y cuerdas de energía eléctrica, de igual manera, se presentan daños en establecimientos públicos afectados (una escuela) en sus cubiertas. No se reporta pérdida de vidas humanas ni heridos. Se adelanta la evaluación de daños y análisis de necesidades",REPORTE_DE_EVENTOS_POR_DESASTRES_NATURALES_Y_ANTRÓPICOS_(Histórico)_20260415.csv,EVT00970,2024-07-30,ATENDIDO,2024-07-30,TORMENTAS ELECTRICAS,FUERTES LLUVIAS,CMGRD DE PUERTO WILCHES,CAS,PUERTO WILCHES,URBANO,"CASCO URBANO BARRIOS BELLAVISTA, EL ELDA, 7 DE ABRIL",280.0,0.0,280.0,0,0.0,0.0,1.0,0.0,,,,0.0,0.0,0.0,2024-07-30,,,"EL CMGRD reporta En el casco urbano del municipio de Puerto Wilches debido a las fuertes lluvias, tormentas eléctricas y fuertes vientos presentadas el día de hoy, se identificaron afectaciones en los barrios, 7 de abril, Bellavista, La Elda y Barrio Díaz, A la hora se reportan más de 280 viviendas con pérdida de techos de zinc y eternit, caída de árboles y cuerdas de energía eléctrica, de igual manera, se presentan daños en establecimientos públicos afectados (una escuela) en sus cubiertas. No se reporta pérdida de vidas humanas ni heridos. Se adelanta la evaluación de daños y análisis de necesidades",2024-07-01,0.0,280.0,1.0,True,Responded to,Thunderstorms,Heavy rainfall,Municipal Disaster Risk Management Council of Puerto Wilches,CAS Environmental Authority,Puerto Wilches,Urban,Casco Urbano Barrios Bellavista the Elda 7 of Abril,Not reported,Not reported,False,,hydrometeorological,Hydrometeorological,Housing damage recorded
